Rank,TeamId,TeamName,LastSubmissionDate,Score,SubmissionCount,TeamMemberUserNames,Scrape_Time_UTC
1,16622198,THUNDER THUNDER,2026-08-09 14:11:19,3191.0,2,thunderthunder,2026-08-10 21:02:53
2,16661039,Abracadabra,2026-08-09 23:59:54,3162.6,2,giovannicr,2026-08-10 21:02:53
3,16696098,Valmorlee,2026-08-10 15:43:42,3158.5,2,valmorlee,2026-08-10 21:02:53
4,16670569,Ezzzzzekki,2026-08-10 16:15:22,3129.4,2,abdullahelzeki,2026-08-10 21:02:53
5,16669926,Jince,2026-08-09 22:40:25,3124.6,2,jincesaju,2026-08-10 21:02:53
6,16697767,Teddy Tennant,2026-08-10 16:03:23,3100.1,2,thtennant,2026-08-10 21:02:53
7,16654381,Dmitry Belan,2026-08-10 05:51:22,3089.3,2,dimong4,2026-08-10 21:02:53
8,16668721,Efe Can Celiksoy,2026-08-10 09:03:15,3085.6,2,efecnc,2026-08-10 21:02:53
9,16674949,Lev Neganov,2026-08-10 04:30:58,3084.8,2,levoel,2026-08-10 21:02:53
10,16627032,Kaito Fukami,2026-08-10 17:56:14,3084.6,2,kaitofukami,2026-08-10 21:02:53
11,16665596,chunhu666,2026-08-10 03:41:46,3082.7,2,chunhu666,2026-08-10 21:02:53
12,16654881,Freddy,2026-08-10 11:49:47,3071.5,2,twoxding,2026-08-10 21:02:53
13,16672202,HealthStone,2026-08-10 07:11:28,3070.2,2,healthstone,2026-08-10 21:02:53
14,16623451,Ueddy,2026-08-10 13:27:32,3068.2,2,ku0807,2026-08-10 21:02:53
15,16673230,saitamad,2026-08-10 05:39:45,3067.7,2,saitamad,2026-08-10 21:02:53
16,16641169,boatlee,2026-08-10 11:36:00,3064.9,2,boatlee,2026-08-10 21:02:53
17,16623608,Dmitry Larko,2026-08-10 16:54:56,3060.4,2,dmitrylarko,2026-08-10 21:02:53
18,16662833,umair zia,2026-08-10 02:53:04,3053.6,2,aimerscoding,2026-08-10 21:02:53
19,16665337,BHackers,2026-08-10 09:19:23,3051.4,2,clarencepagaduan,2026-08-10 21:02:53
20,16667233,EdGy2k,2026-08-10 10:41:12,3047.4,2,edgy2k,2026-08-10 21:02:53
21,16672315,CemBas,2026-08-10 16:23:52,3046.7,2,cembas,2026-08-10 21:02:53
22,16697205,Gould Research,2026-08-10 15:55:11,3044.5,2,"gouldh,gradybos,shanemullahy",2026-08-10 21:02:53
23,16665700,张广麒,2026-08-10 04:25:39,3037.9,2,zzggqq,2026-08-10 21:02:53
24,16621355,Raiden.B,2026-08-07 10:00:06,3033.7,2,raidenb,2026-08-10 21:02:53
25,16624893,GURU Prasaatha S,2026-08-10 05:41:48,3030.4,2,guruprasaathas111,2026-08-10 21:02:53
26,16622349,Mengfei Li,2026-08-10 17:16:17,3029.5,2,meli19,2026-08-10 21:02:53
27,16690019,Around30,2026-08-10 19:09:49,3024.2,2,"cyanspring,masahiromatsuda,sutesute000012",2026-08-10 21:02:53
28,16680967,Tyooughtul,2026-08-10 14:59:39,3022.7,2,yooughtul,2026-08-10 21:02:53
29,16666977,Tagir Analyzes,2026-08-10 05:10:35,3017.0,2,tagirkhairutdinov,2026-08-10 21:02:53
30,16655150,Benjamin H Pepper,2026-08-10 08:20:25,3013.5,2,bhpepper,2026-08-10 21:02:53
31,16621497,Victor @ Tufa Labs,2026-08-10 11:36:50,3013.1,2,vmerckle,2026-08-10 21:02:53
32,16659160,Dmitry Bardonov,2026-08-10 09:00:45,3012.4,2,bdesim,2026-08-10 21:02:53
33,16698340,Yanxi Jiang,2026-08-10 03:06:32,3010.3,2,yanxijiang,2026-08-10 21:02:53
34,16630323,kaggricultureomnidimensionalut,2026-08-10 14:11:14,3008.5,2,kumarandatascientist,2026-08-10 21:02:53
35,16622422,ss,2026-08-10 06:40:31,3007.4,2,forest2026,2026-08-10 21:02:53
36,16632783,chocolat,2026-08-10 19:40:23,3006.6,2,chocolatnya999,2026-08-10 21:02:53
37,16646679,tong00,2026-08-10 18:40:02,3000.6,2,tong00,2026-08-10 21:02:53
38,16661607,choqui62,2026-08-10 08:44:24,2998.7,2,choqui62,2026-08-10 21:02:53
39,16627995,Fire Bird,2026-08-10 20:33:33,2998.5,2,xuanleekaggle,2026-08-10 21:02:53
40,16657494,Trex,2026-08-10 12:29:29,2992.6,2,trexzone,2026-08-10 21:02:53
41,16641982,ZotAZaw3,2026-08-10 05:37:28,2991.9,2,zotazaw3,2026-08-10 21:02:53
42,16688907,青烟,2026-08-10 06:07:29,2990.0,2,"imagine4391,mortal4416",2026-08-10 21:02:53
43,16660037,shehai.lrs,2026-08-10 13:50:13,2987.6,2,shehailrs,2026-08-10 21:02:53
44,16653153,Gbining,2026-08-09 12:21:06,2985.9,2,gbining,2026-08-10 21:02:53
45,16698223,Feng Jiahui,2026-08-10 05:13:58,2984.8,2,junipersky,2026-08-10 21:02:53
46,16685047,Yvonne.,2026-08-10 11:47:54,2984.5,2,zdawer250,2026-08-10 21:02:53
47,16659692,Hùng Nguyễn Huy (Hiirooo),2026-08-10 07:49:48,2984.0,2,hngnguynhuy,2026-08-10 21:02:53
48,16675753,Khafidin,2026-08-10 16:06:52,2981.3,2,khafidin,2026-08-10 21:02:53
49,16624934,Haramball forever!,2026-08-10 17:31:07,2980.3,2,envyy23120093,2026-08-10 21:02:53
50,16661667,Wufang Hong,2026-08-10 06:03:09,2977.8,2,wufanghong,2026-08-10 21:02:53
51,16657825,MilanJoshi,2026-08-10 06:50:24,2976.2,2,mlnjsh,2026-08-10 21:02:53
52,16664788,1o,2026-08-10 06:16:36,2974.7,2,rian55,2026-08-10 21:02:53
53,16672653,Cultuurstelsel,2026-08-10 15:36:54,2972.5,2,ryuorlandotamin,2026-08-10 21:02:53
54,16624571,Baidalin Adilzhan [dsml.kz],2026-08-10 17:02:53,2969.1,2,baidalinadilzhan,2026-08-10 21:02:53
55,16695046,Coolinlai,2026-08-10 07:08:27,2968.1,2,coolinlai,2026-08-10 21:02:53
56,16691702,kss,2026-08-10 19:56:50,2966.5,2,l0glikelihood,2026-08-10 21:02:53
57,16630675,Lucien de Rubempre,2026-08-10 16:33:55,2963.8,2,lucienderubempre,2026-08-10 21:02:53
58,16642570,Mathurin Ache,2026-08-10 07:35:05,2963.1,2,mathurinache,2026-08-10 21:02:53
59,16682494,Phi,2026-08-10 19:06:05,2960.4,2,ajinomoto132,2026-08-10 21:02:53
60,16683936,Cyrus,2026-08-10 16:45:27,2956.8,2,jamalsaeedi,2026-08-10 21:02:53
61,16682879,Patrick Chan,2026-08-10 16:41:16,2956.6,2,drpatrickchan,2026-08-10 21:02:53
62,16623990,senkin13,2026-08-10 06:31:06,2952.9,2,senkin13,2026-08-10 21:02:53
63,16695903,cerensukaramese,2026-08-10 13:46:28,2950.2,2,cerensukaramese,2026-08-10 21:02:53
64,16636079,Pawan Rama Mali,2026-08-10 12:47:13,2950.1,2,pawanmali,2026-08-10 21:02:53
65,16640368,Nkosi Ndwandwe,2026-08-10 19:23:24,2948.7,2,nkosindwandwe,2026-08-10 21:02:53
66,16654091,webmaking,2026-08-10 12:15:32,2947.5,2,webmaking,2026-08-10 21:02:53
67,16672033,Mohan Prasath P,2026-08-10 08:07:27,2947.0,2,mohanprasath21,2026-08-10 21:02:53
68,16689018,Yoruet,2026-08-10 11:31:33,2946.6,1,yoruet,2026-08-10 21:02:53
69,16636536,tetsu2131,2026-08-10 16:15:15,2946.2,2,tetsutani,2026-08-10 21:02:53
70,16623466,len8487,2026-08-10 15:42:30,2946.0,2,len8487,2026-08-10 21:02:53
71,16668334,Suavemango,2026-08-10 13:37:36,2944.7,2,suavemango,2026-08-10 21:02:53
72,16696720,jazivxt,2026-08-10 13:03:22,2944.3,4,"jazivxt,maulikgajera",2026-08-10 21:02:53
73,16688460,lllleeeo,2026-08-10 09:59:42,2936.1,2,lllleeeo,2026-08-10 21:02:53
74,16675671,MMM Abbie,2026-08-10 20:02:24,2933.5,2,kchuang,2026-08-10 21:02:53
75,16633341,Hak,2026-08-10 18:15:59,2932.0,2,hakdevelopment,2026-08-10 21:02:53
76,16681620,wanwanuil,2026-08-10 11:41:02,2931.2,1,wanwanuil,2026-08-10 21:02:53
77,16697395,darktetradgod,2026-08-10 09:28:20,2931.0,2,darktetradgod,2026-08-10 21:02:53
78,16631536,kglctf,2026-08-10 06:21:44,2928.6,2,kglctf,2026-08-10 21:02:53
79,16654841,ABHIRUP DAS,2026-08-10 10:31:09,2928.2,1,abhirupdas10,2026-08-10 21:02:53
80,16692725,Zhen Li,2026-08-10 12:17:13,2927.9,2,zhenlisak,2026-08-10 21:02:53
81,16694138,Alex,2026-08-10 11:36:32,2926.5,2,alex789,2026-08-10 21:02:53
82,16626272,ömer kiraz,2026-08-10 06:22:12,2922.0,2,merkiraz,2026-08-10 21:02:53
83,16682885,风沙星辰,2026-08-10 15:02:12,2920.1,2,"duoliya,linyeping,sereinovov,wangying2026",2026-08-10 21:02:53
84,16685548,Erfan Eshratifar,2026-08-10 13:24:47,2918.6,2,erfaneshrati,2026-08-10 21:02:53
85,16658248,Aaweg,2026-08-10 15:39:50,2918.1,2,aawegbhaladhare,2026-08-10 21:02:53
86,16701612,Kiki,2026-08-10 14:15:44,2917.6,2,rouiou,2026-08-10 21:02:53
87,16684748,dejavucry,2026-08-10 08:53:08,2914.9,2,dejavucry,2026-08-10 21:02:53
88,16686424,Thần Thoại,2026-08-10 16:25:54,2913.0,2,thanthoai,2026-08-10 21:02:53
89,16627600,Nat00,2026-08-10 15:48:16,2909.6,2,natliablascoandreo,2026-08-10 21:02:53
90,16669256,Shivam_2212,2026-08-10 18:27:31,2909.0,2,shivam2212,2026-08-10 21:02:53
91,16701638,John Stupid,2026-08-10 16:11:57,2904.0,2,bryxosmmm,2026-08-10 21:02:53
92,16672456,hangglider5,2026-08-10 15:00:33,2903.8,2,hangglider5,2026-08-10 21:02:53
93,16635973,Code by Nadiia,2026-08-10 08:00:12,2903.3,2,codebynadiia,2026-08-10 21:02:53
94,16672722,NT,2026-08-10 16:30:31,2901.4,1,mitubant,2026-08-10 21:02:53
95,16630839,steubk,2026-08-10 14:29:34,2900.1,2,steubk,2026-08-10 21:02:53
96,16658830,Farhat Pachisa,2026-08-10 13:16:09,2899.8,2,farhatpachisa,2026-08-10 21:02:53
97,16626191,kevin park,2026-08-10 16:45:48,2899.7,2,k3v1npark,2026-08-10 21:02:53
98,16632231,Samrish B,2026-08-10 14:25:50,2898.5,2,samrishb,2026-08-10 21:02:53
99,16677252,カワシギ,2026-08-10 18:59:21,2895.1,2,kawashigi,2026-08-10 21:02:53
100,16641548,Indium AI Labs,2026-08-10 16:27:12,2895.1,2,devaanshpa,2026-08-10 21:02:53
101,16651088,ych~sun,2026-08-10 11:23:46,2893.2,2,ychsun,2026-08-10 21:02:53
102,16626655,Surya milenial,2026-08-10 09:36:34,2888.0,2,suryamilenial,2026-08-10 21:02:53
103,16682318,Bibek,2026-08-10 06:44:16,2886.9,2,bibek777,2026-08-10 21:02:53
104,16692711,Deniz Eryılmaz,2026-08-10 17:13:15,2883.3,2,denizeryilmaz,2026-08-10 21:02:53
105,16659123,sd,2026-08-10 17:15:44,2877.3,2,siddharthadevkota,2026-08-10 21:02:53
106,16675161,iVl44d,2026-08-10 15:06:50,2875.4,2,ivl44d,2026-08-10 21:02:53
107,16682936,Latifa Riziki,2026-08-10 13:23:44,2874.8,2,latifariziki,2026-08-10 21:02:53
108,16663485,Jacob Alstrup,2026-08-10 15:33:06,2874.4,2,jacobalstrup,2026-08-10 21:02:53
109,16688642,Natalia Mawyin,2026-08-09 19:05:10,2874.3,2,nmawyin,2026-08-10 21:02:53
110,16621515,Alexander Gremyakov,2026-08-10 06:18:17,2873.6,2,alexandergremyakov,2026-08-10 21:02:53
111,16622032,Raunak Dey,2026-08-10 18:22:06,2871.8,2,raunakdey07,2026-08-10 21:02:53
112,16682557,Soumalya Mandal,2026-08-10 14:36:57,2868.9,2,mrcyberhunter,2026-08-10 21:02:53
113,16699745,Norbert Szolnoki,2026-08-10 12:48:41,2868.0,1,norbertszolnoki,2026-08-10 21:02:53
114,16630804,Emre Cirak,2026-08-10 12:48:07,2867.9,2,biohack44,2026-08-10 21:02:53
115,16657228,Vladimir Babin,2026-08-10 01:13:11,2866.8,2,vovababin,2026-08-10 21:02:53
116,16640552,rupsa roy,2026-08-10 05:56:00,2865.4,1,rupsarroy,2026-08-10 21:02:53
117,16633226,test_money,2026-08-10 14:41:12,2858.9,2,michaelsemenoff,2026-08-10 21:02:53
118,16663867,Steve421471,2026-08-10 03:06:43,2857.5,2,steve421471,2026-08-10 21:02:53
119,16660233,ko9ma,2026-08-10 04:15:30,2856.4,2,kohojung,2026-08-10 21:02:53
120,16666805,Kaggs,2026-08-10 13:17:33,2855.7,2,ayush21042004,2026-08-10 21:02:53
121,16634149,Hozuma ITOBAYASHI,2026-08-10 13:54:39,2855.4,2,hozumaitobayashi,2026-08-10 21:02:53
122,16634179,daoviet,2026-08-10 14:57:23,2851.4,2,daoviet,2026-08-10 21:02:53
123,16686444,Syakirin Pahimi,2026-08-10 18:55:36,2850.7,2,syakirinpahimi,2026-08-10 21:02:53
124,16671150,Rattanunt,2026-08-10 20:50:08,2850.5,2,rattanunt,2026-08-10 21:02:53
125,16695137,Samantha Nicole Bracamonte,2026-08-10 15:11:53,2850.0,2,snrbracamonte,2026-08-10 21:02:53
126,16697836,OzanM.,2026-08-10 16:53:50,2848.8,2,analyticaobscura,2026-08-10 21:02:53
127,16681893,morality0707,2026-08-10 14:25:51,2848.7,2,morality0707,2026-08-10 21:02:53
128,16657785,Himanshu Kumar,2026-08-10 16:52:27,2848.0,2,himanshujha2812,2026-08-10 21:02:53
129,16668227,Yusuraume,2026-08-10 14:30:48,2847.0,2,sugitatomohiko,2026-08-10 21:02:53
130,16693534,HireMe,2026-08-10 12:38:55,2846.7,2,junta1104,2026-08-10 21:02:53
131,16624979,Mohamed abdelrazik,2026-08-10 14:50:28,2845.4,2,mohamed3abdelrazik,2026-08-10 21:02:53
132,16631115,prvsiyan,2026-08-10 10:59:22,2842.4,2,prvsiyan,2026-08-10 21:02:53
133,16662696,Cengizhan Tümer,2026-08-10 12:38:08,2841.0,2,cengizhantmer,2026-08-10 21:02:53
134,16640785,syouya tobita,2026-08-10 09:31:46,2840.4,2,syouyatobita,2026-08-10 21:02:53
135,16682867,sneaky6767,2026-08-10 09:43:17,2835.8,2,sneaky6767,2026-08-10 21:02:53
136,16699947,HKmgikao,2026-08-10 10:19:31,2835.0,2,hitoshikmgai,2026-08-10 21:02:53
137,16695229,X1a0Ch3n,2026-08-10 19:59:15,2834.3,2,xiaochen20236673,2026-08-10 21:02:53
138,16695176,Zakaria Settar,2026-08-09 19:38:58,2833.5,2,zakariasettar,2026-08-10 21:02:53
139,16663498,Braxton Dyer,2026-08-10 15:36:42,2833.5,2,braxtondyer,2026-08-10 21:02:53
140,16667729,Daniel Wu,2026-08-10 15:31:01,2832.6,2,danielwuu,2026-08-10 21:02:53
141,16628664,Anton Tikhonov,2026-08-10 12:03:01,2832.6,2,itwastony,2026-08-10 21:02:53
142,16639565,yasu,2026-08-09 19:17:53,2830.7,2,yasutakababa,2026-08-10 21:02:53
143,16653927,Fernando GH H,2026-08-10 17:18:33,2829.7,2,fernandoghh2,2026-08-10 21:02:53
144,16672997,Francesco Montone,2026-08-08 11:38:57,2827.9,2,francescomontone,2026-08-10 21:02:53
145,16637329,Rucbic,2026-08-10 17:28:02,2827.2,2,rucbic,2026-08-10 21:02:53
146,16681848,Haraguchi-T,2026-08-10 06:39:01,2824.3,2,haraguchit,2026-08-10 21:02:53
147,16623398,Tony Li,2026-08-10 15:14:23,2822.1,2,tonylica,2026-08-10 21:02:53
148,16690113,m0chi1216,2026-08-10 13:51:31,2821.9,2,m0chi1216,2026-08-10 21:02:53
149,16659328,Muhammed Ashiq Abdul Khader,2026-08-10 12:05:19,2820.6,2,ashiqabdulkhader,2026-08-10 21:02:53
150,16674385,qr Z1201,2026-08-10 15:57:21,2820.3,2,qrz1201,2026-08-10 21:02:53
151,16641077,lucaskna,2026-08-10 20:37:20,2815.9,2,lucaskna,2026-08-10 21:02:53
152,16700314,Giallar,2026-08-10 12:24:24,2815.0,1,andreykrotkikh,2026-08-10 21:02:53
153,16635504,Datta Dhebe,2026-08-10 18:20:57,2814.3,2,dattadhebe,2026-08-10 21:02:53
154,16634952,Igor Zharov,2026-08-10 08:45:52,2813.7,2,flexonafft,2026-08-10 21:02:53
155,16635029,Oleg Melnik,2026-08-09 20:10:20,2813.2,2,olegmelnik,2026-08-10 21:02:53
156,16665809,Saravanan Jaichandaran,2026-08-10 16:39:09,2813.2,2,saranchandar,2026-08-10 21:02:53
157,16655478,Bruce,2026-08-10 12:35:08,2811.7,2,bruceqdu,2026-08-10 21:02:53
158,16685950,vibe farming,2026-08-10 06:26:22,2810.9,2,alturutin,2026-08-10 21:02:53
159,16635062,DL,2026-08-10 05:19:29,2808.5,2,distiller,2026-08-10 21:02:53
160,16638804,Anhad Mahajan,2026-08-10 14:22:28,2807.7,2,anhadmahajan06,2026-08-10 21:02:53
161,16674684,tdtu981,2026-08-10 14:26:29,2807.7,1,"minhduy13ly,tdtu981",2026-08-10 21:02:53
162,16656316,Richard Tang,2026-08-09 21:53:42,2807.4,2,richardgtang,2026-08-10 21:02:53
163,16631595,CuteClaw,2026-08-10 14:24:19,2805.3,2,bloodmoonwq,2026-08-10 21:02:53
164,16690970,Raoul Biagioni,2026-08-10 10:15:30,2804.0,2,raoulbiagioni,2026-08-10 21:02:53
165,16656399,CROW,2026-08-10 04:25:49,2802.4,2,"aaayangxh,hanifnoerrofiq",2026-08-10 21:02:53
166,16678172,Eishkaran Singh,2026-08-10 16:49:53,2801.3,2,eishkaran,2026-08-10 21:02:53
167,16623749,Tejas,2026-08-10 05:23:55,2801.3,2,tejuuss,2026-08-10 21:02:53
168,16671376,LittleSweet,2026-08-10 16:02:30,2800.1,2,yukieja,2026-08-10 21:02:53
169,16673131,Arfin Mustofa,2026-08-10 07:59:01,2800.0,2,arfinmustofa,2026-08-10 21:02:53
170,16694186,souju00,2026-08-10 05:50:28,2797.7,2,souju00,2026-08-10 21:02:53
171,16679688,Sathwik Chinthakayala,2026-08-10 16:44:05,2796.5,2,sathwikchinthakayala,2026-08-10 21:02:53
172,16678534,Filip Strzałka,2026-08-10 17:50:52,2795.0,2,snufkin77,2026-08-10 21:02:53
173,16671088,jasonstillchasin,2026-08-10 10:30:37,2792.2,2,jasonstillchasin,2026-08-10 21:02:53
174,16669089,YujieXing10,2026-08-10 12:37:07,2786.0,2,yujiexing10,2026-08-10 21:02:53
175,16700846,Vaibhav Patel,2026-08-10 14:57:12,2785.1,2,vaibhavpatel,2026-08-10 21:02:53
176,16655789,wen chong yu,2026-08-10 03:01:33,2784.9,2,wenchongyu,2026-08-10 21:02:53
177,16684202,Ignat,2026-08-10 15:14:18,2784.2,2,ignatgotin,2026-08-10 21:02:53
178,16664164,Elzandi Irfan Zikra,2026-08-10 06:10:57,2781.2,2,zangetsufuin,2026-08-10 21:02:53
179,16697675,Isaac Grossman,2026-08-10 05:36:08,2780.0,2,kingisaac,2026-08-10 21:02:53
180,16660726,养殖一些扫福睿,2026-08-10 12:02:04,2779.2,2,gengsr,2026-08-10 21:02:53
181,16689952,Lazarus Ogero,2026-08-10 13:29:36,2777.8,2,lazarusogero,2026-08-10 21:02:53
182,16656807,Yoganjaneyulu,2026-08-10 16:47:17,2774.2,2,yoganjaneyulu,2026-08-10 21:02:53
183,16662883,OceanMix,2026-08-10 20:16:28,2772.6,2,"cggonzalezsc,fierus,liesvyvalladares",2026-08-10 21:02:53
184,16689770,Abdillah Sagif,2026-08-10 17:02:43,2768.1,2,abdillahsagif,2026-08-10 21:02:53
185,16698069,k_4821,2026-08-09 22:32:08,2767.2,1,edgarondoodevilclub,2026-08-10 21:02:53
186,16661743,Sergey Kutepov,2026-08-10 15:53:08,2766.4,2,natsyst,2026-08-10 21:02:53
187,16684402,vn1111,2026-08-10 19:30:21,2766.3,2,vn1111,2026-08-10 21:02:53
188,16660121,22307110257-张扬,2026-08-09 14:16:06,2760.3,2,meredith10pi,2026-08-10 21:02:53
189,16630797,"Seok, Jeongeum",2026-08-10 13:24:51,2759.9,2,seokjeongeum,2026-08-10 21:02:53
190,16633179,infamemconculcemus,2026-08-09 09:33:19,2758.7,2,jcgweb,2026-08-10 21:02:53
191,16665927,bhavya shah,2026-08-09 22:47:49,2758.6,2,bhavyashah007,2026-08-10 21:02:53
192,16655686,Kyle,2026-08-10 03:22:32,2757.7,2,kylezhouzhou,2026-08-10 21:02:53
193,16677938,Hajime Tamura,2026-08-09 13:54:31,2756.6,2,thajime,2026-08-10 21:02:53
194,16670032,Kenjo1209,2026-08-10 15:26:18,2756.5,2,kenjo1209,2026-08-10 21:02:53
195,16652212,Pizzaboi,2026-08-10 16:23:21,2755.3,2,asimandia,2026-08-10 21:02:53
196,16668788,ConnieCodes,2026-08-10 13:34:18,2753.8,2,conniecodes,2026-08-10 21:02:53
197,16621294,dpquoc,2026-08-10 05:56:14,2747.7,2,dpquoc,2026-08-10 21:02:53
198,16672075,Kameron Green,2026-08-10 17:47:14,2745.2,2,hgenix20,2026-08-10 21:02:53
199,16696762,SOSyuki,2026-08-10 14:27:12,2744.8,2,sosyuki,2026-08-10 21:02:53
200,16679812,Xiang Li,2026-08-10 17:06:34,2738.7,2,xianglipee,2026-08-10 21:02:53
201,16657100,Jacky Chan,2026-08-10 17:33:03,2737.1,2,jhkchan,2026-08-10 21:02:53
202,16639520,Cary Jin,2026-08-09 21:05:58,2737.0,2,strigiformes,2026-08-10 21:02:53
203,16684852,後藤将斗,2026-08-09 12:44:13,2735.7,2,masato09,2026-08-10 21:02:53
204,16668564,Rikito Kanda,2026-08-10 13:28:56,2735.7,2,rikitokanda,2026-08-10 21:02:53
205,16668783,Zyy7390,2026-08-10 02:29:18,2734.8,2,"tigerrrrrr,zyy7390",2026-08-10 21:02:53
206,16701221,Othman Istaiteh,2026-08-10 13:25:38,2733.6,2,istatieh,2026-08-10 21:02:53
207,16666296,A.P.R.I.L,2026-08-10 17:29:52,2732.2,2,puneeth333,2026-08-10 21:02:53
208,16623805,Howon Kang,2026-08-10 12:52:23,2731.9,2,howonkang,2026-08-10 21:02:53
209,16655505,Debmalya,2026-08-10 17:28:30,2726.6,2,debmalya84,2026-08-10 21:02:53
210,16664487,houlidai-jiekiulai,2026-08-10 07:28:55,2724.5,2,houlidaijiekiulai,2026-08-10 21:02:53
211,16679245,Krzysztof Gonia,2026-08-10 16:22:49,2723.8,2,krzysztofgonia,2026-08-10 21:02:53
212,16669148,Syed Muhammad Gillani,2026-08-09 07:29:10,2723.5,2,syedmuhammadgillani,2026-08-10 21:02:53
213,16679767,Denis Mekhanikov,2026-08-10 17:36:49,2721.4,2,denismekhanikov,2026-08-10 21:02:53
214,16640880,wenyuan Guo,2026-08-10 11:08:25,2720.6,2,gwey1025,2026-08-10 21:02:53
215,16676154,Tuan Tran,2026-08-10 16:29:40,2718.5,2,thtuan,2026-08-10 21:02:53
216,16645203,easonyanyan,2026-08-10 03:05:04,2717.4,2,easonyanyan,2026-08-10 21:02:53
217,16665214,Epiphany_Thu,2026-08-10 03:25:30,2715.5,2,epiphanythu,2026-08-10 21:02:53
218,16657290,lol-hiker,2026-08-10 04:58:01,2710.9,2,lolhiker,2026-08-10 21:02:53
219,16656810,IskanderAkhmetov,2026-08-09 21:40:26,2708.0,2,iskander2017,2026-08-10 21:02:53
220,16701051,Komi ShouKo,2026-08-10 13:01:09,2707.1,1,asdwswdxd,2026-08-10 21:02:53
221,16683755,Meng Di,2026-08-10 16:12:52,2706.0,2,hughshaoqz,2026-08-10 21:02:53
222,16693962,Changyuan Chen,2026-08-09 13:51:02,2704.6,2,changyuanchenmit,2026-08-10 21:02:53
223,16631460,Kosuke.T,2026-08-09 15:17:09,2704.4,2,kosuke1992,2026-08-10 21:02:53
224,16632715,cmasch,2026-08-10 12:58:36,2702.5,2,cmasch,2026-08-10 21:02:53
225,16637546,Forrest,2026-08-10 15:22:55,2702.4,2,yinxiaogang,2026-08-10 21:02:53
226,16688217,Vigneshwaran S,2026-08-10 18:53:37,2701.5,2,vigneshsankar1962,2026-08-10 21:02:53
227,16659215,Zhizhou Sha,2026-08-10 12:00:14,2700.6,2,zhizhousha,2026-08-10 21:02:53
228,16623897,satoooh,2026-08-10 07:38:32,2700.4,2,satoooh,2026-08-10 21:02:53
229,16684716,kumanomi,2026-08-10 12:13:37,2700.2,2,kkkggg,2026-08-10 21:02:53
230,16676904,fistyee,2026-08-10 13:01:12,2697.4,2,fistyee,2026-08-10 21:02:53
231,16667964,Shuiys,2026-08-10 16:33:56,2697.1,2,ysshui,2026-08-10 21:02:53
232,16691867,huyang111,2026-08-10 16:23:44,2695.0,2,huyang111,2026-08-10 21:02:53
233,16655688,Ryan Shan,2026-08-10 19:00:12,2694.7,2,codegold,2026-08-10 21:02:53
234,16695501,brocade,2026-08-10 13:58:52,2691.3,2,brocade,2026-08-10 21:02:53
235,16701997,zran1t,2026-08-10 15:41:07,2689.9,1,zran1t,2026-08-10 21:02:53
236,16668758,Aman Vishwakarma,2026-08-09 17:33:00,2687.3,2,amanvishwakarma01,2026-08-10 21:02:53
237,16672371,Loren-wen,2026-08-09 13:23:49,2686.3,2,wofusituerte,2026-08-10 21:02:53
238,16694346,ywwywww,2026-08-10 03:34:01,2685.1,2,ywywww,2026-08-10 21:02:53
239,16639625,Dr Chandrasen Pandey,2026-08-09 19:38:40,2684.6,2,devchandra,2026-08-10 21:02:53
240,16683567,supr3mum,2026-08-10 16:06:54,2683.7,2,friklez,2026-08-10 21:02:53
241,16677568,yarneo,2026-08-10 10:27:42,2683.5,2,yarneo,2026-08-10 21:02:53
242,16675873,Zhu Liang,2026-08-10 14:39:33,2683.3,2,paradite,2026-08-10 21:02:53
243,16663928,Auxileon,2026-08-09 16:20:13,2680.9,2,auxileon,2026-08-10 21:02:53
244,16685160,Yura,2026-08-10 13:43:12,2679.1,2,yuratrubitsyn,2026-08-10 21:02:53
245,16629165,lingyu07,2026-08-10 13:06:39,2678.7,2,lingyu07,2026-08-10 21:02:53
246,16677337,xi luo,2026-08-10 20:04:14,2676.9,2,xiluo00,2026-08-10 21:02:53
247,16662121,Indar Karhana,2026-08-10 06:14:54,2673.6,2,indarkarhana,2026-08-10 21:02:53
248,16654490,Furious Monk,2026-08-10 16:00:08,2673.4,2,furiousmonk,2026-08-10 21:02:53
249,16660137,Densike,2026-08-10 15:19:53,2672.4,2,densike,2026-08-10 21:02:53
250,16623488,Kevin E R MILLE,2026-08-10 14:04:08,2669.5,2,kevinermille,2026-08-10 21:02:53
251,16639236,Dhavan Shah,2026-08-10 11:25:51,2669.3,2,dhavanshah99,2026-08-10 21:02:53
252,16622251,Moroz Roman,2026-08-09 18:24:06,2668.2,2,crissyro,2026-08-10 21:02:53
253,16664179,animelonerboy,2026-08-09 15:52:55,2665.4,2,adambasa5,2026-08-10 21:02:53
254,16634765,democatXamer,2026-08-09 16:03:41,2657.2,2,w1326627677,2026-08-10 21:02:53
255,16630315,janson,2026-08-09 13:13:37,2652.7,2,johnjanson,2026-08-10 21:02:53
256,16671306,Yeswanthperni,2026-08-10 20:55:59,2651.0,2,"tanvicaaa,yeswanthperni",2026-08-10 21:02:53
257,16623458,datnt114,2026-08-10 16:21:54,2650.8,2,kingkong153,2026-08-10 21:02:53
258,16623559,DECEM,2026-08-09 15:48:04,2646.2,2,zy1343930734,2026-08-10 21:02:53
259,16624088,Pomiro,2026-08-10 14:41:01,2644.2,2,pomiro,2026-08-10 21:02:53
260,16621315,Reyhan Ksatria,2026-08-10 16:43:03,2643.2,2,reyhanksatria,2026-08-10 21:02:53
261,16678618,Manu Nicholas Jacob,2026-08-09 22:34:59,2643.1,2,manunicholasjacob,2026-08-10 21:02:53
262,16668370,Matthew Labrador,2026-08-10 13:24:21,2641.0,2,m4tyuuu,2026-08-10 21:02:53
263,16663590,Jakub Dolének,2026-08-10 09:12:29,2639.3,2,dolenek,2026-08-10 21:02:53
264,16663241,Kris Adamatzky,2026-08-10 19:29:51,2638.9,2,krisadamatzky,2026-08-10 21:02:53
265,16689748,cheesytoasts,2026-08-10 18:59:25,2638.6,2,cheesinnn,2026-08-10 21:02:53
266,16659395,HyperX,2026-08-10 18:04:42,2635.9,2,"diversedharun,harishinkaggle",2026-08-10 21:02:53
267,16654379,Sebastian Mateus,2026-08-10 16:26:07,2635.8,2,sebastianmateus,2026-08-10 21:02:53
268,16680690,MYOUCER,2026-08-10 00:04:45,2635.7,2,myoucer,2026-08-10 21:02:53
269,16633944,Toru59er,2026-08-09 13:33:01,2631.5,2,toru59er,2026-08-10 21:02:53
270,16670276,Egor Trushin,2026-08-09 10:17:52,2629.8,2,egortrushin,2026-08-10 21:02:53
271,16658221,Roshan Roy,2026-08-10 11:35:24,2628.5,2,"adhilvt,mohamedarifj,roshanroy333",2026-08-10 21:02:53
272,16671520,sci-shi,2026-08-09 02:42:25,2627.4,2,scishi,2026-08-10 21:02:53
273,16695685,kwon yong deuk,2026-08-10 12:30:35,2627.2,2,kwonyongdeuk,2026-08-10 21:02:53
274,16679347,Youssef EL MSIYAH,2026-08-09 12:07:55,2627.0,2,youssefelmsiyah,2026-08-10 21:02:53
275,16655704,heinado,2026-08-10 02:18:28,2621.2,2,heinado,2026-08-10 21:02:53
276,16659670,MeeMee,2026-08-10 03:06:43,2620.4,1,yagi46,2026-08-10 21:02:53
277,16688893,ひろけん,2026-08-09 15:36:52,2620.1,2,hirokenn,2026-08-10 21:02:53
278,16684093,fog flower,2026-08-10 16:01:10,2619.4,2,fogflower,2026-08-10 21:02:53
279,16693904,DeeperNet,2026-08-10 13:53:44,2618.0,2,deepernet,2026-08-10 21:02:53
280,16683036,Ritesh Thawkar,2026-08-09 20:13:59,2617.6,2,riteshthawkar,2026-08-10 21:02:53
281,16652214,Zhenrui.Weng,2026-08-09 06:45:10,2617.4,2,zhenruiweng,2026-08-10 21:02:53
282,16661983,Victor's Team,2026-08-10 11:37:51,2616.9,2,"dlordsjustified,jezrealmomoh,joludare,victorokpe",2026-08-10 21:02:53
283,16669711,Anton Shaniuk,2026-08-09 12:46:11,2616.0,2,antonshaniuk,2026-08-10 21:02:53
284,16635421,Lennart Haupts,2026-08-09 08:03:48,2616.0,2,lennarthaupts,2026-08-10 21:02:53
285,16662051,Salem Ali,2026-08-09 17:25:48,2615.8,2,salemali7,2026-08-10 21:02:53
286,16623034,Vlad Kochetov,2026-08-09 11:09:08,2613.7,2,vladkochetov07,2026-08-10 21:02:53
287,16654109,Mohamed Amine Aichaoui,2026-08-09 13:15:08,2612.6,2,mohamedamineaichaoui,2026-08-10 21:02:53
288,16643233,Marco DG,2026-08-09 12:20:05,2608.9,2,marcodg,2026-08-10 21:02:53
289,16698467,Ra'uf Fauzan Rambe,2026-08-10 04:29:13,2608.6,2,rauffauzanrambe,2026-08-10 21:02:53
290,16661558,안녕하세요이세입니다잘부탁드립니다,2026-08-10 13:54:17,2606.3,2,municef1,2026-08-10 21:02:53
291,16696852,MYGEMER,2026-08-09 15:43:13,2605.6,1,mygemer,2026-08-10 21:02:53
292,16649108,Steve AVOMO,2026-08-08 22:15:55,2604.5,2,aurelsteve77,2026-08-10 21:02:53
293,16663603,xsong2020,2026-08-09 05:59:02,2604.2,2,xstargate,2026-08-10 21:02:53
294,16687824,André Dkw,2026-08-10 17:17:25,2601.6,2,andrdkw,2026-08-10 21:02:53
295,16676275,Scorpi,2026-08-10 00:27:25,2600.4,2,scorpi,2026-08-10 21:02:53
296,16654322,Debatreya Biswas,2026-08-10 02:02:38,2600.3,2,debatreyabiswas,2026-08-10 21:02:53
297,16638557,Araik Tamazian,2026-08-10 06:35:18,2598.9,2,atamazian,2026-08-10 21:02:53
298,16637973,StephenNedumpally,2026-08-09 20:44:45,2595.2,2,stephennedumpally,2026-08-10 21:02:53
299,16634156,Hiroyasu Okuno,2026-08-09 10:38:21,2594.6,2,hiroyasuokuno,2026-08-10 21:02:53
300,16656931,pns,2026-08-08 21:13:36,2594.4,2,"nikhilkasyap07,premsivasai,saranboddu",2026-08-10 21:02:53
301,16676336,lemon13418,2026-08-10 15:11:20,2593.5,2,lemon13418,2026-08-10 21:02:53
302,16657637,Ronnie Atuhaire,2026-08-09 14:54:37,2593.0,2,ronnieatuhaire,2026-08-10 21:02:53
303,16634143,manual player,2026-08-09 19:23:01,2592.5,2,prospal,2026-08-10 21:02:53
304,16635314,Aurora wy,2026-08-08 22:44:32,2591.2,2,aurorawy,2026-08-10 21:02:53
305,16630689,yw8837,2026-08-10 16:56:46,2590.9,2,yw8837,2026-08-10 21:02:53
306,16629624,Sayandeep Ghosh,2026-08-09 10:49:56,2590.9,2,sayandeepghosh,2026-08-10 21:02:53
307,16666393,saikyo,2026-08-09 08:34:34,2590.8,2,kyosaikyo,2026-08-10 21:02:53
308,16688220,Aadicv,2026-08-10 18:57:47,2588.3,2,aadicv,2026-08-10 21:02:53
309,16663929,Erman Man,2026-08-09 02:19:31,2587.2,2,ermanman,2026-08-10 21:02:53
310,16660220,tomo11111,2026-08-10 17:30:16,2587.0,2,tomo11111,2026-08-10 21:02:53
311,16665935,eternitywinner,2026-08-08 14:41:53,2585.4,2,eternitywinner,2026-08-10 21:02:53
312,16622509,Ali,2026-08-10 07:21:43,2583.9,2,asalhi,2026-08-10 21:02:53
313,16657861,Liao Zixu,2026-08-09 07:00:33,2583.4,2,liaozixu,2026-08-10 21:02:53
314,16633709,kitory Yeah やきとり,2026-08-09 00:03:17,2583.4,2,kitoryyeah,2026-08-10 21:02:53
315,16641138,Bharath Varma,2026-08-10 17:49:37,2582.1,2,bharath111l,2026-08-10 21:02:53
316,16637597,venks,2026-08-09 15:20:07,2578.8,2,vterli,2026-08-10 21:02:53
317,16683199,Filippo Gombac,2026-08-08 11:20:56,2578.6,2,filippogombac,2026-08-10 21:02:53
318,16693439,Ankit Hemant Lade,2026-08-10 20:53:27,2577.0,2,ankitlade12,2026-08-10 21:02:53
319,16623635,HiroyukiSasaki,2026-08-08 22:55:36,2576.0,2,hiroyukisasaki815,2026-08-10 21:02:53
320,16656432,CornHub Premium,2026-08-09 03:09:15,2575.5,2,nihilisticneuralnet,2026-08-10 21:02:53
321,16671174,Alexandre008,2026-08-09 12:29:49,2574.5,2,alexandre008,2026-08-10 21:02:53
322,16621735,VN-Orion,2026-08-10 18:30:18,2572.1,2,fastthanh78,2026-08-10 21:02:53
323,16623459,Peng Wang,2026-08-10 04:26:14,2571.7,2,pengwang91,2026-08-10 21:02:53
324,16676043,Tejash Rai,2026-08-10 16:42:07,2570.2,1,tejashrai,2026-08-10 21:02:53
325,16643453,Haumea,2026-08-10 08:38:53,2569.3,2,chaitanyagullapalli,2026-08-10 21:02:53
326,16686827,Kronki,2026-08-08 12:40:10,2569.0,2,kronki,2026-08-10 21:02:53
327,16623189,Aditya Mishra,2026-08-09 03:42:06,2563.7,2,adityamishranika,2026-08-10 21:02:53
328,16635747,Jeki Wan Taufik,2026-08-10 01:25:02,2560.5,2,jek1wantaufik,2026-08-10 21:02:53
329,16641372,ShoaibSSM,2026-08-09 16:10:29,2559.4,2,"naveenlx111249971939,shoaibssm",2026-08-10 21:02:53
330,16696644,Franklin T,2026-08-10 18:50:13,2555.0,2,franklin0410,2026-08-10 21:02:53
331,16679683,Aberrchan,2026-08-08 17:44:32,2554.7,2,aberrchan,2026-08-10 21:02:53
332,16653262,tianwen zhang1,2026-08-08 16:21:18,2551.3,2,tianwenzhang1,2026-08-10 21:02:53
333,16667219,Komil Parmar,2026-08-08 10:00:55,2544.7,2,komilparmar,2026-08-10 21:02:53
334,16623988,Charismatic Pizza Party🍕,2026-08-09 11:17:01,2542.9,2,debugendless,2026-08-10 21:02:53
335,16671361,Hangyu Yu,2026-08-10 14:31:40,2542.0,2,cqupthangyuyu,2026-08-10 21:02:53
336,16671741,Excluding,2026-08-10 13:02:44,2538.3,2,excluding,2026-08-10 21:02:53
337,16644643,today,2026-08-08 14:08:53,2536.9,2,today55,2026-08-10 21:02:53
338,16687363,elegantangel (628700),2026-08-10 13:57:49,2534.7,2,elegantangel,2026-08-10 21:02:53
339,16656011,Jiashun Tan,2026-08-09 21:45:05,2528.0,2,jiashuntan,2026-08-10 21:02:53
340,16652630,stars_w,2026-08-08 15:55:32,2526.5,2,starsw,2026-08-10 21:02:53
341,16633793,adakoda,2026-08-10 00:54:33,2524.3,2,adakoda,2026-08-10 21:02:53
342,16641535,Tutti,2026-08-09 12:38:55,2522.0,2,malk271828,2026-08-10 21:02:53
343,16691830,Nikita Lugovoy,2026-08-10 15:20:13,2519.7,2,nikital7,2026-08-10 21:02:53
344,16653984,Howard Lyu,2026-08-08 18:35:00,2516.2,2,howardlyu,2026-08-10 21:02:53
345,16668630,Keito,2026-08-08 05:10:39,2516.1,2,keitookamoto,2026-08-10 21:02:53
346,16677855,Mehrdad ALMASI,2026-08-09 20:54:01,2515.1,2,mehrdadal2023,2026-08-10 21:02:53
347,16632867,Rayk Kretzschmar,2026-08-10 19:44:34,2513.5,2,raykkretzschmar,2026-08-10 21:02:53
348,16672579,Udbhaw Anand,2026-08-10 10:50:43,2513.2,2,udbhawanand,2026-08-10 21:02:53
349,16661100,Muhammad Junaid,2026-08-08 18:24:29,2513.1,2,junaid512,2026-08-10 21:02:53
350,16682353,counter puncher,2026-08-08 22:57:40,2505.8,2,ahmadabdoumalickdiop,2026-08-10 21:02:53
351,16667245,KAIWALYA RAUT,2026-08-09 09:04:25,2505.4,2,kaiwalyaatulraut,2026-08-10 21:02:53
352,16663818,Mike Mordetsky,2026-08-10 19:36:18,2503.8,2,mikemordetsky,2026-08-10 21:02:53
353,16664242,Alex Lee,2026-08-09 04:29:51,2502.0,2,aiexanderr,2026-08-10 21:02:53
354,16690897,Ashok Kumar Garain,2026-08-08 13:26:11,2501.2,1,ashokkumargarain,2026-08-10 21:02:53
355,16692851,ichnixhelle,2026-08-10 17:01:14,2499.3,2,ichnixhelle,2026-08-10 21:02:53
356,16684568,[ODS] waniz,2026-08-08 11:04:42,2499.3,1,wanizz,2026-08-10 21:02:53
357,16659081,JALKARNA GAUTAM,2026-08-10 10:44:13,2498.4,2,jalkarnagautam,2026-08-10 21:02:53
358,16692677,Ashish Dubey,2026-08-10 06:17:34,2497.8,2,ashish124536,2026-08-10 21:02:53
359,16634432,KARGI,2026-08-09 17:31:15,2495.8,2,learningkin,2026-08-10 21:02:53
360,16621168,FOYSAL,2026-08-09 04:48:09,2493.9,2,foysalemonshanto,2026-08-10 21:02:53
361,16631752,Junichiro Morita,2026-08-09 00:27:00,2488.7,2,junichiromorita,2026-08-10 21:02:53
362,16663313,onlysmrtsumx,2026-08-07 08:38:35,2488.3,2,onlysmrtsumx,2026-08-10 21:02:53
363,16655519,CurveCowboy,2026-08-08 17:47:48,2486.6,2,curvecowboy,2026-08-10 21:02:53
364,16626814,Vu Tran Hoang,2026-08-10 09:44:23,2484.6,2,hoangvux,2026-08-10 21:02:53
365,16644160,Saravana Rajan B,2026-08-10 15:19:24,2484.1,2,saravanarajanb,2026-08-10 21:02:53
366,16674839,hongqian miao,2026-08-08 09:24:03,2483.2,2,hongqianmiao,2026-08-10 21:02:53
367,16662949,Will English,2026-08-07 20:26:15,2481.5,2,dubascudes,2026-08-10 21:02:53
368,16689366,hiro,2026-08-10 12:32:10,2480.0,2,ad1999,2026-08-10 21:02:53
369,16692469,neoistheone,2026-08-08 18:38:13,2479.8,1,neoistheone,2026-08-10 21:02:53
370,16657857,hust_xll,2026-08-10 11:58:45,2477.4,2,hustxll,2026-08-10 21:02:53
371,16660259,Marcus,2026-08-08 17:23:34,2477.1,2,marcuseno,2026-08-10 21:02:53
372,16663668,╰┈➤ˎˊ˗ www.sleepyai.org,2026-08-08 23:49:32,2477.0,2,tahsinarafat,2026-08-10 21:02:53
373,16669930,Ilya Klimanov,2026-08-10 19:19:35,2476.9,2,ilyaklimanov,2026-08-10 21:02:53
374,16669856,StrugglerK,2026-08-09 14:42:17,2472.5,2,muhammedkaanlker,2026-08-10 21:02:53
375,16666188,XueFeng Chen,2026-08-10 15:48:57,2472.0,2,chxfmcs,2026-08-10 21:02:53
376,16662176,jorge fabian avila,2026-08-10 18:51:13,2471.5,2,jorgefabianavila,2026-08-10 21:02:53
377,16671607,Chanhyuk Han,2026-08-10 13:22:35,2470.0,2,chanhyukhan,2026-08-10 21:02:53
378,16622376,fmind,2026-08-09 16:57:28,2469.3,2,freaxmind,2026-08-10 21:02:53
379,16672530,GUGUGAGA,2026-08-10 02:29:19,2465.0,2,"ruiyangzhang23,taoguo079",2026-08-10 21:02:53
380,16674744,Burhan Ul Tayyab,2026-08-10 10:55:43,2463.6,2,babychick,2026-08-10 21:02:53
381,16674353,Lakshmanan R,2026-08-09 05:44:57,2462.9,2,lakshmanankumar02,2026-08-10 21:02:53
382,16629685,mikelou1,2026-08-08 04:59:35,2459.9,2,mikelou1,2026-08-10 21:02:53
383,16682843,underline12311,2026-08-09 14:23:02,2459.4,2,underline12311,2026-08-10 21:02:53
384,16643125,CARLOS CAADA ROSTRO,2026-08-08 11:27:29,2459.3,2,carloscaadarostro,2026-08-10 21:02:53
385,16643693,Kerem çelik,2026-08-08 13:15:46,2459.0,2,keremelik,2026-08-10 21:02:53
386,16690763,chungkuangwen,2026-08-10 19:53:12,2458.9,2,chungkuangwen,2026-08-10 21:02:53
387,16659763,clarkzhang1031,2026-08-08 11:10:49,2457.5,2,"clarkzhang1031,huafeihuang",2026-08-10 21:02:53
388,16670433,Mohammad Osamah Atif,2026-08-07 10:24:54,2449.9,2,osamatif,2026-08-10 21:02:53
389,16651244,Knight of Favonius,2026-08-07 19:15:29,2444.7,2,ladyfaye,2026-08-10 21:02:53
390,16655952,Tianfu Wang (王天夫),2026-08-09 14:19:38,2444.2,2,wangtf96,2026-08-10 21:02:53
391,16672241,dupakdungking,2026-08-08 21:16:18,2443.7,2,primarizki,2026-08-10 21:02:53
392,16634082,Mikey Marszewski,2026-08-09 00:46:00,2439.9,2,mikeymarszewski,2026-08-10 21:02:53
393,16680065,Vishodhan,2026-08-09 11:53:49,2439.6,2,vishodhan,2026-08-10 21:02:53
394,16678506,SireeshLimbu,2026-08-08 08:39:43,2435.9,2,sireesh,2026-08-10 21:02:53
395,16664573,AdhithyaRokhith,2026-08-09 15:31:02,2435.4,2,adhithyarokhith,2026-08-10 21:02:53
396,16632516,Jiachen Li,2026-08-10 12:49:52,2434.8,2,llccqq624,2026-08-10 21:02:53
397,16684045,zekenoe,2026-08-09 16:11:56,2432.7,2,zekenos,2026-08-10 21:02:53
398,16660483,TIM,2026-08-10 19:25:21,2432.1,2,daynoryamil,2026-08-10 21:02:53
399,16661707,Rudolf HOUNLETE,2026-08-09 11:41:08,2430.2,2,queystanle,2026-08-10 21:02:53
400,16697898,Yin Li,2026-08-10 05:15:24,2428.5,2,kevin250304,2026-08-10 21:02:53
401,16625472,luna is free！,2026-08-08 11:26:52,2428.1,2,simingtan,2026-08-10 21:02:53
402,16681986,Chirantan Bhardwaj,2026-08-07 10:07:52,2427.8,1,chirantanbhardwaj,2026-08-10 21:02:53
403,16665294,Thái Văn Tài,2026-08-10 16:34:23,2427.4,2,thivnti,2026-08-10 21:02:53
404,16670058,Dahoui Alex Armel ,2026-08-07 01:02:07,2427.0,2,dahouialexarmel,2026-08-10 21:02:53
405,16660268,Sébastien Mametz (Pixs),2026-08-08 20:28:29,2424.5,2,sbastienmametzpixs,2026-08-10 21:02:53
406,16630441,yjhv buddies,2026-08-07 09:50:05,2423.8,2,bender1123123,2026-08-10 21:02:53
407,16691591,Dheeraj Kumar #3,2026-08-10 19:25:44,2423.6,2,kdheeraz,2026-08-10 21:02:53
408,16657277,Dude and Destroy,2026-08-10 16:24:58,2422.7,2,raymondbrookman,2026-08-10 21:02:53
409,16668215,renta.k,2026-08-08 15:32:02,2419.5,2,renta0426,2026-08-10 21:02:53
410,16663352,Avnish Sharma,2026-08-10 14:18:22,2419.0,2,kewlaz,2026-08-10 21:02:53
411,16691219,Yike Xu,2026-08-10 04:23:34,2410.0,2,weiyun22021,2026-08-10 21:02:53
412,16632612,Farmville,2026-08-09 22:14:48,2407.9,2,rafaelfigueiredo13,2026-08-10 21:02:53
413,16659467,AlexMoura2023,2026-08-10 17:21:26,2407.7,2,alexmoura2023,2026-08-10 21:02:53
414,16694149,maxout,2026-08-10 07:19:40,2406.4,2,"aadijoshi19,kavyabhand",2026-08-10 21:02:53
415,16627799,navazsh fathi,2026-08-08 10:28:32,2405.9,2,navazshfathi,2026-08-10 21:02:53
416,16654783,quantara.cv,2026-08-07 09:59:32,2402.8,2,goth55,2026-08-10 21:02:53
417,16684762,X-xuhui,2026-08-08 10:07:58,2399.8,2,xxuhui,2026-08-10 21:02:53
418,16623461,MightyK,2026-08-09 05:36:23,2397.7,2,anhhkhoi,2026-08-10 21:02:53
419,16634174,phibkro,2026-08-07 03:10:52,2393.7,2,phibkro,2026-08-10 21:02:53
420,16659771,DieByTheSword,2026-08-10 19:04:06,2392.2,2,przemysawstroiws,2026-08-10 21:02:53
421,16634468,Kun Zhang,2026-08-09 06:20:11,2390.5,2,beicicc,2026-08-10 21:02:53
422,16639800,Yong Ming-Jia,2026-08-10 13:04:50,2390.0,2,ymingj,2026-08-10 21:02:53
423,16675340,SHAURYA SHARMA,2026-08-10 10:59:53,2389.1,2,shauryas555,2026-08-10 21:02:53
424,16658038,Khanh,2026-08-10 03:52:17,2388.4,2,khanhp142,2026-08-10 21:02:53
425,16656382,Aevion-Labs,2026-08-10 14:44:32,2382.9,2,aevionlabs,2026-08-10 21:02:53
426,16644229,Amy Yuan,2026-08-10 06:10:05,2380.6,2,cozytato,2026-08-10 21:02:53
427,16669403,mrgrishninsb,2026-08-09 10:43:27,2379.8,2,mrgrishninsb,2026-08-10 21:02:53
428,16663515,HamsterSashka,2026-08-10 16:34:52,2379.8,2,hamstersashka,2026-08-10 21:02:53
429,16672374,kelly waldeck,2026-08-10 18:57:54,2376.6,2,kellywaldeck,2026-08-10 21:02:53
430,16624625,Harsha Vardhan,2026-08-10 07:33:35,2376.2,2,harshacode101,2026-08-10 21:02:53
431,16623368,Evgeniy Veselkov,2026-08-09 08:58:45,2375.7,2,evgeniyveselkov,2026-08-10 21:02:53
432,16624645,MistaHobbist,2026-08-08 09:07:55,2374.5,2,hobbisttech,2026-08-10 21:02:53
433,16672549,Yubo WANG,2026-08-10 11:35:57,2371.9,2,arksey,2026-08-10 21:02:53
434,16678930,Just a moroccan,2026-08-09 13:45:12,2371.8,2,zbidaamine,2026-08-10 21:02:53
435,16657941,Nick Styles,2026-08-09 20:52:28,2371.7,2,styles,2026-08-10 21:02:53
436,16663969,Aarush Kute,2026-08-10 19:43:14,2364.6,2,aarushkute,2026-08-10 21:02:53
437,16659585,Anas Riaz,2026-08-08 20:20:23,2364.0,2,anasriaz,2026-08-10 21:02:53
438,16655179,I Need an Internship,2026-08-08 06:51:00,2358.0,2,dimasibnumuthi,2026-08-10 21:02:53
439,16656990,NALLA SUMANG,2026-08-09 03:53:06,2357.9,2,sumangnalla,2026-08-10 21:02:53
440,16692432,CHARIF Younes,2026-08-10 17:33:59,2354.4,2,youyoucrf,2026-08-10 21:02:53
441,16697139,Stocks152,2026-08-10 08:19:16,2351.7,2,stocks152,2026-08-10 21:02:53
442,16655076,Tita Kongolo,2026-08-08 09:08:57,2351.1,2,titakongolo,2026-08-10 21:02:53
443,16663783,WBF_USA_NYC,2026-08-10 07:30:49,2350.8,2,wbfranci,2026-08-10 21:02:53
444,16670202,Elizabeth Park,2026-08-09 20:33:17,2347.2,2,elizabethpark,2026-08-10 21:02:53
445,16674881,Saisree Dhanasekaran,2026-08-09 07:38:37,2346.9,2,saisreedhanasekaran,2026-08-10 21:02:53
446,16630516,Seb (allegedly),2026-08-10 09:13:18,2346.9,2,sebmallia,2026-08-10 21:02:53
447,16668748,Harrison Interactive,2026-08-10 20:57:00,2346.5,2,nosiru,2026-08-10 21:02:53
448,16670117,Raj Aryan,2026-08-07 18:15:04,2346.0,2,rajaryan2503,2026-08-10 21:02:53
449,16652900,cjen07,2026-08-07 23:33:05,2345.5,2,cjen07,2026-08-10 21:02:53
450,16669778,UknesIruka,2026-08-10 01:04:19,2344.9,2,uknesiruka,2026-08-10 21:02:53
451,16664283,Nguyễn Hữu Công,2026-08-07 05:24:48,2341.8,2,nguynhucng,2026-08-10 21:02:53
452,16635781,wacata,2026-08-07 07:25:14,2341.0,2,wacata,2026-08-10 21:02:53
453,16633688,Ryo,2026-08-08 15:53:40,2338.4,2,ryosukekurakami,2026-08-10 21:02:53
454,16673002,xubenzheng,2026-08-07 15:40:31,2338.2,2,xubenzheng,2026-08-10 21:02:53
455,16655156,Pranjal Ranjan,2026-08-06 23:58:43,2337.5,2,pranjalranjan299,2026-08-10 21:02:53
456,16700116,Goldian,2026-08-10 20:12:18,2335.6,2,goldian,2026-08-10 21:02:53
457,16688265,Kyle #2,2026-08-10 01:17:48,2329.9,2,georgeturbo,2026-08-10 21:02:53
458,16662846,Kerem Ercin,2026-08-10 18:47:57,2329.5,2,keremercin,2026-08-10 21:02:53
459,16624919,Juste Me (●'◡'●),2026-08-09 14:00:21,2326.8,2,degnonguidi,2026-08-10 21:02:53
460,16631665,jatan sanghvi,2026-08-07 06:10:48,2325.9,2,jatansanghvi,2026-08-10 21:02:53
461,16670406,jessica jennifer,2026-08-09 09:14:46,2319.2,2,jessicajennifer,2026-08-10 21:02:53
462,16658044,Roshan Singh,2026-08-09 12:45:40,2318.1,2,roshanavadheshsingh,2026-08-10 21:02:53
463,16701466,HELIOS reasonning,2026-08-10 17:03:46,2315.4,1,heliosreasonning,2026-08-10 21:02:53
464,16696608,beanbamboozled,2026-08-10 10:45:19,2314.7,2,beanbamboozled,2026-08-10 21:02:53
465,16623799,Akhilesh godugu,2026-08-10 14:20:59,2314.0,2,"akhileshgodugu,ashokgodugu",2026-08-10 21:02:53
466,16671403,Alex Karpowicz,2026-08-08 18:36:52,2313.9,2,alexkarpowicz,2026-08-10 21:02:53
467,16653199,Koba,2026-08-07 09:06:33,2312.4,2,zone0906,2026-08-10 21:02:53
468,16675305,Justin Sabu Sebastian,2026-08-07 12:45:39,2305.2,2,justinsabusebastian,2026-08-10 21:02:53
469,16635969,Omkar Kadam,2026-08-10 17:04:48,2304.8,2,"itzzomkar,khanayanayub,princypaonam",2026-08-10 21:02:53
470,16626203,Manish Kumar Maurya,2026-08-07 05:40:50,2302.7,2,manishkumarmaurya11,2026-08-10 21:02:53
471,16671844,I2nfinit3y,2026-08-07 02:27:10,2301.4,2,i2nfinit3y,2026-08-10 21:02:53
472,16656118,Mutte1904,2026-08-07 05:03:56,2300.4,2,mutte1904,2026-08-10 21:02:53
473,16674919,yukiZ,2026-08-07 04:47:42,2295.9,2,hideyukizushi,2026-08-10 21:02:53
474,16661685,Lê Ngọc Lâm,2026-08-10 10:01:08,2294.3,2,lengoclam,2026-08-10 21:02:53
475,16661665,Leonardo Viola10,2026-08-10 15:19:44,2293.1,2,leonardoviola10,2026-08-10 21:02:53
476,16663264,Adarsh,2026-08-07 07:00:10,2289.4,2,madarshbb,2026-08-10 21:02:53
477,16660488,tehyoni,2026-08-09 11:43:09,2288.7,2,"gooberdambi,sidcat,suaeng,tehyoni",2026-08-10 21:02:53
478,16685763,koren sabag,2026-08-09 10:31:28,2288.4,2,korensabag,2026-08-10 21:02:53
479,16677423,songling,2026-08-09 09:01:39,2279.9,2,"lvbingrong,oralia",2026-08-10 21:02:53
480,16631101,Muneeb ul Hassan,2026-08-10 09:56:41,2279.6,2,muneeb2405,2026-08-10 21:02:53
481,16681749,rohith vinice,2026-08-09 03:57:49,2275.6,2,rohithvinice,2026-08-10 21:02:53
482,16685828,Ztr0,2026-08-09 05:53:10,2275.1,2,y1amadeus,2026-08-10 21:02:53
483,16623708,Chekhlov Dmitrii,2026-08-09 09:45:05,2274.8,2,zoli800,2026-08-10 21:02:53
484,16664120,SaiDuttaAbhishekDash,2026-08-09 17:08:59,2269.3,2,saiduttaabhishekdash,2026-08-10 21:02:53
485,16623875,Pavlo Ivanin,2026-08-09 21:19:18,2265.5,2,pavloivanin,2026-08-10 21:02:53
486,16692038,CodeHacker,2026-08-09 07:58:52,2263.9,2,junhanzangai,2026-08-10 21:02:53
487,16637919,NoOneAhead,2026-08-07 05:12:50,2263.5,2,jerrlu,2026-08-10 21:02:53
488,16680075,I_luv_magick,2026-08-07 09:50:30,2263.3,2,iluvmagick,2026-08-10 21:02:53
489,16674479,Alan Rosston,2026-08-07 08:34:52,2261.1,2,alanrosston,2026-08-10 21:02:53
490,16623920,Kazuta MIZUTA,2026-08-07 03:22:25,2258.7,2,kazutamizuta,2026-08-10 21:02:53
491,16662730,Operator-X,2026-08-08 10:06:04,2255.8,2,"jpexee,lavlinjaisonme23b250",2026-08-10 21:02:53
492,16675582,DavidX,2026-08-08 11:18:56,2254.7,2,davidasx,2026-08-10 21:02:53
493,16682892,Alvaro Llamojha,2026-08-10 06:40:11,2250.2,2,alvarollamojha,2026-08-10 21:02:53
494,16676193,Akira Hirohashi,2026-08-07 14:00:23,2248.4,2,akirahirohashi,2026-08-10 21:02:53
495,16651052,lty,2026-08-07 02:45:54,2247.4,2,linwei9,2026-08-10 21:02:53
496,16681778,kzeus@003,2026-08-09 03:54:23,2246.6,2,kzeus003,2026-08-10 21:02:53
497,16654122,Peter Thompson,2026-08-10 17:59:36,2244.8,2,mightytreefolk,2026-08-10 21:02:53
498,16677217,Panos,2026-08-10 19:56:22,2240.3,2,panosc,2026-08-10 21:02:53
499,16665654,Anurag H H,2026-08-07 05:09:02,2239.0,2,anur4ghh,2026-08-10 21:02:53
500,16654626,bgsszsa,2026-08-07 12:01:33,2236.4,2,bgsszsa,2026-08-10 21:02:53
501,16694016,Prajwal M,2026-08-09 14:20:33,2236.1,2,estrick,2026-08-10 21:02:53
502,16624921,sky machine,2026-08-10 12:12:23,2233.8,2,hweowe,2026-08-10 21:02:53
503,16653208,FabienDaniel,2026-08-07 10:17:38,2232.5,2,fabiendaniel,2026-08-10 21:02:53
504,16672136,chupaletas,2026-08-09 16:28:22,2228.8,2,urvesh,2026-08-10 21:02:53
505,16672980,Thomas Prinz,2026-08-09 13:57:51,2226.6,2,xardiphotography,2026-08-10 21:02:53
506,16658803,Rahul Jiwane,2026-08-07 03:27:52,2226.3,2,rahuljiwane,2026-08-10 21:02:53
507,16632201,neurlog,2026-08-10 11:02:04,2219.8,2,neurologist,2026-08-10 21:02:53
508,16663649,Akhil Chinta,2026-08-09 04:53:19,2219.1,2,akhilchinta1505,2026-08-10 21:02:53
509,16682753,Cam-Luan Truong,2026-08-09 08:45:10,2219.1,2,luantruong,2026-08-10 21:02:53
510,16669191,Mohammed Nomaan,2026-08-10 17:38:01,2218.5,2,nomaanz,2026-08-10 21:02:53
511,16664477,The T-MAN,2026-08-10 11:35:48,2217.5,2,otmaneelmahda,2026-08-10 21:02:53
512,16657594,Wojciech Krasowski,2026-08-07 11:21:03,2211.2,2,ci3l4k,2026-08-10 21:02:53
513,16630129,Yi Lu,2026-08-08 05:23:05,2207.9,2,liqiu0224,2026-08-10 21:02:53
514,16682514,Pavel Pavlov,2026-08-07 06:45:06,2207.0,1,akakii,2026-08-10 21:02:53
515,16664759,OrGanAIc,2026-08-10 06:05:47,2205.1,2,arghyaranjandas,2026-08-10 21:02:53
516,16653068,Shuichi Fushimi,2026-08-10 12:57:08,2203.1,2,shuichifushimi,2026-08-10 21:02:53
517,16658343,aisamhottman,2026-08-10 12:38:30,2202.8,2,heuingttiang,2026-08-10 21:02:53
518,16694065,zhangwei02,2026-08-09 12:19:59,2202.5,2,zhangwei02,2026-08-10 21:02:53
519,16688436,Zuu3scode,2026-08-10 09:00:37,2198.3,2,zuu3scode,2026-08-10 21:02:53
520,16695182,Ali Haydar Özdağ,2026-08-10 14:29:59,2196.7,2,ahoirg,2026-08-10 21:02:53
521,16651695,Koushik Rudra,2026-08-09 18:15:30,2194.1,2,koushikrudra,2026-08-10 21:02:53
522,16679519,Петьо Лазаров,2026-08-09 18:01:07,2193.5,2,pesosz,2026-08-10 21:02:53
523,16655190,Will Rice,2026-08-08 21:48:22,2192.1,2,willrice,2026-08-10 21:02:53
524,16655693,DePie,2026-08-10 08:01:37,2187.8,2,phucthaiv02,2026-08-10 21:02:53
525,16667843,durgesh dere,2026-08-07 07:01:38,2187.1,2,durgeshdere08,2026-08-10 21:02:53
526,16694744,XiaoZhiren,2026-08-10 13:03:56,2184.0,2,"ruikangan,xiaozhiren",2026-08-10 21:02:53
527,16665561,LuoXingda,2026-08-07 08:22:42,2183.9,2,luoxingda,2026-08-10 21:02:53
528,16665129,Doom,2026-08-07 11:32:38,2180.6,2,"mr6436,sanskaarundale",2026-08-10 21:02:53
529,16660209,Whyme Labs,2026-08-07 04:45:53,2180.0,2,whymelabs,2026-08-10 21:02:53
530,16681065,SYC,2026-08-07 03:22:25,2177.7,1,yichengs,2026-08-10 21:02:53
531,16623309,zyvren,2026-08-10 18:08:42,2175.8,2,sharif485,2026-08-10 21:02:53
532,16671372,Meet Sabhaya,2026-08-08 06:02:13,2175.7,2,meetsabhaya,2026-08-10 21:02:53
533,16677723,Trip Meiners,2026-08-10 17:46:49,2173.6,2,tripmeiners,2026-08-10 21:02:53
534,16669518,Galagala,2026-08-07 18:35:59,2173.5,2,b12705059,2026-08-10 21:02:53
535,16626332,MD. Nazmus Sakib Anik,2026-08-07 16:30:14,2172.6,2,beyondlogic,2026-08-10 21:02:53
536,16659610,gareeb,2026-08-10 15:46:50,2172.2,2,"arjund29,saqlainsqx,yashawl194",2026-08-10 21:02:53
537,16668029,Timbo615,2026-08-07 11:56:21,2164.8,2,timbo615,2026-08-10 21:02:53
538,16676280,agniii,2026-08-06 17:05:08,2163.7,2,agniii,2026-08-10 21:02:53
539,16623226,Hafida Belayd,2026-08-10 17:33:25,2161.0,2,hafidabelayd,2026-08-10 21:02:53
540,16672247,Movie Watch2022,2026-08-10 17:14:43,2160.7,2,moviewatch2022,2026-08-10 21:02:53
541,16681049,SiLin “Can SiLin” Can,2026-08-08 02:38:07,2159.9,2,silincansilincan,2026-08-10 21:02:53
542,16678872,ibrahim,2026-08-10 20:14:55,2155.7,2,skyfish77,2026-08-10 21:02:53
543,16687479,kowalskii,2026-08-10 18:19:19,2154.2,2,anirudhkumaraheer,2026-08-10 21:02:53
544,16684639,Bru3ll,2026-08-09 15:50:45,2153.3,2,bru3ll,2026-08-10 21:02:53
545,16697458,Lissandra Kruse Fuganti,2026-08-10 05:34:45,2151.0,2,lissandrakruse,2026-08-10 21:02:53
546,16660215,YoungDSML [dsml.kz],2026-08-06 16:29:33,2147.1,2,"mazgas,nurikw3",2026-08-10 21:02:53
547,16668700,Pranshu Ghori,2026-08-06 20:24:22,2137.8,2,pranshughori,2026-08-10 21:02:53
548,16672798,yaphanqiii,2026-08-10 05:44:55,2136.6,1,yaphanqiii,2026-08-10 21:02:53
549,16682210,Boiled-Sweet-Potato,2026-08-09 01:00:10,2133.8,2,boiledsweetpotato,2026-08-10 21:02:53
550,16669608,Jesy Lu,2026-08-07 14:45:41,2131.3,2,jesylu,2026-08-10 21:02:53
551,16655323,roma,2026-08-09 19:49:51,2130.1,2,mnroma,2026-08-10 21:02:53
552,16665233,Akash Deep,2026-08-06 15:20:56,2128.2,2,akashdeepo,2026-08-10 21:02:53
553,16670040,galaxyhunter,2026-08-09 00:05:55,2127.4,2,pkharkwal,2026-08-10 21:02:53
554,16622034,Aryan Yadav,2026-08-06 20:18:10,2125.0,2,simplexcomplex,2026-08-10 21:02:53
555,16671515,ziheng,2026-08-07 09:47:38,2122.4,2,zihengedie,2026-08-10 21:02:53
556,16662718,xlnt,2026-08-09 16:55:43,2121.1,2,"princebisht,xlnt404",2026-08-10 21:02:53
557,16667998,Speril,2026-08-10 08:28:54,2118.3,2,speril,2026-08-10 21:02:53
558,16657646,mountainbob,2026-08-06 15:03:03,2117.1,2,shongpakmanoon,2026-08-10 21:02:53
559,16656776,ShaoCharles,2026-08-10 18:47:05,2107.7,2,shaocharles,2026-08-10 21:02:53
560,16658278,Malcolm Durosaye,2026-08-09 19:11:01,2106.5,2,malcolm95,2026-08-10 21:02:53
561,16655379,Ikeda0516,2026-08-09 23:52:38,2105.7,2,ikeda0516,2026-08-10 21:02:53
562,16699784,nianyu,2026-08-10 09:46:32,2103.9,2,nianyuc,2026-08-10 21:02:53
563,16643554,Arnie Jimenez,2026-08-10 17:55:07,2102.1,2,arniejimenez,2026-08-10 21:02:53
564,16657598,Arun Mallikarjuna,2026-08-10 04:29:14,2101.6,2,arunmallikarjuna,2026-08-10 21:02:53
565,16659820,Accayo14,2026-08-06 14:20:30,2101.1,2,accayo14,2026-08-10 21:02:53
566,16668761,Lorenzo Regalado,2026-08-10 07:46:26,2097.9,2,lregaladohdez,2026-08-10 21:02:53
567,16700130,Gunjan Haldar,2026-08-10 11:46:25,2095.3,2,gunhcolab,2026-08-10 21:02:53
568,16663175,Anaconda,2026-08-10 20:39:34,2094.6,2,anaconda,2026-08-10 21:02:53
569,16658287,ArturoSirvent,2026-08-10 20:05:47,2094.2,2,arturosirvent,2026-08-10 21:02:53
570,16681007,AkiraOnojp,2026-08-08 21:46:12,2093.0,2,akiraonojp,2026-08-10 21:02:53
571,16667091,Nico Feiler,2026-08-07 14:27:47,2090.0,2,nicofeiler,2026-08-10 21:02:53
572,16670671,TAUIL Abd Elilah,2026-08-08 02:11:04,2090.0,2,tauilabdelilah,2026-08-10 21:02:53
573,16671588,Keisuke,2026-08-10 06:46:56,2088.1,2,keisukeueda,2026-08-10 21:02:53
574,16659295,snaykey,2026-08-09 22:01:48,2086.6,2,snaykey,2026-08-10 21:02:53
575,16658025,Dennis Gioche,2026-08-06 09:08:34,2078.5,2,dennisgioche,2026-08-10 21:02:53
576,16695931,Kers Aoyagi,2026-08-10 14:06:28,2075.3,2,kersaoyagi,2026-08-10 21:02:53
577,16633132,Triston Morgan,2026-08-09 12:09:29,2074.8,1,yanzhou06,2026-08-10 21:02:53
578,16626582,Omer Faruk Merey,2026-08-06 10:59:47,2071.5,1,omerfarukmerey,2026-08-10 21:02:53
579,16632675,Baran Kucuk,2026-08-07 00:31:25,2070.9,2,barankucuk,2026-08-10 21:02:53
580,16665416,zeyu lau,2026-08-10 00:55:55,2070.6,2,zeyulau,2026-08-10 21:02:53
581,16639583,typeIIIfairy,2026-08-08 09:32:35,2070.1,2,typeiiifairy,2026-08-10 21:02:53
582,16667124,Chaotic Era,2026-08-10 03:29:52,2068.2,2,sani84,2026-08-10 21:02:53
583,16675240,Leifson1337,2026-08-10 17:11:23,2064.8,2,leifson1337,2026-08-10 21:02:53
584,16659618,Jeevan Jolly,2026-08-09 11:09:37,2064.4,2,jeevanjolly,2026-08-10 21:02:53
585,16691572,stevenleehans,2026-08-10 14:06:34,2064.4,2,stevenleehans,2026-08-10 21:02:53
586,16651804,Bocen Li,2026-08-10 00:32:06,2058.7,2,bocenli,2026-08-10 21:02:53
587,16626979,Soobin An,2026-08-06 03:34:21,2057.9,2,myotterspace,2026-08-10 21:02:53
588,16639871,Aura Farming,2026-08-06 11:39:31,2056.5,2,gauthieravite,2026-08-10 21:02:53
589,16670524,Nat Bel ML Fun,2026-08-10 20:31:09,2055.6,2,natbel4ml,2026-08-10 21:02:53
590,16663780,Hamza Kanice,2026-08-09 00:08:11,2053.6,2,hamzakanice,2026-08-10 21:02:53
591,16634166,Yuki.O,2026-08-10 13:03:55,2049.6,2,yukiohkawa,2026-08-10 21:02:53
592,16676321,tao wu11,2026-08-09 06:26:30,2046.1,2,"taowu11,xujchill",2026-08-10 21:02:53
593,16667767,t3l3k3n3sis,2026-08-10 15:27:46,2044.1,2,"daffafariq,hashmatzamaryali,malsabbagh05",2026-08-10 21:02:53
594,16685450,Nadeem,2026-08-07 14:01:19,2040.8,1,nadeembinshajahan,2026-08-10 21:02:53
595,16623798,RuiKimura4,2026-08-08 04:11:01,2039.7,2,ruikimura4,2026-08-10 21:02:53
596,16653939,Amr Yasser,2026-08-06 17:56:07,2039.3,2,amryasswe,2026-08-10 21:02:53
597,16674932,kokinnwakashuu,2026-08-07 07:20:19,2038.8,2,kokinnwakashuu,2026-08-10 21:02:53
598,16641884,Blacklions.,2026-08-09 09:34:07,2037.2,2,blacklions,2026-08-10 21:02:53
599,16654704,mandgeee,2026-08-07 18:25:20,2035.0,2,mandgeee,2026-08-10 21:02:53
600,16692490,Enes Coşkun,2026-08-10 20:28:36,2033.3,2,enscskn,2026-08-10 21:02:53
601,16694317,PRITIKA SA,2026-08-09 07:17:19,2031.1,2,pritikasa,2026-08-10 21:02:53
602,16666358,GAYATHRI SALINI,2026-08-07 07:55:26,2030.6,2,gayathrisalini09,2026-08-10 21:02:53
603,16659679,Civitasmass,2026-08-06 10:53:16,2029.8,2,godhand,2026-08-10 21:02:53
604,16669491,Parakh Sharma,2026-08-06 10:59:33,2028.7,2,parakh20,2026-08-10 21:02:53
605,16624485,Nishant Dahal,2026-08-10 02:24:42,2027.4,2,nishantdahal,2026-08-10 21:02:53
606,16664379,N_Matsumoto24,2026-08-07 08:45:35,2026.9,2,nmatsumoto24,2026-08-10 21:02:53
607,16639746,Kyle Wang,2026-08-10 12:34:54,2025.9,2,ky1ewan9,2026-08-10 21:02:53
608,16669038,Nabeel Shar,2026-08-09 13:29:09,2025.7,2,nabeelshar,2026-08-10 21:02:53
609,16622319,Roman Tamrazov 52,2026-08-07 18:51:27,2024.4,2,romantamrazov,2026-08-10 21:02:53
610,16624040,kumk,2026-08-07 22:44:03,2022.5,1,kknagoya,2026-08-10 21:02:53
611,16693886,spellstriker,2026-08-09 23:53:09,2020.7,2,spellstriker,2026-08-10 21:02:53
612,16658245,ziliangCok,2026-08-06 07:36:04,2014.6,2,ziliangcok,2026-08-10 21:02:53
613,16684947,Hoaquason,2026-08-09 18:43:23,2014.0,2,"datnguyen0102,mibombaclat",2026-08-10 21:02:53
614,16689488,Ming Fong,2026-08-08 07:23:41,2012.4,1,evilpegasus,2026-08-10 21:02:53
615,16666057,StopPlantingStartGameTheorying,2026-08-10 10:48:39,2009.8,2,mymelodyenjoyer,2026-08-10 21:02:53
616,16668545,Ronty00,2026-08-06 08:24:07,2009.1,2,ronty00,2026-08-10 21:02:53
617,16644150,J.M.Mubasshir Rahman,2026-08-09 17:15:01,2006.1,2,jmmubasshirrahman,2026-08-10 21:02:53
618,16655497,cszf_first,2026-08-09 02:06:46,2005.2,2,cszffirst,2026-08-10 21:02:53
619,16661899,AAI,2026-08-09 14:23:08,2004.4,2,aiolapo,2026-08-10 21:02:53
620,16622919,Waffle,2026-08-10 02:42:54,2004.0,2,waffle3z,2026-08-10 21:02:53
621,16669273,Parag,2026-08-07 02:10:29,2000.4,2,paragkale,2026-08-10 21:02:53
622,16667606,Manifolds1,2026-08-06 16:36:46,2000.2,2,ptrakuldit,2026-08-10 21:02:53
623,16663247,Ak,2026-08-10 20:35:46,2000.0,2,abisheksrivastav,2026-08-10 21:02:53
624,16669911,Batuhan Ustun,2026-08-10 04:48:04,1999.5,2,batustun,2026-08-10 21:02:53
625,16622420,RuiFSPinto,2026-08-10 13:49:50,1998.3,2,ruifspinto,2026-08-10 21:02:53
626,16688732,tully_boss,2026-08-10 04:19:49,1997.0,2,"gnux1408,tanakaai24",2026-08-10 21:02:53
627,16677399,lyts,2026-08-09 21:35:13,1993.5,2,lytsyyds,2026-08-10 21:02:53
628,16654662,2/3 rounded to two decimals,2026-08-06 00:49:19,1990.8,2,rnold2,2026-08-10 21:02:53
629,16633173,Saulo Quiñones Góngora,2026-08-07 19:51:42,1990.7,2,sauloquionesgngora,2026-08-10 21:02:53
630,16621063,Aikyatan Sinha,2026-08-07 16:53:10,1989.7,2,aikyatansinha,2026-08-10 21:02:53
631,16667714,ZhexinJiang,2026-08-06 11:26:30,1988.8,1,zhexinjiang,2026-08-10 21:02:53
632,16625908,trantrikien239,2026-08-06 04:32:29,1987.7,2,trantrikien239,2026-08-10 21:02:53
633,16663369,csteeve,2026-08-07 18:44:37,1987.0,2,csteeve,2026-08-10 21:02:53
634,16632294,Rajan Nagarajan,2026-08-09 13:30:22,1986.9,2,narajan,2026-08-10 21:02:53
635,16687724,Yijue1,2026-08-08 13:23:18,1984.6,2,yijue1,2026-08-10 21:02:53
636,16664252,Huy Hoang,2026-08-06 07:37:05,1983.0,2,themeend,2026-08-10 21:02:53
637,16659727,shuaiqiyang,2026-08-06 08:48:53,1982.8,2,shuaiqiyang,2026-08-10 21:02:53
638,16692883,coolguy,2026-08-08 20:56:21,1977.5,1,vihangpagare334,2026-08-10 21:02:53
639,16698661,Albert Wang,2026-08-10 03:51:15,1977.4,1,mianwang1024,2026-08-10 21:02:53
640,16645078,A Aswanth Raj,2026-08-09 08:57:36,1976.7,2,aaswanthraj,2026-08-10 21:02:53
641,16665702,Aman Gupta,2026-08-06 08:09:05,1975.6,2,amangupta0014,2026-08-10 21:02:53
642,16660091,bcTiann,2026-08-06 05:55:54,1975.5,2,bctiann,2026-08-10 21:02:53
643,16635518,ROFIQUL ALAM SHEHAB,2026-08-09 11:49:00,1974.2,2,rofiqulalamshehab,2026-08-10 21:02:53
644,16657803,Arya Mazloomi,2026-08-06 17:16:14,1970.7,2,aryamazloomi,2026-08-10 21:02:53
645,16658709,Kaggler Albafica,2026-08-06 10:05:39,1967.3,2,kaggleralan,2026-08-10 21:02:53
646,16694751,im_justmatthew,2026-08-10 11:27:00,1967.0,2,imjustmatthew,2026-08-10 21:02:53
647,16637255,Peter Parker,2026-08-10 18:58:59,1966.6,2,superallen001,2026-08-10 21:02:53
648,16635890,Poojan,2026-08-06 09:44:47,1965.6,2,poojankumartandel,2026-08-10 21:02:53
649,16657091,raw2clean,2026-08-06 09:15:01,1962.7,2,raw2clean,2026-08-10 21:02:53
650,16638998,khalid harouach,2026-08-10 17:56:25,1952.8,2,khalidharouach,2026-08-10 21:02:53
651,16677565,Avish Sinha,2026-08-09 06:04:07,1951.8,2,avish006,2026-08-10 21:02:53
652,16686155,梁圣的恩情还不完,2026-08-09 09:52:59,1951.1,2,yyyyhhhhwww,2026-08-10 21:02:53
653,16666939,20237208_黄奕恺,2026-08-10 05:08:19,1951.0,2,mrhuangyy,2026-08-10 21:02:53
654,16655912,sssskilo,2026-08-07 09:54:24,1950.7,2,wellkilo,2026-08-10 21:02:53
655,16632446,Abdul Wahab Khan,2026-08-06 04:53:37,1947.1,1,abdulwahab2321,2026-08-10 21:02:53
656,16621075,Octavi Grau,2026-08-07 11:26:42,1946.4,2,octaviograu,2026-08-10 21:02:53
657,16663252,MD Concepcion,2026-08-10 02:54:21,1942.5,2,mikedconcepcion,2026-08-10 21:02:53
658,16683982,Kenny,2026-08-09 21:25:40,1941.8,2,kmonar,2026-08-10 21:02:53
659,16669542,Agzam,2026-08-06 05:09:43,1941.5,2,mazgag,2026-08-10 21:02:53
660,16686843,Juraj Zelman,2026-08-09 08:40:09,1939.7,2,jurajzelman,2026-08-10 21:02:53
661,16689389,Chukunder,2026-08-09 11:21:51,1937.0,2,"farbricated,sarikajivrajika",2026-08-10 21:02:53
662,16643922,Konstantin03,2026-08-07 13:37:54,1936.6,2,konstantin03,2026-08-10 21:02:53
663,16693374,Henfry De Los Santos,2026-08-10 00:12:14,1935.5,2,henfrydelossantos,2026-08-10 21:02:53
664,16675486,SALAH ELDIN ELNABARAWY,2026-08-08 17:50:16,1932.8,2,salaheldinelnabarawy,2026-08-10 21:02:53
665,16660255,Revanth Tambisetty,2026-08-09 13:33:26,1930.7,2,revanthtambisetty,2026-08-10 21:02:53
666,16699082,Sakthei,2026-08-10 15:44:05,1930.0,2,sakthei,2026-08-10 21:02:53
667,16623381,cocoaAI,2026-08-10 13:52:23,1928.4,2,cocoaai,2026-08-10 21:02:53
668,16638375,Tran H Hoang,2026-08-10 15:44:24,1927.7,2,tranhhoang,2026-08-10 21:02:53
669,16653855,Klgv Klgv,2026-08-06 11:54:38,1925.7,2,klgvklgv,2026-08-10 21:02:53
670,16675027,namanbnsl,2026-08-06 13:02:52,1924.6,2,namanbnsl,2026-08-10 21:02:53
671,16652710,Ryutogrrr,2026-08-10 08:03:41,1924.3,2,ryutogrrr,2026-08-10 21:02:53
672,16654742,Aastik Rajan15,2026-08-10 16:20:41,1921.2,2,aastikrajan15,2026-08-10 21:02:53
673,16660333,Deanos Crew,2026-08-09 17:42:34,1920.7,2,jamescole0101,2026-08-10 21:02:53
674,16661768,Lợi Trần Bảo,2026-08-10 14:47:01,1919.3,2,litrnbo,2026-08-10 21:02:53
675,16676038,Adyanth M,2026-08-09 05:12:40,1919.2,2,adyanthm,2026-08-10 21:02:53
676,16665431,Monojit Nandy,2026-08-06 11:50:38,1919.0,2,vedarthmn,2026-08-10 21:02:53
677,16676356,Wander waal,2026-08-06 14:55:52,1918.5,1,wanderwaal,2026-08-10 21:02:53
678,16653085,haoran huang430,2026-08-06 02:37:22,1915.9,2,haoranhuang430,2026-08-10 21:02:53
679,16673155,Babar Khilji,2026-08-06 15:55:26,1913.3,2,babarkhilji,2026-08-10 21:02:53
680,16689471,wenjinyang,2026-08-09 15:26:53,1908.3,2,wenjinyang,2026-08-10 21:02:53
681,16624977,Avikumar93801,2026-08-06 10:59:17,1906.6,2,avikumar93801,2026-08-10 21:02:53
682,16667503,Yuzuki,2026-08-05 12:19:45,1906.1,1,yuzukiohya,2026-08-10 21:02:53
683,16625013,sash,2026-08-05 01:00:10,1905.8,2,sash2104,2026-08-10 21:02:53
684,16622454,automatylicza,2026-08-09 12:23:31,1905.0,2,automatylicza,2026-08-10 21:02:53
685,16665500,Madan kumar,2026-08-10 15:54:08,1903.9,2,winklemad,2026-08-10 21:02:53
686,16672040,Tom Yim,2026-08-10 09:27:11,1899.5,2,tomyim,2026-08-10 21:02:53
687,16675780,susutem,2026-08-09 12:02:48,1898.7,2,susutem,2026-08-10 21:02:53
688,16664609,Re2lawd,2026-08-10 08:03:03,1897.9,2,re2lawd,2026-08-10 21:02:53
689,16621590,Yaroslav,2026-08-09 14:34:12,1897.3,2,yaroslavrogoza,2026-08-10 21:02:53
690,16661362,BEETRiX🦋,2026-08-10 12:29:16,1897.2,2,johannaleighdeley,2026-08-10 21:02:53
691,16669490,hinemos,2026-08-10 08:33:49,1894.0,2,hinemos,2026-08-10 21:02:53
692,16654585,David Pedersen,2026-08-10 05:05:14,1893.6,2,semalytics,2026-08-10 21:02:53
693,16660594,XIAODOUZI,2026-08-10 17:21:49,1893.2,2,xiaodouzi666,2026-08-10 21:02:53
694,16635363,aurax7,2026-08-07 15:30:10,1893.1,2,aurax7,2026-08-10 21:02:53
695,16654995,Artem Voronov,2026-08-09 19:10:40,1892.1,2,artemyvoronov,2026-08-10 21:02:53
696,16672520,Nah I'd win,2026-08-07 08:09:12,1888.8,2,asutriy,2026-08-10 21:02:53
697,16690889,B A S E L #,2026-08-08 14:47:22,1887.4,2,basselll,2026-08-10 21:02:53
698,16635745,João Victor,2026-08-10 12:01:29,1886.5,2,jvlegend,2026-08-10 21:02:53
699,16665841,Mohit Rao,2026-08-09 05:05:31,1886.1,2,vmohitrao,2026-08-10 21:02:53
700,16661570,sissoko cheick,2026-08-10 20:14:41,1878.6,2,sissokocheick,2026-08-10 21:02:53
701,16685626,Livingstone Selassie,2026-08-10 16:10:53,1878.0,2,"hackerx019,livingstoneselassie",2026-08-10 21:02:53
702,16684641,t.me/aetheranime,2026-08-10 01:32:17,1872.9,2,yfrite,2026-08-10 21:02:53
703,16662492,Lester Leong,2026-08-09 02:16:55,1872.2,2,lesterleong,2026-08-10 21:02:53
704,16662914,Apollo's cattles,2026-08-09 17:15:47,1871.5,2,"icr007,kennethlie16,romanrozen",2026-08-10 21:02:53
705,16633100,Emile Andrieu,2026-08-09 10:03:42,1869.2,2,emileandrieu,2026-08-10 21:02:53
706,16627472,CloverFarm,2026-08-09 05:01:18,1865.6,2,ljs2546,2026-08-10 21:02:53
707,16660281,xiy lin,2026-08-08 21:24:13,1864.7,2,xiylin,2026-08-10 21:02:53
708,16634654,unknown,2026-08-08 02:11:24,1863.9,2,abdullahshafi2021,2026-08-10 21:02:53
709,16702754,Boris Matsakov,2026-08-10 20:11:04,1863.8,1,borismatsakov,2026-08-10 21:02:53
710,16660120,gktdgktdgktd,2026-08-07 07:50:45,1863.7,2,gktdgktdgktd,2026-08-10 21:02:53
711,16660537,Furina,2026-08-08 13:52:01,1859.6,2,cjlcjlcjl,2026-08-10 21:02:53
712,16672003,carlscamt,2026-08-07 16:50:12,1857.9,2,carlscamt,2026-08-10 21:02:53
713,16667052,Dandan Li,2026-08-09 17:48:11,1857.8,2,clcll532x,2026-08-10 21:02:53
714,16664827,Jose Miguel Diez de la Lastra,2026-08-07 16:08:49,1857.6,2,josemigueldiez,2026-08-10 21:02:53
715,16671424,cicen1139,2026-08-10 02:02:39,1857.5,2,cicen1139,2026-08-10 21:02:53
716,16683909,"Krzysztof ""Chris"" Karaszewski",2026-08-09 08:07:50,1854.5,2,futureofworkchannel,2026-08-10 21:02:53
717,16670791,Hugelidus,2026-08-07 06:33:35,1852.4,2,hugelidus,2026-08-10 21:02:53
718,16695242,Utkarsh Prakash Srivastava,2026-08-09 10:47:26,1851.0,2,utkarshps,2026-08-10 21:02:53
719,16665237,get some fries,2026-08-10 17:26:53,1847.7,2,"richardsilence,tongyuexiao",2026-08-10 21:02:53
720,16653958,seowoohyeon,2026-08-06 11:48:06,1845.1,2,seowoohyeon,2026-08-10 21:02:53
721,16659550,Sai Syam,2026-08-10 15:55:15,1842.8,2,saisyam,2026-08-10 21:02:53
722,16655758,patience,2026-08-10 13:25:19,1841.8,2,weirdocurry,2026-08-10 21:02:53
723,16657796,parv goyal2,2026-08-10 18:52:40,1841.1,2,parvgoyal2,2026-08-10 21:02:53
724,16623665,Giba,2026-08-05 22:44:41,1840.4,2,titericz,2026-08-10 21:02:53
725,16692970,LakoMoor,2026-08-09 17:43:25,1839.2,2,lakomoor,2026-08-10 21:02:53
726,16667147,Daksh Bhalala,2026-08-06 02:54:05,1839.0,1,dakshbhalala,2026-08-10 21:02:53
727,16681927,Dariush Afshar,2026-08-09 05:55:14,1838.1,2,dariushafshar,2026-08-10 21:02:53
728,16702482,Carlos Navarro,2026-08-10 18:15:22,1837.5,2,navarr0,2026-08-10 21:02:53
729,16660101,Zarathustra,2026-08-10 03:56:14,1836.8,2,rezkyadytama,2026-08-10 21:02:53
730,16659776,Ben Hamilton,2026-08-10 16:56:23,1835.2,2,kineticaxisstudio,2026-08-10 21:02:53
731,16695283,Mark Baushenko,2026-08-09 10:45:53,1833.3,1,e0xextazy,2026-08-10 21:02:53
732,16676283,jnurik,2026-08-07 17:24:01,1832.5,2,nurdauletmoldik,2026-08-10 21:02:53
733,16659996,Schwifty,2026-08-10 16:51:26,1831.4,2,schwiftyc137,2026-08-10 21:02:53
734,16685349,Onelux,2026-08-10 12:23:42,1830.6,2,leehomhuang,2026-08-10 21:02:53
735,16683865,Shin7jp,2026-08-09 04:23:34,1828.7,2,shin7jp,2026-08-10 21:02:53
736,16665976,Daksh Goyal,2026-08-08 20:36:06,1826.2,2,dakshgoyal387,2026-08-10 21:02:53
737,16660430,Hassaan Ibrahim,2026-08-10 12:45:55,1824.0,2,hassaanibrahim,2026-08-10 21:02:53
738,16673250,Prashant,2026-08-09 10:21:49,1823.2,2,"kajalsinghrajpoot,prashantxo",2026-08-10 21:02:53
739,16655277,GUAM,2026-08-10 10:28:23,1822.9,2,"jeongminlee92,kmmmvs",2026-08-10 21:02:53
740,16640058,Justin CH123,2026-08-10 13:23:08,1821.8,2,justinch123,2026-08-10 21:02:53
741,16658717,Aditya Kapadia,2026-08-06 14:32:16,1818.5,2,adityakapadia2003,2026-08-10 21:02:53
742,16698134,Hossein,2026-08-10 01:14:51,1814.7,1,tomi85,2026-08-10 21:02:53
743,16666686,yolo,2026-08-08 12:08:38,1813.2,2,avin55,2026-08-10 21:02:53
744,16670999,Maksonch1k,2026-08-06 09:08:09,1811.3,2,maksonch1k,2026-08-10 21:02:53
745,16670755,Amine zeDDouk,2026-08-10 19:09:54,1803.6,2,aminezeddouk,2026-08-10 21:02:53
746,16635317,KAKA Minishijie,2026-08-10 12:41:23,1802.4,2,kakaminishijie,2026-08-10 21:02:53
747,16668995,MD.Firoj Khondokar,2026-08-06 11:05:13,1801.1,2,mdfirojkhondokar,2026-08-10 21:02:53
748,16692457,t2better,2026-08-10 11:37:57,1800.7,2,t2better,2026-08-10 21:02:53
749,16632172,Ayodeji,2026-08-10 02:18:33,1799.6,2,ayodejiibrahimlateef,2026-08-10 21:02:53
750,16666027,CropBOTS,2026-08-07 17:48:02,1797.0,2,"anshultickoo,itsmepooja,manuakumar,sapnajain115",2026-08-10 21:02:53
751,16623836,awarse,2026-08-07 09:31:46,1796.1,2,awarse,2026-08-10 21:02:53
752,16662161,Touhidul Alam Seyam,2026-08-10 12:39:51,1795.1,2,seyamalam,2026-08-10 21:02:53
753,16623485,XtraLearning,2026-08-09 17:10:36,1794.9,2,xcessivesmash,2026-08-10 21:02:53
754,16673234,MACvengers,2026-08-10 05:01:44,1794.8,2,"astrojaswanthkumar,ikpikp",2026-08-10 21:02:53
755,16699741,Tom3,2026-08-10 12:56:05,1794.7,2,tomohiroaz,2026-08-10 21:02:53
756,16684128,NIklitaCheporev,2026-08-10 19:14:39,1791.9,2,niklitacheporev,2026-08-10 21:02:53
757,16659730,Zhang Yingluo,2026-08-10 08:15:53,1791.5,2,zhangyingluo,2026-08-10 21:02:53
758,16635280,Narendra Sirvi,2026-08-07 03:39:58,1791.2,2,narendras78,2026-08-10 21:02:53
759,16703045,NNMax,2026-08-10 20:11:37,1789.1,1,ashok205,2026-08-10 21:02:53
760,16657957,Mounika Kommireddy,2026-08-08 07:57:32,1788.8,2,mounikakommireddy,2026-08-10 21:02:53
761,16657449,Тимофей Мартыщенко,2026-08-05 17:20:55,1788.4,2,timmass2,2026-08-10 21:02:53
762,16688898,Sanskar Omar,2026-08-09 11:10:44,1782.7,2,sanskaromar7,2026-08-10 21:02:53
763,16655383,MtN,2026-08-10 10:21:39,1782.6,2,mariotrsn,2026-08-10 21:02:53
764,16664409,Kathi Munishwar,2026-08-09 03:37:05,1781.8,1,kathimunishwar,2026-08-10 21:02:53
765,16655477,Nitesh Ranjan Singh,2026-08-08 10:54:09,1776.7,2,niteshranjansingh,2026-08-10 21:02:53
766,16657989,vishnu gopal P,2026-08-08 12:27:56,1776.2,2,vishnugp,2026-08-10 21:02:53
767,16622820,Sergey Nefedov,2026-08-06 12:21:31,1775.1,2,sergionefedov,2026-08-10 21:02:53
768,16658875,Noah Bishop,2026-08-10 09:56:34,1774.6,2,noahbishop1,2026-08-10 21:02:53
769,16685556,binghua_123,2026-08-10 15:01:16,1773.8,2,binghua123,2026-08-10 21:02:53
770,16658723,Waleed Alkhateeb,2026-08-05 13:31:44,1772.2,2,waleedalkhateeb,2026-08-10 21:02:53
771,16624309,jjamppongmandu,2026-08-10 01:36:25,1772.1,2,"beckspeca,hihiimj,jjamppongmandu",2026-08-10 21:02:53
772,16641326,IY,2026-08-05 19:27:31,1769.6,2,irotrader,2026-08-10 21:02:53
773,16653890,YUKRUB,2026-08-10 19:39:16,1768.2,2,yukrub,2026-08-10 21:02:53
774,16662041,Thu Nguyen,2026-08-08 14:58:22,1766.9,2,thunguyen1510,2026-08-10 21:02:53
775,16657877,zigiella,2026-08-08 20:10:28,1764.7,2,zigiella,2026-08-10 21:02:53
776,16668736,bhundreds,2026-08-06 16:28:39,1764.4,2,hundreds1103,2026-08-10 21:02:53
777,16655559,Fajri Yanuar Shiddiq Juanda,2026-08-10 19:49:32,1762.9,2,fajriyanuar,2026-08-10 21:02:53
778,16679371,ΛYMΞNRH,2026-08-09 16:21:02,1762.3,2,aymnrh,2026-08-10 21:02:53
779,16652750,Bahadir Selim Bakla ,2026-08-10 20:46:24,1759.6,2,bahadirselimbakla,2026-08-10 21:02:53
780,16675088,Andrei Chulkov,2026-08-10 13:28:37,1758.4,2,andreichulkov,2026-08-10 21:02:53
781,16660613,今日洗澡明日香,2026-08-07 09:58:49,1755.5,2,"jasperkag,ryjiang,timmengzh,yningc",2026-08-10 21:02:53
782,16633773,copasta,2026-08-09 00:03:00,1755.1,2,copasta,2026-08-10 21:02:53
783,16621741,Andrey Naymushin,2026-08-10 17:42:04,1752.1,2,andrewsokolovsky,2026-08-10 21:02:53
784,16663748,Calmracer,2026-08-09 23:51:43,1750.7,2,ethanhall123,2026-08-10 21:02:53
785,16665256,zhoujqi,2026-08-06 18:31:31,1748.5,2,zhoujqi,2026-08-10 21:02:53
786,16654081,Aleksei Ponomarev,2026-08-06 00:43:57,1744.7,2,alekseiponomarev,2026-08-10 21:02:53
787,16671767,Kaileh57,2026-08-09 12:28:36,1742.4,2,kaileh57,2026-08-10 21:02:53
788,16637458,OlivierS,2026-08-08 09:05:41,1739.4,2,oliviers,2026-08-10 21:02:53
789,16689274,Anyeson,2026-08-09 13:52:24,1738.4,2,anyeson,2026-08-10 21:02:53
790,16677107,gagacrow,2026-08-10 14:01:10,1738.3,2,gagacrow,2026-08-10 21:02:53
791,16690065,JiangWenfeng1,2026-08-10 04:30:20,1738.2,2,jiangwenfeng1,2026-08-10 21:02:53
792,16661739,Spandan Mhapsekar,2026-08-08 10:39:41,1737.6,2,spandanmhapsekar,2026-08-10 21:02:53
793,16666282,Bang sion,2026-08-10 06:05:24,1734.9,2,bangsioni,2026-08-10 21:02:53
794,16663271,Malyshev Danil,2026-08-05 14:57:19,1734.8,2,malyshevdanil,2026-08-10 21:02:53
795,16683439,Kong Zhi Syuen,2026-08-10 19:46:41,1733.9,2,kongzhisyuen,2026-08-10 21:02:53
796,16658382,vladee,2026-08-10 16:50:37,1731.3,2,vladee,2026-08-10 21:02:53
797,16697844,Noobykiller16,2026-08-10 20:31:53,1731.0,2,noobykiller16,2026-08-10 21:02:53
798,16679155,jeziorop,2026-08-06 20:34:53,1728.2,1,jeziorop,2026-08-10 21:02:53
799,16630825,Shuhan Yang,2026-08-10 02:58:54,1726.1,2,"asherjyd,qizhiran,yukundu231100",2026-08-10 21:02:53
800,16630713,Grzegorz Sionkowski,2026-08-07 06:31:05,1722.8,2,sionek,2026-08-10 21:02:53
801,16663457,Furqan102102,2026-08-09 12:02:35,1721.6,2,furqan102102,2026-08-10 21:02:53
802,16622242,Robert Koval,2026-08-10 16:20:49,1717.2,2,robertkoval,2026-08-10 21:02:53
803,16652827,Rob C,2026-08-09 13:43:48,1716.5,2,robertcheah,2026-08-10 21:02:53
804,16658789,Zhanpeng.W,2026-08-08 10:05:26,1716.1,2,zhanpengw,2026-08-10 21:02:53
805,16639979,naphthalene,2026-08-07 08:45:35,1713.3,2,"aaa0342,leehyungjoon,minjek,trv449",2026-08-10 21:02:53
806,16668049,Masayoshi Kurihara,2026-08-09 08:26:54,1712.5,2,masayoshikurihara,2026-08-10 21:02:53
807,16695799,Vaycheslav,2026-08-09 19:44:14,1711.7,2,vaycheslav,2026-08-10 21:02:53
808,16678462,Eric Han Wang,2026-08-10 20:17:43,1711.2,2,ericwang03,2026-08-10 21:02:53
809,16663229,kakuteki,2026-08-10 05:48:46,1711.2,2,kakuteki,2026-08-10 21:02:53
810,16693193,Efrain Garay,2026-08-10 10:19:40,1709.6,2,efraingaray7,2026-08-10 21:02:53
811,16669826,Jesse,2026-08-09 16:12:43,1708.1,2,jesneuman,2026-08-10 21:02:53
812,16658499,Grifun,2026-08-09 03:24:51,1704.1,2,msingatullin,2026-08-10 21:02:53
813,16661509,FeedMeSeymour,2026-08-10 18:42:08,1703.5,2,michaelgreenhut,2026-08-10 21:02:53
814,16622934,Ümit Anık,2026-08-10 20:08:29,1703.3,2,mitank,2026-08-10 21:02:53
815,16665015,laiba razzaq10,2026-08-07 14:21:49,1703.0,2,laibarazzaq10,2026-08-10 21:02:53
816,16693488,Bernard Boatey,2026-08-09 16:36:58,1702.9,2,bernardboatey,2026-08-10 21:02:53
817,16670384,Gordeev Max,2026-08-05 20:52:17,1700.7,2,gordeevmax,2026-08-10 21:02:53
818,16689084,Tam1m,2026-08-08 06:48:32,1695.6,2,booleanwolf,2026-08-10 21:02:53
819,16685743,Alex Oranov,2026-08-10 15:16:12,1695.1,2,aoranov,2026-08-10 21:02:53
820,16666163,Muthuraman Raman 7,2026-08-06 05:25:09,1694.7,2,muthuramanraman7,2026-08-10 21:02:53
821,16673881,Sebastian Johansson,2026-08-10 13:37:36,1693.9,2,sebbejohansson,2026-08-10 21:02:53
822,16667922,JungHwan,2026-08-05 13:34:36,1692.1,2,najunghwan,2026-08-10 21:02:53
823,16670304,Daniel Tomaro1,2026-08-09 03:03:06,1691.3,2,danieltomaro1,2026-08-10 21:02:53
824,16668622,Michael McGrain,2026-08-07 19:19:34,1690.4,2,michaelmcgrain,2026-08-10 21:02:53
825,16655610,GPTatoes,2026-08-10 03:08:53,1688.9,2,"angran,kaixuanosmas",2026-08-10 21:02:53
826,16688579,Long Hu,2026-08-09 09:41:04,1687.2,1,longhul,2026-08-10 21:02:53
827,16679004,Kevin Zhao,2026-08-08 08:07:36,1685.5,2,kevinzhao666,2026-08-10 21:02:53
828,16654403,Skibidi Six Seven,2026-08-10 20:48:14,1676.6,2,iam4722202468,2026-08-10 21:02:53
829,16675655,TrebolNoir_,2026-08-09 23:47:07,1675.2,2,trebolnoir,2026-08-10 21:02:53
830,16659525,Dang Khoa Nguyen,2026-08-10 03:27:32,1672.9,2,khoadangnguye,2026-08-10 21:02:53
831,16675344,Azelearn,2026-08-08 15:43:00,1672.7,2,androidss,2026-08-10 21:02:53
832,16655715,Chin,2026-08-10 07:53:45,1672.0,2,qinyukun,2026-08-10 21:02:53
833,16658931,somewhere after,2026-08-06 23:07:24,1671.4,2,amaterasuuuuu,2026-08-10 21:02:53
834,16676739,Jonathan Zheng Jiahao,2026-08-08 15:08:55,1671.1,2,jonathanzhengjiahao,2026-08-10 21:02:53
835,16654373,thwaitsusa2,2026-08-10 17:22:28,1670.8,2,thwaitsusa2,2026-08-10 21:02:53
836,16692272,Ddere008,2026-08-10 18:48:45,1668.0,2,ddere008,2026-08-10 21:02:53
837,16672128,Cliffton,2026-08-10 03:31:25,1667.2,2,rieltzx,2026-08-10 21:02:53
838,16664239,VK_Kaggriculture..StartCompet,2026-08-05 02:03:48,1663.3,1,venkatkumar001,2026-08-10 21:02:53
839,16656345,sunchang71,2026-08-05 14:05:13,1660.5,2,sunchang71,2026-08-10 21:02:53
840,16622788,Fitzcarraldo,2026-08-07 14:17:24,1660.4,2,ivankuc,2026-08-10 21:02:53
841,16663946,Hello San Francisco,2026-08-10 21:00:34,1660.0,2,"circiumaru,dulgherustefan,radugoga",2026-08-10 21:02:53
842,16685634,Syed Asad Ali,2026-08-10 11:03:51,1657.7,2,syed3000,2026-08-10 21:02:53
843,16624003,weedfarmer,2026-08-08 05:34:16,1656.2,2,aleksanderhan,2026-08-10 21:02:53
844,16644565,Suda,2026-08-10 15:57:26,1653.2,2,chaneyma,2026-08-10 21:02:53
845,16682195,celefefwefwe1,2026-08-10 09:14:44,1653.1,2,celefefwefwe1,2026-08-10 21:02:53
846,16681275,CUG HeQiao,2026-08-10 06:05:44,1652.4,2,cugheqiao,2026-08-10 21:02:53
847,16623969,Akira Imae,2026-08-10 13:11:29,1646.5,2,imaeakira,2026-08-10 21:02:53
848,16681480,Kevin Nguyen,2026-08-10 09:30:12,1644.9,2,haidangnguyen1802,2026-08-10 21:02:53
849,16621716,harlen,2026-08-06 08:04:24,1640.7,2,harlenka,2026-08-10 21:02:53
850,16682183,lihaha.36,2026-08-10 09:13:21,1639.2,2,lihaha36,2026-08-10 21:02:53
851,16668647,THIRUPATHI KANNAN K,2026-08-05 15:50:54,1639.0,2,thirupathikannank,2026-08-10 21:02:53
852,16666625,Nguyen Ngoc Thien,2026-08-07 16:12:04,1638.9,2,ngocthienai,2026-08-10 21:02:53
853,16684075,Tianfang Li,2026-08-10 02:39:00,1638.4,2,tianfangli1,2026-08-10 21:02:53
854,16652896,R^2 negative,2026-08-04 23:14:38,1638.4,2,rktqwe,2026-08-10 21:02:53
855,16664170,SpookyHippo,2026-08-06 02:44:29,1638.1,2,spookyhippo,2026-08-10 21:02:53
856,16670221,fle3n,2026-08-08 19:48:37,1635.9,2,fleongg,2026-08-10 21:02:53
857,16639496,Sai Teja Bandaru,2026-08-05 20:22:51,1635.6,2,saitejabandaruin,2026-08-10 21:02:53
858,16660371,José Luis Gómezz,2026-08-10 11:58:37,1634.5,2,josluisgmezz,2026-08-10 21:02:53
859,16683852,Abhiram Anil,2026-08-08 06:26:11,1633.7,2,abhiramanil,2026-08-10 21:02:53
860,16667479,Leon Christians,2026-08-08 20:22:20,1632.4,2,leonchristians,2026-08-10 21:02:53
861,16666826,Simone di costanzo,2026-08-07 19:38:11,1632.3,2,simonedicostanzo,2026-08-10 21:02:53
862,16655763,Diogo Sena,2026-08-08 21:57:03,1628.1,2,diogodmsena,2026-08-10 21:02:53
863,16668406,VAP RF5,2026-08-05 14:41:12,1627.5,1,vaprf5,2026-08-10 21:02:53
864,16654042,B.Pushpanjali,2026-08-09 08:14:32,1626.6,2,"bpushpanjali,vinithwade",2026-08-10 21:02:53
865,16654158,Md. Hamid Hosen,2026-08-06 18:52:05,1622.2,2,hosen42,2026-08-10 21:02:53
866,16663099,Md. Abdullah Al Mamun,2026-08-05 02:16:43,1621.7,2,mamun18,2026-08-10 21:02:53
867,16623812,SeshuRaju 🧘‍♂️,2026-08-05 09:25:46,1621.6,2,seshurajup,2026-08-10 21:02:53
868,16663808,Fae Gaze,2026-08-05 16:10:17,1620.8,1,achievement,2026-08-10 21:02:53
869,16685358,Nuno Ferreira,2026-08-07 13:48:37,1620.7,1,ngcferreira,2026-08-10 21:02:53
870,16638909,mbscgi,2026-08-04 22:48:03,1617.2,2,mbscgi,2026-08-10 21:02:53
871,16670378,Ari Carter,2026-08-08 23:18:02,1617.0,2,aricarter,2026-08-10 21:02:53
872,16677675,Roman Mironov,2026-08-06 17:30:28,1616.0,1,helloromiro,2026-08-10 21:02:53
873,16669400,Martin Konôpka,2026-08-06 12:16:13,1614.1,2,rumburakk,2026-08-10 21:02:53
874,16663759,🔥🦫📿🗽,2026-08-09 13:40:08,1613.7,2,datafad,2026-08-10 21:02:53
875,16683441,Eura73,2026-08-10 09:32:48,1611.2,2,eura73,2026-08-10 21:02:53
876,16658670,EveryJust,2026-08-07 08:33:35,1609.4,2,"everyjust,zfc666wsnd",2026-08-10 21:02:53
877,16625214,Malla,2026-08-10 18:46:45,1609.1,2,mallaphalguni,2026-08-10 21:02:53
878,16622531,musya lyusya team,2026-08-10 14:28:28,1603.9,2,vswz2nqp,2026-08-10 21:02:53
879,16670715,i3,2026-08-10 04:36:04,1601.2,2,ishijima,2026-08-10 21:02:53
880,16696743,wennan cao,2026-08-09 17:28:57,1600.2,2,wennancao,2026-08-10 21:02:53
881,16653117,li jiaqi77,2026-08-07 05:32:06,1594.7,2,lijiaqi77,2026-08-10 21:02:53
882,16693382,Maou,2026-08-10 20:21:43,1588.5,2,luvgoelo,2026-08-10 21:02:53
883,16632444,Issac “Izreal” Davis,2026-08-10 01:38:44,1588.4,2,issacizrealdavis,2026-08-10 21:02:53
884,16687463,Manolo Chow,2026-08-09 22:56:20,1586.8,2,manolochow,2026-08-10 21:02:53
885,16685990,VictorAndrew,2026-08-10 16:39:51,1581.8,2,vicktvr,2026-08-10 21:02:53
886,16693050,Shoko,2026-08-09 10:31:26,1580.9,2,abreyton,2026-08-10 21:02:53
887,16657942,Gokul Prasath,2026-08-04 23:38:18,1579.7,2,beastgokul,2026-08-10 21:02:53
888,16675752,Simon Rüba,2026-08-10 14:23:16,1577.9,2,simonrba,2026-08-10 21:02:53
889,16659614,Heikki Leskelä,2026-08-10 17:40:48,1577.8,2,heikkileskela,2026-08-10 21:02:53
890,16659843,Amer Alkhalili,2026-08-09 09:32:12,1577.2,2,ameralkhalili,2026-08-10 21:02:53
891,16653129,Prashanth Reddy Biyyani,2026-08-09 21:29:48,1576.1,2,"prashanthbiyyani,shivagurrala",2026-08-10 21:02:53
892,16632245,Hal Zweiman,2026-08-10 12:08:30,1576.0,2,halzweiman,2026-08-10 21:02:53
893,16633276,Nolan Liang,2026-08-09 03:26:47,1570.8,2,iamlkn,2026-08-10 21:02:53
894,16687068,digiliwigili,2026-08-09 10:42:49,1569.8,2,kukchyievervin,2026-08-10 21:02:53
895,16656347,OctahedronBB,2026-08-07 00:52:27,1568.9,2,octahedronbb,2026-08-10 21:02:53
896,16627194,GzmCR632,2026-08-10 14:31:37,1562.8,2,gzmcr632,2026-08-10 21:02:53
897,16640332,ning gu,2026-08-10 05:08:30,1561.9,2,morninggu,2026-08-10 21:02:53
898,16679810,Patrick Joël MAIRLOT-MBEZELE,2026-08-10 18:58:01,1560.7,2,pigenesis75,2026-08-10 21:02:53
899,16647192,Sailor Ren,2026-08-09 12:08:38,1560.2,2,sailorren,2026-08-10 21:02:53
900,16633043,Ryan Adams,2026-08-10 10:58:10,1558.5,2,ryanadamsai,2026-08-10 21:02:53
901,16623745,chunluran,2026-08-10 03:38:37,1558.2,2,chunluran,2026-08-10 21:02:53
902,16689186,NCK,2026-08-10 20:16:00,1557.1,2,drnchaitanyakumar,2026-08-10 21:02:53
903,16632743,Krizsó Gergely,2026-08-09 10:05:16,1556.5,2,lucifer19,2026-08-10 21:02:53
904,16677596,Sere1n,2026-08-10 00:19:24,1556.0,2,chacc0,2026-08-10 21:02:53
905,16630711,Aleks Lviv,2026-08-09 12:21:45,1553.9,2,alekslviv,2026-08-10 21:02:53
906,16680646,Naym0425,2026-08-09 12:29:07,1551.1,2,naym0425,2026-08-10 21:02:53
907,16674550,Jebastin Nadar,2026-08-06 10:09:16,1549.6,2,samfc10,2026-08-10 21:02:53
908,16672660,Straw Hat,2026-08-09 14:37:55,1548.2,2,"anuragugargol,tanishafagare114",2026-08-10 21:02:53
909,16640264,DhanaLakshmiMalla,2026-08-10 18:48:42,1548.2,2,dhanalakshmimalla,2026-08-10 21:02:53
910,16625060,Subin An,2026-08-10 08:07:29,1548.0,2,subinium,2026-08-10 21:02:53
911,16677149,Umataro Tenma,2026-08-10 15:45:03,1546.7,2,umatarotenma,2026-08-10 21:02:53
912,16625219,MJVinay,2026-08-10 18:47:38,1545.1,2,mallajayanthvinay,2026-08-10 21:02:53
913,16651672,Xiaolei Lian,2026-08-08 10:23:39,1544.1,2,xiaoleilian,2026-08-10 21:02:53
914,16667731,Agent 33,2026-08-09 11:55:05,1539.9,2,agent33,2026-08-10 21:02:53
915,16679861,Pandabueno,2026-08-09 21:11:08,1539.2,2,ronaldomonzn,2026-08-10 21:02:53
916,16632327,midnq,2026-08-10 07:45:40,1537.6,2,midnqly,2026-08-10 21:02:53
917,16640582,Attension_Seeker,2026-08-10 06:57:51,1536.0,2,aisipu,2026-08-10 21:02:53
918,16681226,tingting shen,2026-08-10 09:24:23,1534.7,2,tingtingshen99,2026-08-10 21:02:53
919,16644552,Keanan,2026-08-08 11:35:17,1533.4,2,citerne,2026-08-10 21:02:53
920,16663513,A-eye,2026-08-05 00:54:11,1532.7,2,"debayank2024,laveshjadon,laxmikantaroy,tarunraii",2026-08-10 21:02:53
921,16659942,Abdoulaye DIAW,2026-08-09 07:26:59,1532.1,2,abdoulayediaw25,2026-08-10 21:02:53
922,16642579,Desyat IO,2026-08-09 17:31:59,1531.0,2,desyatio,2026-08-10 21:02:53
923,16660331,A.K.NITHIN,2026-08-06 14:51:23,1528.8,2,aknithin,2026-08-10 21:02:53
924,16633790,curiosity,2026-08-10 11:46:05,1526.0,2,chmffwn1,2026-08-10 21:02:53
925,16669897,Tahsan Ferdous,2026-08-05 18:54:11,1525.9,1,tahsanferdous,2026-08-10 21:02:53
926,16676278,Om Sangwan,2026-08-10 19:11:49,1524.4,2,omsangwan,2026-08-10 21:02:53
927,16632579,ZZfancy,2026-08-04 13:26:56,1521.0,2,zzfancy,2026-08-10 21:02:53
928,16690867,HowardLeeTW,2026-08-08 12:07:17,1519.1,1,howardleetw,2026-08-10 21:02:53
929,16662940,The Coder Geek Squad Leader,2026-08-05 20:06:54,1519.1,2,soulemaneisissifou,2026-08-10 21:02:53
930,16654623,Asher Goldstein,2026-08-09 17:54:27,1516.7,2,ashergoldsteincd21,2026-08-10 21:02:53
931,16656072,Vespidae,2026-08-06 16:50:34,1515.7,2,ianapis,2026-08-10 21:02:53
932,16652175,Lucas Boesen,2026-08-07 22:04:24,1513.1,2,lucasboesen,2026-08-10 21:02:53
933,16629972,forever young,2026-08-07 00:48:31,1512.9,2,keisukeyokota0428,2026-08-10 21:02:53
934,16662684,Harshini Reddy,2026-08-09 14:47:37,1512.1,2,luffyh04,2026-08-10 21:02:53
935,16665077,Mohit Babel,2026-08-10 20:26:44,1509.5,2,mohitbabel,2026-08-10 21:02:53
936,16654153,"Mateus Cruz, Msc.",2026-08-03 17:44:02,1509.4,1,matteuscruz,2026-08-10 21:02:53
937,16687594,Andrew Markley,2026-08-10 06:25:18,1507.0,2,andrewmarkley1,2026-08-10 21:02:53
938,16650701,Oliver Wang,2026-08-03 16:17:36,1506.5,2,oliverwang15,2026-08-10 21:02:53
939,16664819,SUBHASRI  S,2026-08-05 16:14:12,1505.4,2,subhasri2007,2026-08-10 21:02:53
940,16674312,yuxuan,2026-08-09 15:34:36,1505.2,2,yuxuan1221,2026-08-10 21:02:53
941,16689881,yuki #2,2026-08-10 06:15:46,1504.8,2,hosikusa,2026-08-10 21:02:53
942,16658384,UwU,2026-08-10 04:20:44,1504.2,2,claudesewitz,2026-08-10 21:02:53
943,16673179,Muhammad Faraz Aftab,2026-08-09 10:18:58,1504.1,2,muhammadfarazaftab,2026-08-10 21:02:53
944,16644578,Chloe,2026-08-10 20:39:25,1503.2,2,baytree1238,2026-08-10 21:02:53
945,16665352,Paul Nassiri,2026-08-09 09:58:07,1500.2,1,laszlolevray,2026-08-10 21:02:53
946,16664232,Eddy Despradel,2026-08-09 21:13:48,1499.7,2,eddydespradel,2026-08-10 21:02:53
947,16670807,mannogun,2026-08-07 11:05:42,1499.1,2,arcanejumper,2026-08-10 21:02:53
948,16669971,Luka Philip,2026-08-08 16:09:32,1494.3,2,lukaphilip,2026-08-10 21:02:53
949,16632694,8ct10nz,2026-08-04 12:02:49,1493.9,2,act10nz,2026-08-10 21:02:53
950,16663166,Rey4Dan,2026-08-10 17:16:16,1491.8,2,rey4dan,2026-08-10 21:02:53
951,16661304,Jonathan Roy,2026-08-10 11:57:20,1491.3,2,jonathanroy7,2026-08-10 21:02:53
952,16665169,Rahul Barakoti ITM,2026-08-07 10:58:30,1490.1,2,rahulbarakotiitm,2026-08-10 21:02:53
953,16654832,mohit,2026-08-07 00:01:08,1488.0,2,mohitvarred,2026-08-10 21:02:53
954,16634078,yoho kumedayo,2026-08-08 14:07:13,1487.7,2,dorachinyastyle,2026-08-10 21:02:53
955,16635238,Tai Tien Ta,2026-08-04 02:30:44,1485.7,2,tittin,2026-08-10 21:02:53
956,16662681,Vernon Campbell,2026-08-06 23:38:35,1485.1,2,vernoncampbell,2026-08-10 21:02:53
957,16677188,Nicooni,2026-08-06 16:35:01,1482.9,1,nicooni,2026-08-10 21:02:53
958,16635663,Pascal Pfeiffer,2026-08-09 10:05:19,1482.5,2,ilu000,2026-08-10 21:02:53
959,16654726,James Mancillas,2026-08-07 15:46:12,1480.8,2,jamesmancillas,2026-08-10 21:02:53
960,16634128,ZechHuang,2026-08-06 02:15:46,1480.7,2,zechhuang,2026-08-10 21:02:53
961,16622482,Veniamin Nelin,2026-08-04 19:40:18,1479.9,2,veniaminnelin,2026-08-10 21:02:53
962,16639280,Faruk Çiftler,2026-08-09 11:27:46,1474.1,2,abdullahfaruk,2026-08-10 21:02:53
963,16665529,Venneth,2026-08-08 12:32:20,1472.6,2,venneth,2026-08-10 21:02:53
964,16632055,Bugra0,2026-08-03 22:44:42,1472.3,2,bugra0,2026-08-10 21:02:53
965,16664751,Cindy Meng90,2026-08-10 06:21:20,1469.5,2,cindymeng90,2026-08-10 21:02:53
966,16671407,JBro13,2026-08-07 02:29:02,1467.6,2,jbro13,2026-08-10 21:02:53
967,16630142,zawawannko,2026-08-05 03:16:49,1467.2,2,zawawannko,2026-08-10 21:02:53
968,16630729,https://how.rl.works/,2026-08-10 10:29:32,1465.4,2,grennwolf,2026-08-10 21:02:53
969,16664368,Ujjwal Reddy,2026-08-10 19:43:26,1464.8,2,ujjwalreddyks,2026-08-10 21:02:53
970,16677597,InformaBook2,2026-08-09 23:44:30,1462.4,2,informabook2,2026-08-10 21:02:53
971,16623603,Renji Starfall,2026-08-05 16:43:52,1461.6,2,renjistarfall,2026-08-10 21:02:53
972,16679237,Danilo Sepúlveda,2026-08-06 21:26:28,1459.1,1,daniloseplveda,2026-08-10 21:02:53
973,16644481,Liquidus,2026-08-07 10:14:30,1459.0,2,liquidus,2026-08-10 21:02:53
974,16659000,xjlgg123,2026-08-08 12:35:10,1457.3,2,xjlgg123,2026-08-10 21:02:53
975,16660555,Nguyễn Nhật Thanh,2026-08-07 03:45:29,1452.7,2,nguynnhtthanhhhhh,2026-08-10 21:02:53
976,16631016,木下陽平,2026-08-06 14:52:20,1451.9,2,yoheikaggle,2026-08-10 21:02:53
977,16665753,Mansour A. S. Ataa,2026-08-06 02:46:56,1450.2,2,profmansoor,2026-08-10 21:02:53
978,16677832,Maryam Tahir,2026-08-07 06:36:16,1448.6,1,maryamtahir09,2026-08-10 21:02:53
979,16639230,Rylan,2026-08-09 04:55:32,1447.5,2,liuruihan333,2026-08-10 21:02:53
980,16632250,Mesut Gözdemir,2026-08-05 17:54:14,1446.0,2,gfkfu123,2026-08-10 21:02:53
981,16630015,星之海,2026-08-09 08:52:03,1444.9,2,web3cainiao,2026-08-10 21:02:53
982,16671292,Yuyajk,2026-08-07 09:00:27,1442.5,2,yuyajk,2026-08-10 21:02:53
983,16676677,Clark Stéphane,2026-08-07 18:58:45,1439.9,2,clarkstphane,2026-08-10 21:02:53
984,16664761,Udit Jain #2,2026-08-05 04:19:59,1439.2,1,iamudit,2026-08-10 21:02:53
985,16670361,Saud Saudesen,2026-08-10 15:35:44,1437.7,2,saudsaudesen,2026-08-10 21:02:53
986,16623592,Jack,2026-08-05 17:06:09,1436.0,2,jackvd,2026-08-10 21:02:53
987,16670214,Louis @ tradeInsight.ai,2026-08-10 15:28:17,1435.9,2,louisquart,2026-08-10 21:02:53
988,16675905,Amar,2026-08-10 10:23:45,1435.2,4,"kumaramar,shiveshcgatech,vidhishah115",2026-08-10 21:02:53
989,16655826,KKY,2026-08-06 12:21:42,1434.1,2,evilpsycho42,2026-08-10 21:02:53
990,16622330,hiroshi murakami,2026-08-06 10:29:43,1431.4,2,zabojeb,2026-08-10 21:02:53
991,16698214,Juandix,2026-08-10 04:13:12,1431.1,2,juandix,2026-08-10 21:02:53
992,16652986,Justin Kimlim,2026-08-10 11:47:24,1430.6,2,justinkimlim,2026-08-10 21:02:53
993,16659555,Joseph Adamski,2026-08-10 12:32:27,1430.0,2,josephadamski91,2026-08-10 21:02:53
994,16642154,Burkina_team_mate,2026-08-06 15:30:54,1428.5,2,"belemkalilou,tedjosegregorybere",2026-08-10 21:02:53
995,16677240,Jeevan Malla,2026-08-07 07:37:46,1427.8,2,jeevanmalla,2026-08-10 21:02:53
996,16680931,Rattan Singh,2026-08-08 15:45:55,1424.6,2,rattans,2026-08-10 21:02:53
997,16644145,Mehdi Azouz,2026-08-09 23:45:56,1423.3,2,mehdiazouz,2026-08-10 21:02:53
998,16664300,swajay nandanwade,2026-08-05 04:57:10,1423.2,2,swajaynandanwade,2026-08-10 21:02:53
999,16639606,Peach2587,2026-08-05 22:55:02,1423.1,2,momokayoshioka,2026-08-10 21:02:53
1000,16633190,Gigrise,2026-08-03 19:44:20,1422.0,2,gigrais,2026-08-10 21:02:53
1001,16652631,Panagiotis Anagnostou,2026-08-08 12:12:36,1420.1,2,panosanag,2026-08-10 21:02:53
1002,16650396,RaymondZhao0304,2026-08-04 00:39:30,1418.6,2,raymondzhao0304,2026-08-10 21:02:53
1003,16623199,Jesse Ferguson,2026-08-05 00:04:22,1418.1,2,jesseferguson,2026-08-10 21:02:53
1004,16658109,edward1503,2026-08-05 02:25:43,1417.1,2,nguynnc,2026-08-10 21:02:53
1005,16655828,ack07,2026-08-06 04:52:07,1416.6,2,its07amit10,2026-08-10 21:02:53
1006,16642207,Nerijus Areska,2026-08-04 00:01:32,1416.0,2,nerijusareska,2026-08-10 21:02:53
1007,16655712,Smart Manoj,2026-08-04 01:55:13,1413.3,2,smartmanoj,2026-08-10 21:02:53
1008,16634426,Ertuğrul Özer,2026-08-07 14:38:52,1412.8,2,ozertuu,2026-08-10 21:02:53
1009,16651332,Le Viet,2026-08-05 13:14:39,1412.7,2,sleepyssr,2026-08-10 21:02:53
1010,16677592,keniii,2026-08-10 15:36:51,1411.4,2,kartheeswaran28,2026-08-10 21:02:53
1011,16656393,Faris Abqari,2026-08-07 00:15:25,1408.9,2,farisabqari11,2026-08-10 21:02:53
1012,16672709,RS Turley,2026-08-10 02:56:04,1407.8,2,rturley,2026-08-10 21:02:53
1013,16662496,KhalidKhan,2026-08-05 05:31:07,1406.1,2,feedfeed,2026-08-10 21:02:53
1014,16675203,HK,2026-08-06 11:38:05,1405.9,1,hizurukonishi,2026-08-10 21:02:53
1015,16654511,Syed Shayan Ali Shah,2026-08-05 16:43:36,1405.6,2,dsshayan,2026-08-10 21:02:53
1016,16696099,moss,2026-08-09 13:48:17,1405.4,1,kenyashimizu,2026-08-10 21:02:53
1017,16668039,NotEnoughTokens,2026-08-06 13:04:52,1403.1,2,"adofai,jonghyun7777,taglink",2026-08-10 21:02:53
1018,16664775,DoubleZs,2026-08-06 02:55:02,1400.9,2,zhang051018,2026-08-10 21:02:53
1019,16662592,Vladislav Yushkevich,2026-08-09 14:54:24,1400.6,2,"crazyflyingsheep,vladislavyushkevich",2026-08-10 21:02:53
1020,16621500,Egor Tkachenko,2026-08-10 15:41:16,1400.4,2,egortkachenko,2026-08-10 21:02:53
1021,16631978,batuhan kalem,2026-08-02 22:12:00,1400.0,2,batuhankalem,2026-08-10 21:02:53
1022,16659033,Farzana Shaju,2026-08-05 07:18:29,1398.4,2,"farzanashaju,shaikhharisjamal",2026-08-10 21:02:53
1023,16652560,Ahmed Samir,2026-08-03 12:15:01,1397.5,2,ahmedsamir1598,2026-08-10 21:02:53
1024,16660395,ljx59141421,2026-08-06 03:22:07,1397.4,2,ljx59141421,2026-08-10 21:02:53
1025,16626462,mango,2026-08-04 01:06:57,1396.6,2,mango789,2026-08-10 21:02:53
1026,16684470,Soumi Ghosh,2026-08-10 14:05:17,1396.3,2,soumighosh911,2026-08-10 21:02:53
1027,16659972,Pelamovic ,2026-08-07 09:06:10,1394.2,2,pelamovic,2026-08-10 21:02:53
1028,16667547,miaoqing long,2026-08-06 03:31:43,1392.7,2,miaoqinglong,2026-08-10 21:02:53
1029,16654486,alijs,2026-08-06 14:27:22,1390.0,2,alijs1,2026-08-10 21:02:53
1030,16637987,Xander,2026-08-04 10:41:19,1389.7,2,canqiang,2026-08-10 21:02:53
1031,16665402,PrasadChopade213,2026-08-06 18:22:18,1388.5,2,prasadchopade213,2026-08-10 21:02:53
1032,16695555,S4K50M,2026-08-10 14:59:40,1384.5,2,setiasaksham,2026-08-10 21:02:53
1033,16665058,Llin Ding,2026-08-07 08:32:33,1378.0,2,llinding,2026-08-10 21:02:53
1034,16654006,Harish Dhanarajan,2026-08-03 17:23:50,1376.5,1,harishdhanarajan,2026-08-10 21:02:53
1035,16673205,Arda Ceylan,2026-08-08 11:20:49,1374.9,2,ardacey,2026-08-10 21:02:53
1036,16664400,Boruiyang21,2026-08-05 14:56:03,1374.9,2,boruiyang21,2026-08-10 21:02:53
1037,16630964,LEEKANG,2026-08-03 14:10:21,1373.1,2,poby7722,2026-08-10 21:02:53
1038,16621481,zero waste,2026-08-09 08:46:18,1370.5,2,chinnaphatkhun,2026-08-10 21:02:53
1039,16667787,Daryl Brach,2026-08-10 17:20:23,1370.5,2,dbrach,2026-08-10 21:02:53
1040,16656503,Thiago Munhoz da Nóbrega,2026-08-04 20:47:37,1370.2,2,thiagommtmn,2026-08-10 21:02:53
1041,16682306,岸本湧士郎,2026-08-10 06:21:33,1369.1,2,yushiro20021111,2026-08-10 21:02:53
1042,16634752,Praise the SHOVEL,2026-08-03 16:16:28,1368.3,2,barnobarno,2026-08-10 21:02:53
1043,16658616,Amitesh Chaudhary,2026-08-04 19:11:26,1367.5,2,amiteshchaudhary,2026-08-10 21:02:53
1044,16686513,Vipul_Kumar75476,2026-08-10 09:26:36,1366.2,2,vipulkumar75476,2026-08-10 21:02:53
1045,16635744,XDang13,2026-08-04 19:30:33,1361.3,2,xdang13,2026-08-10 21:02:53
1046,16663899,Abdelrahman Aboegela,2026-08-05 13:54:26,1360.9,2,abdelrahmanaboegela,2026-08-10 21:02:53
1047,16681116,Kagamihara,2026-08-08 12:20:36,1360.5,2,kagamihara,2026-08-10 21:02:53
1048,16663214,Mathieu W,2026-08-05 20:02:08,1360.2,2,mathieuw,2026-08-10 21:02:53
1049,16655294,Mobzya,2026-08-05 14:59:31,1358.9,2,mobzya,2026-08-10 21:02:53
1050,16674508,Giulio Ravasio,2026-08-08 10:45:25,1358.4,2,giuliorav,2026-08-10 21:02:53
1051,16664518,senxichong,2026-08-05 06:30:13,1356.0,2,senxichong,2026-08-10 21:02:53
1052,16636148,SanggeunParrk,2026-08-05 04:04:32,1354.1,2,sanggeunparrk,2026-08-10 21:02:53
1053,16679694,Yaro Perventsev,2026-08-07 19:56:06,1354.0,2,yaroslavperventsev,2026-08-10 21:02:53
1054,16697229,Masashi Nishimoto,2026-08-10 20:32:41,1353.7,2,masashinishimoto,2026-08-10 21:02:53
1055,16669810,CREART,2026-08-08 05:32:29,1353.4,1,gustardust,2026-08-10 21:02:53
1056,16660824,Stitch Clarity,2026-08-04 15:27:53,1353.1,2,stevenanctil,2026-08-10 21:02:53
1057,16671012,Sean Zhang,2026-08-10 17:55:40,1352.8,2,seanzhang2445,2026-08-10 21:02:53
1058,16659958,brainpick,2026-08-10 12:19:10,1351.3,2,prathvirajpalekar,2026-08-10 21:02:53
1059,16662896,Adrian Dubois,2026-08-05 03:10:39,1349.7,1,adriandubois,2026-08-10 21:02:53
1060,16677847,BlackPearls1,2026-08-10 15:19:28,1346.0,2,blackpearls1,2026-08-10 21:02:53
1061,16664481,Siddhu Jaykay,2026-08-10 16:11:06,1343.6,2,siddhujaykay,2026-08-10 21:02:53
1062,16655305,Junior Sohou,2026-08-07 09:53:10,1340.7,2,juniorsohou,2026-08-10 21:02:53
1063,16670765,tensor choko,2026-08-05 23:03:23,1338.5,1,tensorchoko,2026-08-10 21:02:53
1064,16660020,Gaddam Shiva Teja,2026-08-09 22:40:08,1331.5,2,shivateja005,2026-08-10 21:02:53
1065,16644861,kanzaler ensemble,2026-08-05 05:43:58,1330.3,2,kanzalerensemble,2026-08-10 21:02:53
1066,16655353,Pablo Montenegro,2026-08-09 02:13:47,1330.1,2,pablomontalb,2026-08-10 21:02:53
1067,16694399,Sujith Kumar Sashikanth,2026-08-10 00:01:32,1329.8,2,sujithsashi,2026-08-10 21:02:53
1068,16654209,Nirav Mehta 1612,2026-08-10 15:41:47,1321.5,2,niravmehta1612,2026-08-10 21:02:53
1069,16666468,J Penman,2026-08-10 10:08:44,1319.7,2,jpenman,2026-08-10 21:02:53
1070,16623691,KevlarZanderChi,2026-08-04 08:58:58,1318.3,2,kevlarzanderchi,2026-08-10 21:02:53
1071,16662872,Artem Garbart,2026-08-05 09:41:29,1317.8,2,artyomgarbart,2026-08-10 21:02:53
1072,16624484,Tomoki Hirose,2026-08-03 11:56:38,1316.5,1,tomokihirose,2026-08-10 21:02:53
1073,16664890,ideal_m99,2026-08-06 00:00:33,1315.9,2,idealm99,2026-08-10 21:02:53
1074,16659045,Rai1,2026-08-08 11:53:28,1314.5,2,rai2003,2026-08-10 21:02:53
1075,16655501,Savko,2026-08-09 07:24:30,1313.3,2,savchenko,2026-08-10 21:02:53
1076,16658213,Ahmet Abdullah Gültekin,2026-08-10 18:10:48,1313.1,2,abdullahgultekin,2026-08-10 21:02:53
1077,16667242,Gleb Tumanov,2026-08-10 17:32:15,1310.7,2,crachton,2026-08-10 21:02:53
1078,16637241,M4nd4l0r14n,2026-08-04 11:53:31,1308.9,2,thiagobcunha,2026-08-10 21:02:53
1079,16656170,Chakrabhuana V  Deva,2026-08-05 06:54:50,1306.7,2,chakrabhuanavdeva,2026-08-10 21:02:53
1080,16623540,TheDuck,2026-08-03 23:46:14,1305.1,2,jaxroth,2026-08-10 21:02:53
1081,16679389,JOMIN URK21CS1077,2026-08-10 13:36:15,1301.9,2,jominurk21cs1077,2026-08-10 21:02:53
1082,16657429,xiao cat q,2026-08-10 13:11:33,1298.4,2,xiaocatq,2026-08-10 21:02:53
1083,16623716,tetsuya,2026-08-10 07:20:18,1297.9,2,tetsuya3510,2026-08-10 21:02:53
1084,16663178,Sm00thiecodes,2026-08-07 11:00:29,1297.6,2,sm00thiecodes,2026-08-10 21:02:53
1085,16661410,tmxdlr,2026-08-05 12:40:54,1297.0,2,tmxdlr,2026-08-10 21:02:53
1086,16662910,shoryakumar mishra,2026-08-05 16:05:32,1296.1,2,shoryakumarmishra,2026-08-10 21:02:53
1087,16657094,irynavs,2026-08-08 14:30:50,1294.8,2,irynavs,2026-08-10 21:02:53
1088,16660376,Ahmed Sedky 0100,2026-08-06 20:56:37,1287.8,1,ahmedsedky0100,2026-08-10 21:02:53
1089,16621163,johndeere,2026-08-06 07:06:51,1286.3,2,jaejohn,2026-08-10 21:02:53
1090,16661010,Dante Dyches-Chandler,2026-08-05 04:36:09,1285.8,2,dantedycheschandler,2026-08-10 21:02:53
1091,16680408,mochogo,2026-08-07 05:42:33,1283.4,1,mochogo,2026-08-10 21:02:53
1092,16632262,Milkomeda,2026-08-03 05:09:15,1282.2,2,milkomeda74583,2026-08-10 21:02:53
1093,16639369,Kyuhwan Cho,2026-08-06 02:56:08,1278.3,2,octoarden,2026-08-10 21:02:53
1094,16659217,Dynamic_fire07,2026-08-05 18:51:51,1276.8,2,"dynamicfire07,tryingmybest123",2026-08-10 21:02:53
1095,16659883,Ahmad Hfdx5,2026-08-05 03:33:48,1275.8,2,ahmadhfdx5,2026-08-10 21:02:53
1096,16664653,Adir,2026-08-06 21:34:52,1275.6,2,adiradam,2026-08-10 21:02:53
1097,16693164,nuggettttt,2026-08-09 02:14:22,1273.9,2,nuggettttt,2026-08-10 21:02:53
1098,16671314,Robot Farm,2026-08-10 20:30:53,1272.1,2,codearranger,2026-08-10 21:02:53
1099,16653982,Arul Prasad S P,2026-08-05 09:07:12,1271.8,2,arulprasadsp,2026-08-10 21:02:53
1100,16673682,MJ.LIU.T,2026-08-06 08:14:05,1271.4,1,mjliut,2026-08-10 21:02:53
1101,16662946,uzair,2026-08-04 18:40:46,1270.1,2,quantumcurator,2026-08-10 21:02:53
1102,16634312,Linh Le,2026-08-10 01:47:03,1266.9,2,linhlethuy,2026-08-10 21:02:53
1103,16668060,Spiros Skarmoutsos,2026-08-08 12:48:07,1264.8,2,spirosskarmoutsos,2026-08-10 21:02:53
1104,16624600,ariacat,2026-08-06 07:16:44,1263.9,2,ariacat,2026-08-10 21:02:53
1105,16635418,ocean240812,2026-08-07 08:50:56,1261.1,2,ocean240812,2026-08-10 21:02:53
1106,16632291,alex chilton,2026-08-09 11:45:56,1257.9,2,alexchilton,2026-08-10 21:02:53
1107,16655296,peeta pit,2026-08-04 04:26:33,1257.1,2,peetapit,2026-08-10 21:02:53
1108,16629699,radiant-allomancer,2026-08-03 03:43:17,1256.6,2,radiantallomancer,2026-08-10 21:02:53
1109,16660250,Moshel,2026-08-10 01:19:10,1256.4,2,moshel,2026-08-10 21:02:53
1110,16659676,Light,2026-08-05 03:07:39,1253.8,2,aadarshashrestha007,2026-08-10 21:02:53
1111,16657395,Uchechukwu Ajuzieogu,2026-08-04 08:04:14,1252.0,1,uchechukwuajuzieogu,2026-08-10 21:02:53
1112,16625921,JinchengZhang1,2026-08-09 03:45:30,1250.7,2,jinchengzhang1,2026-08-10 21:02:53
1113,16635159,Abdulsamad,2026-08-06 11:48:04,1249.7,2,abdulsamadjod1234,2026-08-10 21:02:53
1114,16660819,nya654nya,2026-08-07 04:47:33,1249.0,2,nya654nya,2026-08-10 21:02:53
1115,16623298,Mikhail_Komkin,2026-08-02 20:14:28,1246.6,2,mikhailkomkin,2026-08-10 21:02:53
1116,16657077,_LT_zyc,2026-08-05 01:01:42,1245.5,1,zyczyc,2026-08-10 21:02:53
1117,16650018,EiMengLove,2026-08-05 10:27:31,1244.0,2,konicty,2026-08-10 21:02:53
1118,16627023,Noah Farr,2026-08-05 08:02:35,1241.7,2,noahfarr,2026-08-10 21:02:53
1119,16661229,Gena,2026-08-04 15:18:42,1241.1,2,gdonchyts,2026-08-10 21:02:53
1120,16657294,Ragul M,2026-08-04 07:08:51,1239.6,2,ragul7002,2026-08-10 21:02:53
1121,16654715,Aqib Raza,2026-08-03 19:37:30,1238.0,1,aqibrazadev,2026-08-10 21:02:53
1122,16702909,SG4265,2026-08-10 19:41:47,1237.6,1,sg4265,2026-08-10 21:02:53
1123,16635067,Berat Egemen Gök,2026-08-08 15:47:48,1237.1,2,berategemengk,2026-08-10 21:02:53
1124,16658801,Thuc Nguyen Dang 111,2026-08-06 09:42:04,1237.1,2,thucnguyendang111,2026-08-10 21:02:53
1125,16659761,cheng-han,2026-08-06 08:16:10,1235.7,2,neoshie,2026-08-10 21:02:53
1126,16655877,Harish K,2026-08-10 14:56:36,1232.1,2,harishk2209,2026-08-10 21:02:53
1127,16664002,Guilherme Zanini de Sá,2026-08-10 03:18:42,1231.4,2,guilhermezaninides,2026-08-10 21:02:53
1128,16660041,Hoàng Quốc Việt ,2026-08-05 15:12:14,1231.4,2,viethwang3i,2026-08-10 21:02:53
1129,16651402,Mille Initiate,2026-08-06 08:41:14,1230.9,2,milleinitiate,2026-08-10 21:02:53
1130,16640388,SANNNNN,2026-08-03 18:41:38,1230.5,2,zuhairsan,2026-08-10 21:02:53
1131,16639507,Homii_N,2026-08-08 20:00:13,1228.9,2,homeshwarrao,2026-08-10 21:02:53
1132,16661019,lmq,2026-08-04 14:47:23,1226.9,2,lmminhquang,2026-08-10 21:02:53
1133,16665196,Pratham Jain,2026-08-05 05:49:17,1226.4,1,kindasomethin,2026-08-10 21:02:53
1134,16655187,cmxu,2026-08-05 05:31:07,1226.1,2,cmxu77,2026-08-10 21:02:53
1135,16667205,Andrew Lee,2026-08-06 11:16:52,1225.3,1,andrewlee23023,2026-08-10 21:02:53
1136,16631261,Monster,2026-08-04 15:46:32,1225.0,2,tmtngtrng,2026-08-10 21:02:53
1137,16639125,Caio Coelho,2026-08-09 15:38:12,1224.2,2,caio41,2026-08-10 21:02:53
1138,16655632,Dmitry Kozlov,2026-08-04 03:24:59,1224.0,1,dkozlov,2026-08-10 21:02:53
1139,16657316,Jason xu sk,2026-08-05 04:00:50,1224.0,2,jasonxusk,2026-08-10 21:02:53
1140,16641751,Hikari_30,2026-08-03 04:54:23,1223.6,2,hikari30,2026-08-10 21:02:53
1141,16660046,Ikki Katsuyama,2026-08-07 06:07:42,1222.4,2,kacchanwriting,2026-08-10 21:02:53
1142,16624026,Russell Kirk,2026-08-03 23:47:30,1219.3,2,russcore,2026-08-10 21:02:53
1143,16621709,smlcr,2026-08-04 19:35:19,1216.4,2,simulacri,2026-08-10 21:02:53
1144,16655534,Charles Mills,2026-08-06 16:40:27,1214.2,2,charlesqmills,2026-08-10 21:02:53
1145,16656171,ishu,2026-08-04 03:27:45,1213.1,2,ishhverma,2026-08-10 21:02:53
1146,16634213,kkunizaw,2026-08-03 20:47:58,1211.8,2,kkunizaw,2026-08-10 21:02:53
1147,16655530,AlivRick,2026-08-05 16:18:54,1211.7,2,alivrick,2026-08-10 21:02:53
1148,16651792,LX,2026-08-06 09:02:23,1211.3,2,sunnylx,2026-08-10 21:02:53
1149,16664565,Wayne Chou,2026-08-05 12:30:14,1210.3,2,ambientz,2026-08-10 21:02:53
1150,16665133,Abhishek Dubey,2026-08-10 13:28:57,1209.8,2,abhishekdubey911,2026-08-10 21:02:53
1151,16656308,Srishanth Sriramula,2026-08-08 09:02:13,1209.4,2,srishanthsriramula,2026-08-10 21:02:53
1152,16628727,dominyellow,2026-08-04 11:44:21,1208.9,2,dominyellow,2026-08-10 21:02:53
1153,16655311,Plant City Planter,2026-08-09 20:39:09,1207.3,2,michaellombard,2026-08-10 21:02:53
1154,16655493,TheDigitalCK,2026-08-07 12:31:58,1206.5,2,thedigitalck,2026-08-10 21:02:53
1155,16666242,Lalwani Palash,2026-08-08 07:45:46,1202.0,2,lalwanipalash,2026-08-10 21:02:53
1156,16654548,trynaCode,2026-08-06 16:35:17,1201.5,2,siddarthnayak50,2026-08-10 21:02:53
1157,16664291,William Dennis,2026-08-10 17:37:01,1201.2,2,williamdennis,2026-08-10 21:02:53
1158,16660853,lxh unbound,2026-08-05 00:02:02,1201.0,2,lxhunbound,2026-08-10 21:02:53
1159,16658562,mashBrian254,2026-08-04 10:48:33,1199.5,2,mash1990,2026-08-10 21:02:53
1160,16665838,wenbodai,2026-08-06 08:15:25,1199.3,2,wenbodai,2026-08-10 21:02:53
1161,16644390,Manan Gupta,2026-08-05 17:08:32,1199.2,2,obirdy,2026-08-10 21:02:53
1162,16655596,Bela,2026-08-04 01:18:06,1197.0,1,istribaik,2026-08-10 21:02:53
1163,16644185,Mimic Mohsin,2026-08-02 18:38:46,1196.2,1,mimicmohsin,2026-08-10 21:02:53
1164,16658852,Chhaya Awasthi,2026-08-04 09:37:05,1196.0,2,chhayaawasthi,2026-08-10 21:02:53
1165,16662819,Feuorme,2026-08-05 06:17:51,1192.3,2,feuorme,2026-08-10 21:02:53
1166,16669282,sky233,2026-08-06 17:06:04,1190.8,2,sky233,2026-08-10 21:02:53
1167,16658173,Tamizharuvi,2026-08-10 16:02:07,1186.8,2,tamizh1,2026-08-10 21:02:53
1168,16644774,lungjyuanz,2026-08-07 01:03:20,1186.4,2,lungjyuanz,2026-08-10 21:02:53
1169,16639155,Arturo Gutiérrez Aguilar,2026-08-04 16:08:19,1185.9,2,jarturo,2026-08-10 21:02:53
1170,16658777,Jiarui (Jerry) Cao,2026-08-05 08:06:03,1183.4,2,jiaruicao7,2026-08-10 21:02:53
1171,16630312,beijijun,2026-08-02 23:48:32,1183.4,2,beijijun,2026-08-10 21:02:53
1172,16659435,Zerabyte_X,2026-08-04 09:52:16,1182.3,1,zerabytex,2026-08-10 21:02:53
1173,16629983,Amundsen,2026-08-05 06:51:46,1182.2,2,amundsen,2026-08-10 21:02:53
1174,16666946,pwxc00,2026-08-08 01:06:24,1180.0,2,alert04,2026-08-10 21:02:53
1175,16623236,Yonatan Nemtsov,2026-08-06 00:28:01,1179.6,2,yonatannemtsov,2026-08-10 21:02:53
1176,16658261,Manan Khanna,2026-08-04 07:41:27,1179.6,1,manankhanna0,2026-08-10 21:02:53
1177,16652339,Mohamed Amine Rebhi,2026-08-03 16:03:07,1173.9,2,mohamedaminerebhi,2026-08-10 21:02:53
1178,16641710,yjshyfy,2026-08-05 12:11:42,1172.1,2,yjshyfy,2026-08-10 21:02:53
1179,16656296,Fususu,2026-08-04 04:02:59,1169.5,1,phuongncn,2026-08-10 21:02:53
1180,16656337,Prashant Kikani,2026-08-04 04:03:37,1168.8,1,prashantkikani,2026-08-10 21:02:53
1181,16676054,Vladislav Konstantinov,2026-08-08 09:33:35,1168.3,2,vladkonstantinov,2026-08-10 21:02:53
1182,16661670,sansm1,2026-08-04 16:54:59,1165.3,2,sansm1,2026-08-10 21:02:53
1183,16656444,christopher athans crow,2026-08-05 00:08:13,1164.6,2,cchrisaa,2026-08-10 21:02:53
1184,16637797,Xiangchen Li,2026-08-04 09:47:59,1162.6,2,xiangchenli07,2026-08-10 21:02:53
1185,16630752,motemen,2026-08-06 00:37:30,1162.2,2,motemen,2026-08-10 21:02:53
1186,16632006,Adwait Tagalpallewar,2026-08-03 16:29:09,1161.5,2,adwaittagalpallewar,2026-08-10 21:02:53
1187,16678965,MrGS,2026-08-09 01:18:09,1161.3,2,gabrielsderhll,2026-08-10 21:02:53
1188,16653093,willam wu,2026-08-03 15:03:01,1159.8,1,biaaib,2026-08-10 21:02:53
1189,16639570,Vishesh Banna,2026-08-04 05:37:32,1159.5,1,visheshbanna,2026-08-10 21:02:53
1190,16622939,Kamal Das,2026-08-04 18:51:55,1158.9,2,kmldas,2026-08-10 21:02:53
1191,16657817,rohith sai midigudla,2026-08-05 12:36:40,1157.6,2,rohithsaimidigudla,2026-08-10 21:02:53
1192,16655335,Justus,2026-08-09 09:34:18,1157.3,2,justus0,2026-08-10 21:02:53
1193,16651331,Mohamed Saeed,2026-08-04 18:29:50,1154.5,2,m0sm71,2026-08-10 21:02:53
1194,16622760,yunus_bayram_kagle,2026-08-04 07:49:00,1153.8,2,yunusbayramkagle,2026-08-10 21:02:53
1195,16660152,LIH.YUN,2026-08-04 14:11:44,1151.8,2,fxlcee,2026-08-10 21:02:53
1196,16633096,anvai_agents,2026-08-04 17:59:27,1151.5,2,"anandgaikwad7781,vaidehidhamnikar",2026-08-10 21:02:53
1197,16644566,Guangjian Dong,2026-08-02 23:59:18,1151.4,1,guangjiandong,2026-08-10 21:02:53
1198,16658474,huyimin517517,2026-08-08 08:27:15,1150.4,2,"huyimin517517,touyouzhaji,wumingshi2006",2026-08-10 21:02:53
1199,16652451,JackGong,2026-08-03 11:32:11,1149.4,1,jackgong,2026-08-10 21:02:53
1200,16643095,ckyasb,2026-08-05 14:39:42,1146.9,2,ckyasb,2026-08-10 21:02:53
1201,16639241,Alissa King,2026-08-04 05:05:30,1146.2,2,alissaking,2026-08-10 21:02:53
1202,16678346,Farhan Abid,2026-08-10 19:31:25,1142.8,2,farhanabidtech786,2026-08-10 21:02:53
1203,16651613,Devin Zhou,2026-08-05 02:27:36,1142.7,2,devinzhou,2026-08-10 21:02:53
1204,16640540,QYQ1693,2026-08-10 10:37:19,1141.8,2,qyq1693,2026-08-10 21:02:53
1205,16655582,Yang Jinneng,2026-08-04 01:07:27,1139.3,1,adurey,2026-08-10 21:02:53
1206,16661376,YERMES AMINE,2026-08-04 14:13:45,1138.5,1,yermes,2026-08-10 21:02:53
1207,16659920,vkhydras,2026-08-05 20:02:15,1137.5,2,vickimar,2026-08-10 21:02:53
1208,16661532,Fedor Baart,2026-08-05 12:34:21,1135.6,1,fedorbaart,2026-08-10 21:02:53
1209,16632240,Deepseek的恩情还不完,2026-08-02 17:23:11,1135.5,2,"iwanys,pedianeko,realybin",2026-08-10 21:02:53
1210,16625856,takai380,2026-08-03 04:36:29,1135.2,2,takai380,2026-08-10 21:02:53
1211,16668668,George Byne,2026-08-10 10:41:46,1134.4,2,georgebyne,2026-08-10 21:02:53
1212,16672672,Koiiiiiopen,2026-08-08 06:25:21,1133.7,2,koiiiiiopen,2026-08-10 21:02:53
1213,16665399,Shivam Shrivastava,2026-08-10 07:14:58,1133.7,2,shivamshrivastava180,2026-08-10 21:02:53
1214,16671837,Ronald K Wilson ,2026-08-10 15:49:30,1132.7,2,ronaldkwilson,2026-08-10 21:02:53
1215,16644882,SAMOILOV MIKHAIL,2026-08-03 02:10:04,1132.5,1,samoilovmikhail,2026-08-10 21:02:53
1216,16621683,Shivangoudaa,2026-08-10 20:25:21,1130.5,2,ishivapatil,2026-08-10 21:02:53
1217,16632097,PavelLiashkov,2026-08-05 11:59:30,1130.5,2,bigbag1983,2026-08-10 21:02:53
1218,16632138,kaggle_bbgg,2026-08-05 11:59:35,1130.2,2,kagglebbgg,2026-08-10 21:02:53
1219,16633808,mmath2,2026-08-07 10:52:38,1129.4,2,mmath2,2026-08-10 21:02:53
1220,16637519,Temprao,2026-08-03 12:16:43,1127.6,1,maruimono928,2026-08-10 21:02:53
1221,16664111,John Park,2026-08-08 00:01:22,1127.0,2,sigint,2026-08-10 21:02:53
1222,16663096,Agola_dasacic,2026-08-04 20:07:50,1126.8,2,mnu303,2026-08-10 21:02:53
1223,16665764,izh yng,2026-08-06 13:02:07,1125.3,2,izhyng,2026-08-10 21:02:53
1224,16667080,King-damon,2026-08-10 08:06:01,1124.8,2,kingdamon,2026-08-10 21:02:53
1225,16654669,Jordi Corbilla,2026-08-10 07:58:01,1123.8,2,jordicorbilla,2026-08-10 21:02:53
1226,16700265,Reesav,2026-08-10 14:15:06,1121.6,2,reez08,2026-08-10 21:02:53
1227,16660318,Aiman Al-Shalfi,2026-08-05 11:59:43,1121.0,2,aimanalshalfi,2026-08-10 21:02:53
1228,16663407,Denis,2026-08-10 19:54:23,1119.5,2,matsiusheuski,2026-08-10 21:02:53
1229,16663273,Mason Frias,2026-08-06 22:57:08,1119.3,2,masonfrias,2026-08-10 21:02:53
1230,16655396,Tesla1AC,2026-08-08 08:18:09,1119.1,2,mathornton,2026-08-10 21:02:53
1231,16624651,Zihao Zeng,2026-08-03 00:46:30,1118.5,2,zihaozeng0021,2026-08-10 21:02:53
1232,16654946,AliLucky,2026-08-05 15:07:59,1117.8,2,alilucky,2026-08-10 21:02:53
1233,16623020,Muhandro,2026-08-02 21:16:30,1116.8,2,muhandro,2026-08-10 21:02:53
1234,16641489,suminshim,2026-08-03 06:24:39,1113.3,2,suminshim,2026-08-10 21:02:53
1235,16666609,visit palja.co,2026-08-09 17:54:52,1112.0,2,sselrats,2026-08-10 21:02:53
1236,16669227,Tom Dufresne,2026-08-07 11:17:39,1110.9,2,tadufre,2026-08-10 21:02:53
1237,16632686,strike,2026-08-06 06:21:38,1110.0,2,nicolia,2026-08-10 21:02:53
1238,16668157,vineet dairashri,2026-08-10 20:19:36,1109.9,2,vineetdairashri,2026-08-10 21:02:53
1239,16663614,Nevska,2026-08-10 19:02:05,1109.9,2,nevska,2026-08-10 21:02:53
1240,16622835,Max Manushin,2026-08-06 00:01:08,1109.1,2,innerf1re,2026-08-10 21:02:53
1241,16669494,Abdullah Razi,2026-08-09 11:10:01,1106.6,2,abdullahroninrazi,2026-08-10 21:02:53
1242,16651257,PursueML,2026-08-03 09:34:56,1104.0,2,pursueml,2026-08-10 21:02:53
1243,16661353,mithi,2026-08-07 07:06:36,1103.3,2,singhaleo,2026-08-10 21:02:53
1244,16625082,真的懒,2026-08-03 09:47:50,1102.7,2,gtccc9,2026-08-10 21:02:53
1245,16665125,David Schindler15,2026-08-10 08:56:28,1100.8,2,"davidschindler15,mz3207",2026-08-10 21:02:53
1246,16643319,Jules,2026-08-02 16:31:37,1098.5,2,julesvanligtenberg,2026-08-10 21:02:53
1247,16626093,Pilkwang Kim,2026-08-09 20:05:20,1096.9,2,pilkwang,2026-08-10 21:02:53
1248,16654271,Sophie and Yanna,2026-08-10 15:52:49,1096.7,2,"morty3500,sophanie",2026-08-10 21:02:53
1249,16690050,PersistentLife,2026-08-08 17:16:17,1096.6,2,persistentlife,2026-08-10 21:02:53
1250,16639471,CaminoLSY,2026-08-05 01:22:09,1095.8,2,lsy37521,2026-08-10 21:02:53
1251,16654235,Mwanza Wambua,2026-08-06 10:16:13,1095.8,2,mwanzawambua,2026-08-10 21:02:53
1252,16625339,kazusw,2026-08-08 23:22:23,1094.0,2,kazusw,2026-08-10 21:02:53
1253,16640619,Sơn Nguyễn,2026-08-05 13:42:53,1093.5,2,sonnguyen10,2026-08-10 21:02:53
1254,16630984,TakamaruEX,2026-08-10 07:00:02,1089.0,2,takamaruex,2026-08-10 21:02:53
1255,16687649,Ahmed Berat Özer,2026-08-09 18:31:30,1088.1,2,ahmedberatozer,2026-08-10 21:02:53
1256,16655633,johnny,2026-08-06 17:58:20,1084.8,2,jonykarki,2026-08-10 21:02:53
1257,16688136,Armanzhan Ayan,2026-08-10 20:53:15,1083.9,2,armanzhanayan,2026-08-10 21:02:53
1258,16639567,YassY_The_AlchemYst,2026-08-05 22:58:45,1082.5,2,yassineelhallaoui,2026-08-10 21:02:53
1259,16651180,yangyefd,2026-08-03 08:42:57,1080.0,1,yangyefd,2026-08-10 21:02:53
1260,16680239,Marinto Richee J,2026-08-10 11:50:02,1078.1,2,marintoricheej,2026-08-10 21:02:53
1261,16623389,Mominul Islam Hemal,2026-08-02 11:23:03,1077.4,2,mominulislamhemal,2026-08-10 21:02:53
1262,16630111,jannchie,2026-08-04 19:09:17,1076.8,2,jannchie,2026-08-10 21:02:53
1263,16677752,Senya Ka,2026-08-08 19:16:00,1076.2,2,m1greatcool,2026-08-10 21:02:53
1264,16633340,Tim Zagrebelny,2026-08-03 08:53:09,1074.3,2,timzagrebelny,2026-08-10 21:02:53
1265,16622940,Enrico Ambrosio,2026-08-06 19:56:30,1072.7,2,enricoambrosio,2026-08-10 21:02:53
1266,16688884,As Wasti,2026-08-09 19:05:59,1072.4,2,aswasti,2026-08-10 21:02:53
1267,16655603,Veeranuch Leelalai,2026-08-09 17:13:18,1070.1,2,veeranuchleelalai,2026-08-10 21:02:53
1268,16696769,maximo lorenzo y losada,2026-08-10 16:30:30,1069.7,2,maximolorenzoylosada,2026-08-10 21:02:53
1269,16622312,Malak Reda,2026-08-03 09:02:41,1069.6,2,malak457,2026-08-10 21:02:53
1270,16622937,Sheep 🐑,2026-08-02 12:12:36,1069.3,2,kabilrh,2026-08-10 21:02:53
1271,16640394,MOHAMMADJAFAR ZAMANI,2026-08-10 18:05:07,1069.0,2,mohammadjafarzamani,2026-08-10 21:02:53
1272,16665293,ADITYA BEECHA,2026-08-10 05:16:38,1068.2,2,bechaaditya,2026-08-10 21:02:53
1273,16672251,Kavinkumar M,2026-08-09 08:30:25,1066.8,2,kavinkumarrkm,2026-08-10 21:02:53
1274,16674683,Ali Esam,2026-08-08 20:50:54,1065.6,2,zyxsu0,2026-08-10 21:02:53
1275,16636094,Hax2456,2026-08-02 07:30:00,1064.3,2,hax2456,2026-08-10 21:02:53
1276,16622487,Sam kramer_1028,2026-08-03 10:12:17,1064.1,2,samkramer1028,2026-08-10 21:02:53
1277,16689741,shinamonmon,2026-08-08 19:20:46,1062.7,2,shinamonmon,2026-08-10 21:02:53
1278,16662904,Bharathms1902,2026-08-08 11:41:54,1061.7,2,bharathms1902,2026-08-10 21:02:53
1279,16634022,Cihan Atak,2026-08-02 16:00:43,1059.4,2,cihanatak,2026-08-10 21:02:53
1280,16663078,Isabella Wu,2026-08-04 19:36:20,1057.6,1,isabellawoo01,2026-08-10 21:02:53
1281,16656941,Winter Lamb,2026-08-09 12:31:49,1056.8,2,fabiansyahcahyo,2026-08-10 21:02:53
1282,16667058,Lê Quốc Duy,2026-08-08 01:03:08,1056.7,2,lqucduy,2026-08-10 21:02:53
1283,16622015,Ioannis M,2026-08-06 08:12:21,1055.3,2,imeintanis,2026-08-10 21:02:53
1284,16658048,Joel jaison 391,2026-08-05 02:31:57,1054.6,2,joeljaison391,2026-08-10 21:02:53
1285,16623152,Ibad Ur Rahman,2026-08-10 17:35:10,1054.1,2,ibadia,2026-08-10 21:02:53
1286,16639732,Junbeom Lee23,2026-08-08 10:31:18,1054.0,2,junbeomlee23,2026-08-10 21:02:53
1287,16659565,Tekin24,2026-08-09 22:14:57,1052.0,2,tekin24,2026-08-10 21:02:53
1288,16670424,Josep Audenis,2026-08-10 20:53:32,1051.7,2,josepaudenis,2026-08-10 21:02:53
1289,16651833,Hồ Khánh Duy,2026-08-04 09:48:39,1051.4,2,hkhnhduy,2026-08-10 21:02:53
1290,16633133,Hole Neckles,2026-08-02 10:32:28,1049.3,2,holeneckles,2026-08-10 21:02:53
1291,16626217,Stanislav Chistyakov,2026-08-05 18:52:47,1048.8,2,chistyakov,2026-08-10 21:02:53
1292,16633083,bsenst,2026-08-07 12:38:47,1048.7,2,bnzn261029,2026-08-10 21:02:53
1293,16670099,Jon Snyder,2026-08-06 00:27:21,1048.7,2,snyderj1515,2026-08-10 21:02:53
1294,16686918,JustinLee,2026-08-10 11:57:02,1045.6,2,justin2061,2026-08-10 21:02:53
1295,16696208,kazwzn S,2026-08-10 10:32:51,1045.3,2,kazwzns,2026-08-10 21:02:53
1296,16639473,Jeff Borschowa,2026-08-02 00:39:11,1045.0,2,jeffborschowa,2026-08-10 21:02:53
1297,16664128,Michael Todd Overdorf,2026-08-10 06:10:09,1043.6,2,michaeltoddoverdorf,2026-08-10 21:02:53
1298,16693903,Alief Randiansyah,2026-08-09 09:37:39,1043.4,1,"aliefrandiansyah,salsaaghnia",2026-08-10 21:02:53
1299,16634036,Emanuel Lázaro,2026-08-02 14:55:30,1043.2,2,emanuellcs,2026-08-10 21:02:53
1300,16652984,hxaxd,2026-08-05 15:09:49,1042.6,2,hxaxdcs,2026-08-10 21:02:53
1301,16655588,The Devil's World 678,2026-08-07 10:39:23,1042.1,2,thedevilsworld678,2026-08-10 21:02:53
1302,16668633,peien5,2026-08-06 14:44:47,1041.1,2,peien5,2026-08-10 21:02:53
1303,16640869,taijunhao,2026-08-04 11:10:34,1040.7,2,taijunhao,2026-08-10 21:02:53
1304,16688368,Lam Vo,2026-08-09 16:09:32,1040.0,2,nhatlam,2026-08-10 21:02:53
1305,16654419,kreiack,2026-08-09 23:47:00,1039.9,2,kreiack,2026-08-10 21:02:53
1306,16681405,Yusuke Hayashi,2026-08-10 17:19:33,1039.8,2,yhay81,2026-08-10 21:02:53
1307,16629308,Sutee,2026-08-09 17:07:39,1038.5,2,lszlst,2026-08-10 21:02:53
1308,16643692,Samsay24,2026-08-02 17:22:45,1038.0,1,samsay23,2026-08-10 21:02:53
1309,16640877,Yorix.um,2026-08-02 13:31:28,1036.3,1,yorixum,2026-08-10 21:02:53
1310,16681601,Hanaro,2026-08-10 15:24:15,1035.4,2,lucas040,2026-08-10 21:02:53
1311,16624969,tf,2026-08-02 14:13:48,1034.8,1,tfukuhara,2026-08-10 21:02:53
1312,16623400,Less,2026-08-02 01:32:24,1033.2,1,jiaoyouzhang,2026-08-10 21:02:53
1313,16640811,cyberia,2026-08-02 09:12:23,1032.4,1,cyberia,2026-08-10 21:02:53
1314,16622367,mg,2026-08-07 12:42:02,1032.3,2,"egorkashpar,sashaboriskin,smooky",2026-08-10 21:02:53
1315,16663767,Tommy Mancino,2026-08-09 04:08:25,1032.2,2,tommymancino,2026-08-10 21:02:53
1316,16646360,Asrith Singampalli,2026-08-03 08:46:59,1031.4,2,asrithsingampalli,2026-08-10 21:02:53
1317,16623448,HoJoonYun,2026-08-09 13:43:43,1031.3,2,hojoonyun,2026-08-10 21:02:53
1318,16668923,duy tran,2026-08-10 18:38:49,1031.3,2,duytran23,2026-08-10 21:02:53
1319,16632571,nishchal jain,2026-08-03 07:27:14,1028.5,2,nishchaljainds,2026-08-10 21:02:53
1320,16635680,starclan,2026-08-05 13:45:43,1028.5,2,starclan,2026-08-10 21:02:53
1321,16672035,diet1236364,2026-08-09 23:37:45,1026.4,2,kosuke123,2026-08-10 21:02:53
1322,16634650,UnfriendlyAI,2026-08-04 03:50:36,1025.5,2,unfriendlyai,2026-08-10 21:02:53
1323,16678370,Chenhao Wang,2026-08-07 06:37:46,1024.6,1,wangles,2026-08-10 21:02:53
1324,16663187,Teddy McBride,2026-08-07 03:59:53,1024.5,2,tedcr100,2026-08-10 21:02:53
1325,16632788,Bright O.H.,2026-08-10 05:40:01,1023.9,2,brightoh,2026-08-10 21:02:53
1326,16621831,"Tsung-Yeh, Hsieh",2026-08-10 06:49:43,1023.3,2,"tsungyehhsieh,xinyuloong",2026-08-10 21:02:53
1327,16632536,Aleksander Sachuk,2026-08-02 21:33:27,1022.9,2,alexsssachuk,2026-08-10 21:02:53
1328,16624056,Raggriculture,2026-08-07 11:08:56,1022.3,2,ravi123a321at,2026-08-10 21:02:53
1329,16687901,Khalid,2026-08-10 09:05:26,1021.8,2,khalid000000,2026-08-10 21:02:53
1330,16670527,Balram Gupta,2026-08-10 07:14:32,1021.4,2,"akankshaparab,bg28898",2026-08-10 21:02:53
1331,16660385,Jose Santiago Echevarria,2026-08-10 20:31:29,1019.9,2,jmsechevarria,2026-08-10 21:02:53
1332,16658569,Danu A.,2026-08-05 13:12:09,1019.8,2,eu1234,2026-08-10 21:02:53
1333,16675503,Jeff Marc E. Cadet,2026-08-10 17:59:05,1018.5,2,jeffmarcecadet,2026-08-10 21:02:53
1334,16690805,Alejandro Ayestaran,2026-08-10 02:17:18,1016.9,1,alejandroayestaran,2026-08-10 21:02:53
1335,16656379,Jay Gautam,2026-08-10 20:49:40,1014.9,2,jaygautam007,2026-08-10 21:02:53
1336,16677514,mayoristaNLP,2026-08-09 16:33:23,1013.7,2,mayoristanlp,2026-08-10 21:02:53
1337,16696267,yu lesui,2026-08-10 05:41:40,1011.1,2,yulesui,2026-08-10 21:02:53
1338,16623746,Juyong,2026-08-09 14:24:44,1010.2,2,kimdoong,2026-08-10 21:02:53
1339,16626732,islet,2026-08-09 08:38:25,1009.4,2,kojimar,2026-08-10 21:02:53
1340,16674543,Sujal Agarwal2301,2026-08-09 13:37:43,1008.4,2,sujalagarwal2301,2026-08-10 21:02:53
1341,16637489,Gopal Krishna Gundumalla,2026-08-02 12:39:17,1007.5,2,gopalkrishnag,2026-08-10 21:02:53
1342,16645705,wataru420,2026-08-10 08:04:37,1006.3,2,wataru420,2026-08-10 21:02:53
1343,16641068,Rahul Ray,2026-08-05 14:27:07,1005.3,2,rahulray5,2026-08-10 21:02:53
1344,16669466,vuppuluri sriramsubhash,2026-08-06 08:42:50,1004.1,2,vuppulurisriram,2026-08-10 21:02:53
1345,16671980,601918_กิตติพงศ์,2026-08-08 08:28:12,999.4,2,bluexg5502,2026-08-10 21:02:53
1346,16639719,JASONSLIMWONG,2026-08-02 08:11:22,999.1,2,jasonslimwong,2026-08-10 21:02:53
1347,16670759,Lemmes Yad,2026-08-09 04:37:37,998.5,2,"austinsemmel,jonallday",2026-08-10 21:02:53
1348,16667516,Rosastella,2026-08-05 16:00:48,998.2,2,rosastella,2026-08-10 21:02:53
1349,16634876,MakiMakiAi,2026-08-02 07:52:40,995.0,2,makimakiai,2026-08-10 21:02:53
1350,16664103,izack2666,2026-08-07 14:41:10,993.9,2,izack2666,2026-08-10 21:02:53
1351,16674532,shoaib khan,2026-08-08 01:57:11,992.9,2,manifoldinfo,2026-08-10 21:02:53
1352,16656496,Vaibhav Gupta,2026-08-10 04:03:20,991.7,2,vaihero,2026-08-10 21:02:53
1353,16636725,shichi,2026-08-10 17:41:15,991.7,2,shichi,2026-08-10 21:02:53
1354,16668998,WarRusher,2026-08-10 15:23:49,991.5,2,warrusher,2026-08-10 21:02:53
1355,16635177,Zacchaeus,2026-08-07 07:04:15,990.5,2,zacchaeus,2026-08-10 21:02:53
1356,16633850,Pascal,2026-08-10 02:21:35,989.5,2,pascalledesma,2026-08-10 21:02:53
1357,16639244,Romone Dunlop,2026-08-02 05:04:51,988.4,2,romonedunlop,2026-08-10 21:02:53
1358,16657419,Saivedant Hava,2026-08-05 06:36:39,987.6,2,saivedanthava,2026-08-10 21:02:53
1359,16675351,-Beterraba,2026-08-08 21:38:04,985.0,2,"afonsoo,miguelottoni",2026-08-10 21:02:53
1360,16639330,Dead Signal Works,2026-08-02 12:40:32,984.9,2,brooklynhalmstad,2026-08-10 21:02:53
1361,16623577,Jiayi Tang,2026-08-01 18:10:04,984.7,2,mannguo,2026-08-10 21:02:53
1362,16663444,Thomas,2026-08-10 20:58:34,984.5,2,tartieret,2026-08-10 21:02:53
1363,16623128,AdamJonesJohnson,2026-08-01 14:14:03,983.9,2,adamjonesjohnson,2026-08-10 21:02:53
1364,16688429,Omrani Rabah,2026-08-10 15:27:48,983.2,2,omranirabah,2026-08-10 21:02:53
1365,16665898,chengsongtao,2026-08-10 16:33:18,982.3,2,cheng618,2026-08-10 21:02:53
1366,16688450,SpiralTip,2026-08-10 01:17:48,982.1,2,spiraltip,2026-08-10 21:02:53
1367,16623616,nasubiman,2026-08-01 16:20:44,981.8,2,yousukenakamura,2026-08-10 21:02:53
1368,16637340,the_vinci_coder,2026-08-03 16:27:16,980.2,2,lokijt,2026-08-10 21:02:53
1369,16668123,B0RN2BL0W0UT,2026-08-08 19:10:45,980.2,2,kadenmansur,2026-08-10 21:02:53
1370,16661701,premjampuram,2026-08-10 16:53:02,979.3,2,"premjampuram,sheetallodhi",2026-08-10 21:02:53
1371,16665816,Vikas1306,2026-08-10 05:53:19,979.3,2,vikas1306,2026-08-10 21:02:53
1372,16678666,Rudranarayan Pradhan,2026-08-09 12:28:32,978.5,2,itzrnp,2026-08-10 21:02:53
1373,16670020,nanare,2026-08-08 18:35:16,978.4,2,nanaresudo,2026-08-10 21:02:53
1374,16671738,Exposed,2026-08-07 22:18:44,978.1,2,erickeller2,2026-08-10 21:02:53
1375,16668162,AlejandroAlvarez,2026-08-10 20:13:41,978.1,2,theworm,2026-08-10 21:02:53
1376,16636105,Md. Mehedi Hasan,2026-08-01 14:03:03,977.8,2,mehedi052,2026-08-10 21:02:53
1377,16663933,AnshV1,2026-08-06 03:03:35,977.4,2,anshv1,2026-08-10 21:02:53
1378,16666391,Harshpreet Singh,2026-08-06 10:32:51,975.2,2,harshpreet931,2026-08-10 21:02:53
1379,16676455,Sarthak Sharma ,2026-08-10 16:46:13,974.2,2,sarthaksharma14,2026-08-10 21:02:53
1380,16638551,SC,2026-08-01 17:02:17,974.1,1,ryosketchbook2007,2026-08-10 21:02:53
1381,16666733,Alberto MV,2026-08-07 03:11:32,972.4,2,albertomv,2026-08-10 21:02:53
1382,16663678,Fabiano Adelino,2026-08-10 19:28:27,969.4,2,fabianoadelino,2026-08-10 21:02:53
1383,16660548,Viraj Bakshi,2026-08-08 18:50:11,969.4,2,virajbakshi,2026-08-10 21:02:53
1384,16634172,Mario Cicala,2026-08-02 11:01:58,968.2,2,mariocicala,2026-08-10 21:02:53
1385,16639973,akky,2026-08-03 15:39:41,966.1,2,tellxxx,2026-08-10 21:02:53
1386,16644221,Guzha Panashe H,2026-08-05 16:55:21,965.7,2,guzhapanasheh,2026-08-10 21:02:53
1387,16635049,rooklift,2026-08-09 21:56:39,964.5,2,rooklift,2026-08-10 21:02:53
1388,16664246,Sida Zuo,2026-08-10 08:31:27,963.4,2,sidazuo,2026-08-10 21:02:53
1389,16659749,Kavsik YVS,2026-08-08 09:33:44,958.8,2,kavsiku0512,2026-08-10 21:02:53
1390,16654707,ManasviSharma,2026-08-10 18:44:28,958.2,2,manasvi821,2026-08-10 21:02:53
1391,16699722,Dicere,2026-08-10 19:37:15,955.3,2,thedark735,2026-08-10 21:02:53
1392,16668168,Ashutosh Ghodasara,2026-08-10 12:23:21,955.1,2,"asce09,attiraina,hashlord",2026-08-10 21:02:53
1393,16655062,KKS,2026-08-08 07:36:03,954.2,2,sachisgod,2026-08-10 21:02:53
1394,16670365,Konstantin Alekseev,2026-08-10 10:58:09,951.7,2,alekskst,2026-08-10 21:02:53
1395,16668868,tawashi,2026-08-10 19:42:40,951.6,2,tawashi,2026-08-10 21:02:53
1396,16680290,prospers,2026-08-09 19:45:01,950.9,2,prospers,2026-08-10 21:02:53
1397,16628295,qwertykeypadapple,2026-08-07 01:36:12,950.9,2,qwertykeypadapple,2026-08-10 21:02:53
1398,16666341,Ege Güvener,2026-08-06 08:16:45,948.1,2,egegvener,2026-08-10 21:02:53
1399,16667762,KucingGanteng,2026-08-10 04:52:07,947.3,2,dhiyaussalam,2026-08-10 21:02:53
1400,16671017,Pablo César Ruíz,2026-08-10 03:00:55,946.0,2,pcruiher08,2026-08-10 21:02:53
1401,16692569,Mark Kirwan,2026-08-10 20:32:44,945.6,2,markkirwan1990,2026-08-10 21:02:53
1402,16678638,Loshtradz,2026-08-10 19:45:44,944.9,2,loshtradz,2026-08-10 21:02:53
1403,16667880,BONPU👨‍🌾,2026-08-08 10:46:01,944.0,2,"shin9915,syamoji141chan",2026-08-10 21:02:53
1404,16642662,CdeTilly,2026-08-08 08:26:37,943.9,2,cdetilly,2026-08-10 21:02:53
1405,16679295,Mk26,2026-08-08 16:14:21,942.7,2,"manishk26,mans31",2026-08-10 21:02:53
1406,16665301,EricYang03,2026-08-06 07:45:29,942.1,2,ericyang03,2026-08-10 21:02:53
1407,16694779,JacobKooi,2026-08-10 09:16:35,941.8,2,jacobkooi,2026-08-10 21:02:53
1408,16658452,The Croptimiser,2026-08-06 05:07:52,939.5,1,driessmit1,2026-08-10 21:02:53
1409,16656659,James Y,2026-08-08 23:04:36,937.1,2,redoctopusk,2026-08-10 21:02:53
1410,16666165,ChrisLeiteScha,2026-08-10 16:31:23,936.9,2,chrisleitescha,2026-08-10 21:02:53
1411,16698538,Haozhe Wang 2022,2026-08-10 12:37:27,936.6,2,haozhewang2022,2026-08-10 21:02:53
1412,16664149,Bushel Seed,2026-08-10 04:06:25,935.2,2,"dmyung,nicholasmschwartz",2026-08-10 21:02:53
1413,16676114,Gekkotron,2026-08-08 22:40:40,933.7,2,gekkotron,2026-08-10 21:02:53
1414,16679848,Nikola010,2026-08-09 02:38:02,932.4,2,nikola010,2026-08-10 21:02:53
1415,16667874,Vidushiii,2026-08-10 12:25:42,930.2,2,vidushianand09,2026-08-10 21:02:53
1416,16662050,HandsOffMyBigMelons,2026-08-10 09:03:55,927.9,2,scrattle,2026-08-10 21:02:53
1417,16657095,Prashant Kumar,2026-08-09 14:58:45,927.0,2,praskr,2026-08-10 21:02:53
1418,16664828,Leon,2026-08-09 09:00:09,925.9,2,leonmyl,2026-08-10 21:02:53
1419,16656274,googunmo,2026-08-08 01:13:58,925.6,2,googunmo,2026-08-10 21:02:53
1420,16662653,Jordan Schaeffer,2026-08-10 02:08:17,925.4,2,jordanmschaeffer,2026-08-10 21:02:53
1421,16658272,Yash Katiyar,2026-08-08 20:17:05,925.4,2,yashkatiyar409,2026-08-10 21:02:53
1422,16679987,Said Mohamed Omary,2026-08-10 17:33:18,924.8,2,saidmohamedomary,2026-08-10 21:02:53
1423,16662486,KOTHAPALLI DILEEP,2026-08-10 12:06:14,924.8,2,kothapallidileep,2026-08-10 21:02:53
1424,16654791,Dev Rath,2026-08-10 09:58:24,924.2,2,devbratrath,2026-08-10 21:02:53
1425,16653122,Wei_Chance,2026-08-10 15:40:48,923.3,2,bystanderq,2026-08-10 21:02:53
1426,16623645,ayutin tin,2026-08-09 12:27:39,923.1,2,ayutintin,2026-08-10 21:02:53
1427,16639550,HIDEYO CHIBA,2026-08-09 17:52:00,922.1,2,hideyochiba,2026-08-10 21:02:53
1428,16635668,Mirza Yasir Abdullah Baig,2026-08-01 10:46:16,921.9,1,myab07,2026-08-10 21:02:53
1429,16664360,Rohan L,2026-08-09 22:13:27,919.9,2,rohanlopes,2026-08-10 21:02:53
1430,16632426,Santhana,2026-08-02 07:49:34,919.6,1,santhanalekshmic,2026-08-10 21:02:53
1431,16635818,F.A.Nina,2026-08-01 11:22:17,919.1,1,nina2025,2026-08-10 21:02:53
1432,16666452,victor souza,2026-08-09 17:07:51,919.1,2,victorcaio,2026-08-10 21:02:53
1433,16656691,Sahaj Deep Singh,2026-08-04 06:12:19,918.6,1,sahajdeepsingh9877,2026-08-10 21:02:53
1434,16655744,Ademola Arigbabuwo,2026-08-10 19:40:58,918.3,2,princedemo,2026-08-10 21:02:53
1435,16633175,Umut Kıvanç Sipahioğlu,2026-08-04 15:51:56,918.2,2,umutkvansipahiolu,2026-08-10 21:02:53
1436,16638667,Sarvesh Nikas,2026-08-05 11:44:45,918.0,2,sarveshnikas,2026-08-10 21:02:53
1437,16661467,sh_sub97,2026-08-10 07:57:01,916.3,2,shsub97,2026-08-10 21:02:53
1438,16677810,Maksim Borisov,2026-08-10 02:13:05,916.3,2,ma4ypic4y,2026-08-10 21:02:53
1439,16663361,protoLabs.studio,2026-08-06 18:39:50,916.2,2,protolabsstudio,2026-08-10 21:02:53
1440,16632950,Adil Khabibullin,2026-08-04 15:54:11,915.9,2,adilkhabibullin,2026-08-10 21:02:53
1441,16634582,Tarun Chaudhary,2026-08-05 18:11:11,915.7,2,tarunchdev,2026-08-10 21:02:53
1442,16637898,Marek Nurzynski,2026-08-01 16:06:46,915.5,1,marek3000,2026-08-10 21:02:53
1443,16668021,bali rasem,2026-08-07 16:15:13,915.1,2,balirasem,2026-08-10 21:02:53
1444,16623555,yindujuxi,2026-08-01 10:11:35,914.7,2,yindujuxi123,2026-08-10 21:02:53
1445,16654542,JayveerSingh6,2026-08-10 08:58:10,913.2,2,jayveersingh6,2026-08-10 21:02:53
1446,16688587,yamashu,2026-08-09 12:24:39,912.9,2,yamashuuu,2026-08-10 21:02:53
1447,16669561,Nikunj Pahwa,2026-08-10 19:36:55,912.5,2,nikunjpahwa,2026-08-10 21:02:53
1448,16631090,yoikoarmor,2026-08-09 07:01:44,912.2,2,yoikoarmor,2026-08-10 21:02:53
1449,16631573,uesi,2026-08-01 12:04:04,910.9,1,uemura687,2026-08-10 21:02:53
1450,16692350,Emerson Suarez,2026-08-09 04:06:37,910.3,2,jericksystem32,2026-08-10 21:02:53
1451,16633923,JackyFan123,2026-08-01 15:22:04,910.2,2,jackyfan123,2026-08-10 21:02:53
1452,16670420,Mihir Argulkar,2026-08-07 20:03:15,909.4,2,mihirargulkar,2026-08-10 21:02:53
1453,16639844,MaxChen303,2026-08-10 12:47:56,908.8,2,maxchen303,2026-08-10 21:02:53
1454,16664249,Rohan Jain,2026-08-08 04:03:29,907.8,2,rohanjain2312,2026-08-10 21:02:53
1455,16663356,Farm-ops,2026-08-06 23:27:37,907.1,2,"dakotavannauker,tsho01",2026-08-10 21:02:53
1456,16655340,LGarcia10,2026-08-10 15:27:20,907.0,2,leonardogarcia10,2026-08-10 21:02:53
1457,16664241,payoon,2026-08-07 08:24:05,906.8,2,payoon1234,2026-08-10 21:02:53
1458,16658043,Tran Huy Hoang1312,2026-08-05 01:58:39,904.5,2,tranhuyhoang1312,2026-08-10 21:02:53
1459,16657610,H Bharath,2026-08-09 19:10:38,903.0,2,hbharath,2026-08-10 21:02:53
1460,16631215,Hira Norm,2026-08-08 07:32:06,902.5,2,hiranorm,2026-08-10 21:02:53
1461,16630519,Mehmet Özer,2026-08-01 16:51:55,902.1,2,ozermehmet,2026-08-10 21:02:53
1462,16635872,Evgeniya Dmitrieva,2026-08-01 11:48:30,902.0,1,evgeniyadm,2026-08-10 21:02:53
1463,16656013,Asuran,2026-08-07 10:06:05,901.6,2,zkasuran,2026-08-10 21:02:53
1464,16630758,Keshav Joshi,2026-08-08 02:30:47,901.4,2,keshavjoshi22,2026-08-10 21:02:53
1465,16635004,jacob OKOTH O,2026-08-02 05:57:05,901.2,1,jacobokotho,2026-08-10 21:02:53
1466,16675475,Andrey Aristov,2026-08-09 16:44:59,900.4,2,andreyaristov,2026-08-10 21:02:53
1467,16657397,QSS Technosoft AI Team,2026-08-05 07:47:00,900.1,2,"kunalthedev,nishantkumarabes,prathamydvv,prishagdev,shreyakchakraborty",2026-08-10 21:02:53
1468,16659174,Soulwood,2026-08-08 14:58:46,899.6,2,soulwood,2026-08-10 21:02:53
1469,16677774,Abdulatif Mahgoub,2026-08-08 21:23:45,898.2,2,abdulatifmahgoub,2026-08-10 21:02:53
1470,16632224,yamakawanin,2026-08-01 07:02:58,898.1,2,yamakawanin,2026-08-10 21:02:53
1471,16665984,hepialidae,2026-08-10 16:05:19,897.5,2,hepialidae,2026-08-10 21:02:53
1472,16635796,MugaBros,2026-08-04 05:27:02,897.5,2,"drrocktotpalkonwarh,monjyotid",2026-08-10 21:02:53
1473,16663784,Aniketh2k7,2026-08-10 06:02:02,897.4,2,aniketh2k7,2026-08-10 21:02:53
1474,16655195,Pirhosseinlou,2026-08-08 17:16:18,897.0,2,pirhosseinlou,2026-08-10 21:02:53
1475,16663851,Harshith revuru,2026-08-10 19:02:58,894.5,2,harshithrevuru,2026-08-10 21:02:53
1476,16630741,mrk,2026-08-05 09:49:44,894.3,2,matsubaratakuji,2026-08-10 21:02:53
1477,16633928,ghostiee11,2026-08-01 01:33:25,893.6,1,ghostiee11,2026-08-10 21:02:53
1478,16674447,Nathan Thor,2026-08-10 12:34:55,893.5,2,devofpie,2026-08-10 21:02:53
1479,16673583,Priyanshu Jha,2026-08-10 15:50:23,893.3,2,codewithjha,2026-08-10 21:02:53
1480,16659465,AravindLochan,2026-08-10 12:22:30,892.9,2,aravindlochan,2026-08-10 21:02:53
1481,16634493,xixi,2026-08-01 09:51:45,892.5,2,huangcarry26,2026-08-10 21:02:53
1482,16641183,Team Name Pending,2026-08-09 14:47:40,892.5,2,"abdaathaillahhadyan,oliverspiby",2026-08-10 21:02:53
1483,16664154,dwdwdwsdedwd,2026-08-10 11:28:56,892.2,2,dwdwdwsdedwd,2026-08-10 21:02:53
1484,16661772,R3ddrag0n,2026-08-10 20:23:59,892.0,2,r3ddrag0n,2026-08-10 21:02:53
1485,16640816,pawaraman,2026-08-02 19:46:52,891.3,2,pawaraman,2026-08-10 21:02:53
1486,16666571,Zhengxu Yu,2026-08-10 11:30:23,890.7,2,zhengxuyu,2026-08-10 21:02:53
1487,16697689,Pavel Pakhmutov,2026-08-10 17:20:19,889.9,2,pavelpakhmutov,2026-08-10 21:02:53
1488,16699091,Umkaaa,2026-08-10 16:28:04,889.7,2,umkaaa,2026-08-10 21:02:53
1489,16633772,ayuma,2026-08-03 06:01:01,888.7,2,onthoze,2026-08-10 21:02:53
1490,16662375,Yunusa Hussein Adeiza,2026-08-10 03:57:13,888.6,2,yunusahusseinadeiza,2026-08-10 21:02:53
1491,16623886,onepunch999,2026-08-01 07:30:37,887.9,2,onepunch999,2026-08-10 21:02:53
1492,16636454,epigene,2026-08-02 10:14:52,887.5,2,nadhu59648,2026-08-10 21:02:53
1493,16673346,gabrielep09,2026-08-09 19:00:03,887.1,2,gabrielep09,2026-08-10 21:02:53
1494,16627906,Tergel Munkhbat,2026-08-07 09:29:02,886.5,2,tergelmunkhbat,2026-08-10 21:02:53
1495,16657904,xfhdh1,2026-08-08 16:06:45,886.5,2,xfhdh1,2026-08-10 21:02:53
1496,16691481,Aditi Salvi,2026-08-10 07:05:38,885.7,2,aditisalvi04,2026-08-10 21:02:53
1497,16658602,aldoktvns,2026-08-04 15:51:08,885.5,2,alrette,2026-08-10 21:02:53
1498,16694269,Aftxb,2026-08-10 04:33:46,885.5,2,aftxb07,2026-08-10 21:02:53
1499,16680144,AM,2026-08-07 09:27:24,884.8,2,adammekky,2026-08-10 21:02:53
1500,16624277,D S S Kumar,2026-08-10 03:22:55,883.8,2,satrusskumar,2026-08-10 21:02:53
1501,16674324,luca fregona,2026-08-08 13:37:49,883.2,2,lucafregona,2026-08-10 21:02:53
1502,16645712,Changye Li,2026-08-04 02:08:15,882.7,2,antoinegg1,2026-08-10 21:02:53
1503,16635670,Mr.S hanakosan,2026-08-09 00:31:34,881.2,2,earlgreytea15,2026-08-10 21:02:53
1504,16656162,Marisyn,2026-08-06 11:13:09,880.2,1,marisyn,2026-08-10 21:02:53
1505,16633269,op_star_platinum,2026-08-09 17:52:52,879.6,2,opstarplatinum,2026-08-10 21:02:53
1506,16666204,David Nana Kofi Ofosu-Arko,2026-08-05 11:04:42,879.5,2,davidnanak,2026-08-10 21:02:53
1507,16634824,yuki16,2026-08-01 06:41:38,879.3,1,yuki16,2026-08-10 21:02:53
1508,16671659,Jiang,2026-08-10 15:57:48,878.9,2,jncq2006,2026-08-10 21:02:53
1509,16677701,Coşkun Bağrıaçık,2026-08-10 00:02:25,878.0,2,cbagriacik,2026-08-10 21:02:53
1510,16665942,Satvik R Shetty,2026-08-09 03:59:52,876.4,2,satvikrshetty,2026-08-10 21:02:53
1511,16696738,rekhasri,2026-08-10 17:37:16,876.3,2,rekhasri,2026-08-10 21:02:53
1512,16654743,Jaume Batlle i Ferrer,2026-08-10 15:57:20,876.2,2,jaumebatlleiferrer,2026-08-10 21:02:53
1513,16652849,Hejunhui,2026-08-10 08:53:43,875.9,2,website98,2026-08-10 21:02:53
1514,16632252,Garnik Davtyan,2026-08-09 20:54:12,875.5,2,garnikdavtyan,2026-08-10 21:02:53
1515,16663681,Petar Knezevic,2026-08-10 16:49:28,874.9,2,petarknezevic1,2026-08-10 21:02:53
1516,16675888,Rob Gonzalez,2026-08-08 14:58:43,872.9,2,robg475,2026-08-10 21:02:53
1517,16628951,Hiro Nomo,2026-08-10 08:47:25,872.4,2,morinokuma3,2026-08-10 21:02:53
1518,16660310,KOLONEX.NET,2026-08-10 12:40:46,872.2,2,danielandresmiranda,2026-08-10 21:02:53
1519,16664205,shr Wei,2026-08-10 03:19:57,870.9,2,shrwei,2026-08-10 21:02:53
1520,16650160,nori8774,2026-08-10 06:26:21,870.2,2,norimasayamamoto,2026-08-10 21:02:53
1521,16663584,Deployable LLMs,2026-08-09 15:19:11,870.1,2,"lucasveronese,planetoidleser,sinhakprat",2026-08-10 21:02:53
1522,16656501,Thái Phạm Công,2026-08-05 03:59:47,869.8,2,thaipc,2026-08-10 21:02:53
1523,16663445,ali dzaki,2026-08-10 15:42:17,869.1,2,alidzaki,2026-08-10 21:02:53
1524,16660805,Ramon van Dijk,2026-08-05 05:48:21,868.5,2,ramonvandijk,2026-08-10 21:02:53
1525,16635679,WUHAOZHE618,2026-08-10 04:19:09,867.2,2,wuhaozhe618,2026-08-10 21:02:53
1526,16654463,Mark,2026-08-09 22:32:18,867.0,2,robotmf,2026-08-10 21:02:53
1527,16639492,Vishnu R Mohan,2026-08-08 20:36:19,866.0,2,vishnurmohan,2026-08-10 21:02:53
1528,16664457,yaohongfu,2026-08-10 12:30:43,865.6,2,yhfwww,2026-08-10 21:02:53
1529,16664219,JosephGuhlin,2026-08-10 08:46:16,863.9,2,jguhlin,2026-08-10 21:02:53
1530,16684710,Pratik Singh,2026-08-09 16:51:46,863.6,2,pratikks11,2026-08-10 21:02:53
1531,16654456,Tristan Peng,2026-08-09 17:00:48,862.9,2,tristanpeng,2026-08-10 21:02:53
1532,16668720,etienne duplessix,2026-08-10 15:33:22,862.3,2,etienneduplessix,2026-08-10 21:02:53
1533,16683488,Ripudaman Parmar,2026-08-10 20:39:42,861.7,2,ripudamanparmar,2026-08-10 21:02:53
1534,16631353,Shivam Shinde,2026-08-01 15:29:24,860.8,2,shindeshivam,2026-08-10 21:02:53
1535,16670371,rkd,2026-08-10 06:49:00,860.4,2,ryookd,2026-08-10 21:02:53
1536,16623736,Garigariyong,2026-08-10 16:17:13,859.8,2,garigariyong,2026-08-10 21:02:53
1537,16665395,bachi idriss,2026-08-10 15:23:30,859.1,2,bachiidriss,2026-08-10 21:02:53
1538,16679887,ScriptRed,2026-08-09 00:36:30,857.3,2,scriptred,2026-08-10 21:02:53
1539,16665342,Prothos,2026-08-09 20:40:17,857.3,2,vjuenemann,2026-08-10 21:02:53
1540,16668269,Rashi Jain07,2026-08-05 17:46:37,857.2,1,rashijain07,2026-08-10 21:02:53
1541,16688929,Kangqiao LIU,2026-08-09 08:31:42,856.9,2,kangqiaoliu,2026-08-10 21:02:53
1542,16665120,nobody,2026-08-09 12:15:52,855.9,2,rajesh1729,2026-08-10 21:02:53
1543,16676308,DC,2026-08-10 16:19:09,855.9,2,choudahchiun,2026-08-10 21:02:53
1544,16655339,harmo-miu,2026-08-10 02:39:35,855.4,2,harmomiu,2026-08-10 21:02:53
1545,16661943,Cow Wizard,2026-08-09 15:08:37,854.6,2,cowwizard321,2026-08-10 21:02:53
1546,16648215,Terrence Chuwe,2026-08-03 13:32:15,854.6,2,terrencechuwe,2026-08-10 21:02:53
1547,16623697,yuto083,2026-08-04 07:21:50,854.6,2,yuto0712,2026-08-10 21:02:53
1548,16697249,Sudharsana Rajasekaran,2026-08-10 14:52:15,854.0,2,sudhan03,2026-08-10 21:02:53
1549,16664666,Rheal Thomas,2026-08-10 17:35:07,853.7,2,rhealthomas,2026-08-10 21:02:53
1550,16664024,Juan David Bolanos,2026-08-10 02:16:15,851.6,2,juandavidbolanos,2026-08-10 21:02:53
1551,16686787,Lars Kammeijer,2026-08-07 21:31:11,850.6,2,larskammeijer,2026-08-10 21:02:53
1552,16655142,Stanislav Kuznetsov,2026-08-08 17:12:43,850.6,2,drtduck,2026-08-10 21:02:53
1553,16680342,Game_khó_vkl,2026-08-10 19:09:29,850.3,2,maruusha,2026-08-10 21:02:53
1554,16667959,Fei Wang,2026-08-08 15:24:45,849.2,2,flynnfei,2026-08-10 21:02:53
1555,16665042,Neo_0x3f,2026-08-09 18:12:49,848.8,2,neo0x3f,2026-08-10 21:02:53
1556,16642846,Leonid Zaporozhets,2026-08-02 20:03:13,848.3,2,leonidzaporozhets,2026-08-10 21:02:53
1557,16658185,Juwon Kweon,2026-08-10 11:24:55,848.2,2,juwonkwon,2026-08-10 21:02:53
1558,16656460,dlutwzh,2026-08-08 06:48:33,848.2,2,dlutwzh,2026-08-10 21:02:53
1559,16656514,A Poor Vul,2026-08-10 04:20:37,847.4,2,praveensahukari,2026-08-10 21:02:53
1560,16657570,Guruprasad Parasnis,2026-08-10 12:04:57,847.0,2,guruprasadparasnis,2026-08-10 21:02:53
1561,16656948,alexander kern,2026-08-10 16:22:17,847.0,2,alexanderkern,2026-08-10 21:02:53
1562,16667258,Firman Imam,2026-08-09 02:36:56,847.0,2,piririp,2026-08-10 21:02:53
1563,16660491,Ryan Hancock,2026-08-08 09:56:54,846.5,2,rychanfox,2026-08-10 21:02:53
1564,16699246,Labh Khatke,2026-08-10 14:53:12,845.6,2,labhkhatke,2026-08-10 21:02:53
1565,16658081,ando,2026-08-06 11:37:59,845.4,2,andoshunsuke,2026-08-10 21:02:53
1566,16664760,SN,2026-08-10 10:48:44,845.1,2,spirosnianiaras,2026-08-10 21:02:53
1567,16702774,FilipJ,2026-08-10 20:47:14,844.2,2,filipjarmua,2026-08-10 21:02:53
1568,16623644,Accer_sz,2026-08-02 00:27:32,842.9,2,accersz,2026-08-10 21:02:53
1569,16670834,romin_123,2026-08-10 03:29:06,842.3,2,romin123,2026-08-10 21:02:53
1570,16624888,okome_niigata,2026-08-06 06:47:17,841.5,2,okomeniigata,2026-08-10 21:02:53
1571,16623480,xmaster6y,2026-08-09 10:30:01,841.5,2,xmaster6y,2026-08-10 21:02:53
1572,16655423,Roland Luethy,2026-08-10 18:37:10,841.0,2,rluethy,2026-08-10 21:02:53
1573,16671646,Luche,2026-08-08 04:23:32,840.9,2,henrylucky,2026-08-10 21:02:53
1574,16666195,Yihan Guo,2026-08-07 09:33:19,840.0,2,yihanguo,2026-08-10 21:02:53
1575,16655013,Adrian Martinez 1111,2026-08-08 16:29:56,838.3,2,adrianmartinez1111,2026-08-10 21:02:53
1576,16658224,Daniel Gallardo Gómez,2026-08-07 08:17:24,838.1,2,danielgallardogmez,2026-08-10 21:02:53
1577,16686715,Adrien Secondaire,2026-08-08 15:54:58,837.3,2,adriensecondaire,2026-08-10 21:02:53
1578,16645297,Mark_RowSet,2026-08-09 05:25:39,836.9,2,markrowset,2026-08-10 21:02:53
1579,16702270,Jonas Jaku,2026-08-10 19:25:51,836.2,1,jonasjaku,2026-08-10 21:02:53
1580,16658227,Gugu888,2026-08-10 08:56:08,836.0,2,gugu888,2026-08-10 21:02:53
1581,16654855,Pedro Rezende Gomes,2026-08-06 00:41:30,835.5,2,pedrorzgomes,2026-08-10 21:02:53
1582,16689154,CrossEngineered,2026-08-10 20:13:37,833.5,2,"danyalsahin1,gkenurk",2026-08-10 21:02:53
1583,16675960,Audric LOKO,2026-08-10 16:58:18,833.1,2,audricloko,2026-08-10 21:02:53
1584,16658252,Krishnan CS,2026-08-09 08:59:59,830.1,2,krishnanchathadi,2026-08-10 21:02:53
1585,16630559,khan,2026-08-02 12:18:56,829.6,2,khansolov,2026-08-10 21:02:53
1586,16656912,Sami Ali,2026-08-07 00:48:33,829.4,2,mrsamiali,2026-08-10 21:02:53
1587,16659093,YangGod,2026-08-07 11:26:35,829.3,2,yanggod,2026-08-10 21:02:53
1588,16685069,derek_kuang0213,2026-08-10 20:56:02,828.7,2,derekkuang0213,2026-08-10 21:02:53
1589,16673477,ArtFix,2026-08-10 06:52:08,828.6,2,artfix,2026-08-10 21:02:53
1590,16661650,Docker container,2026-08-08 12:42:31,828.5,2,yossefaymanzedan,2026-08-10 21:02:53
1591,16654746,Michael Mullen,2026-08-06 11:08:31,827.2,2,mmullen200,2026-08-10 21:02:53
1592,16698366,Fateyongheng,2026-08-10 07:21:08,826.1,2,fateyongheng,2026-08-10 21:02:53
1593,16655128,Somasundar V,2026-08-10 08:43:57,826.0,2,somasundarv,2026-08-10 21:02:53
1594,16698930,MrKiwi,2026-08-10 15:29:15,825.6,2,mrkiwi,2026-08-10 21:02:53
1595,16675708,Mahder Tesfaye Abebe,2026-08-08 08:46:36,825.4,2,mahdertesfayeabebe,2026-08-10 21:02:53
1596,16664159,james nazareth,2026-08-10 18:34:07,825.1,1,jamesnazareth,2026-08-10 21:02:53
1597,16669392,cobrapigeon,2026-08-08 05:39:44,824.5,2,cobrapigeon,2026-08-10 21:02:53
1598,16666648,Sriram Reddy19,2026-08-06 08:40:07,824.2,2,sriramreddy19,2026-08-10 21:02:53
1599,16692994,turneja,2026-08-08 23:50:13,823.9,2,turneja,2026-08-10 21:02:53
1600,16658665,ChandramouliNagasundaram,2026-08-10 10:06:59,823.9,2,mouliindian,2026-08-10 21:02:53
1601,16682283,jwj1342,2026-08-10 11:20:18,823.5,2,"bpmf577,junzhejiao,jwj1342,liaodid,mrschang",2026-08-10 21:02:53
1602,16661529,AL Najafi,2026-08-08 03:39:39,822.7,2,alnajafi,2026-08-10 21:02:53
1603,16655381,Varshith K,2026-08-10 18:28:44,819.7,2,var3604,2026-08-10 21:02:53
1604,16641130,LitvinKA,2026-08-04 18:09:01,819.7,2,litvinka,2026-08-10 21:02:53
1605,16664112,Ethan Hung,2026-08-08 21:44:57,819.7,2,chinesegorilla99,2026-08-10 21:02:53
1606,16664003,Nakul Rajpal,2026-08-05 06:29:24,819.0,2,nakulrajpal,2026-08-10 21:02:53
1607,16670297,Gebreab K. Zewdie,2026-08-09 09:10:50,818.9,2,gzewdie,2026-08-10 21:02:53
1608,16665517,RUEI-HSIANG. CHANG,2026-08-06 11:41:59,818.4,2,rueihsiangchang,2026-08-10 21:02:53
1609,16664348,Zech fabs,2026-08-10 08:17:20,818.3,2,isaactunglaw,2026-08-10 21:02:53
1610,16664804,ryanovovo,2026-08-05 18:02:38,816.1,2,ryanovovo,2026-08-10 21:02:53
1611,16651593,huanxian chen,2026-08-10 15:31:44,815.6,2,huanxiachen,2026-08-10 21:02:53
1612,16663403,Matthew Huang,2026-08-10 08:28:30,814.4,2,matthewwh,2026-08-10 21:02:53
1613,16655199,Alexander Ulrich,2026-08-06 04:20:18,814.3,2,alexanderulrich01,2026-08-10 21:02:53
1614,16685938,Gautier Fauchart,2026-08-10 18:55:33,814.0,2,gautierfauchart,2026-08-10 21:02:53
1615,16693976,rererenore,2026-08-09 16:01:18,813.8,2,rererenore,2026-08-10 21:02:53
1616,16671421,Gryffin Wang,2026-08-08 23:08:40,813.6,2,gryffindoraf,2026-08-10 21:02:53
1617,16632266,(ノ◡ <),2026-08-04 12:27:27,812.4,2,nawfeelrahman1124444,2026-08-10 21:02:53
1618,16668737,Abish Pius,2026-08-10 20:33:05,812.1,2,abishpius,2026-08-10 21:02:53
1619,16692857,AbeLincoln1865,2026-08-10 19:13:00,811.8,2,abelincoln1865,2026-08-10 21:02:53
1620,16667514,Kakarott 10,2026-08-06 09:05:43,811.7,2,kakarott10,2026-08-10 21:02:53
1621,16667630,Sparsh389,2026-08-06 15:46:09,811.0,2,sparsh389,2026-08-10 21:02:53
1622,16630501,Haris Ahmed,2026-08-06 22:21:29,810.8,2,harisahmedgenai,2026-08-10 21:02:53
1623,16660600,Beria Kalpelbe,2026-08-07 13:46:47,810.7,2,beriakalpelbe,2026-08-10 21:02:53
1624,16665134,edteoh,2026-08-10 07:51:49,809.1,2,edteoh,2026-08-10 21:02:53
1625,16629844,IsaacJinyu,2026-08-01 15:39:55,808.6,2,isaacjinyu,2026-08-10 21:02:53
1626,16677366,Gmmastermind,2026-08-07 01:19:13,807.5,2,gmmastermind,2026-08-10 21:02:53
1627,16655044,Darius Kolycius,2026-08-04 09:49:01,806.9,2,dariuskolycius,2026-08-10 21:02:53
1628,16697266,Fahan Kaudeer,2026-08-10 14:35:04,806.5,2,fahankaudeer,2026-08-10 21:02:53
1629,16662213,Yang Zong-Yu phD,2026-08-10 15:57:41,805.9,2,yangzongyuphd,2026-08-10 21:02:53
1630,16670313,HamzZZzzZZa,2026-08-06 22:01:28,805.7,2,memesalot,2026-08-10 21:02:53
1631,16683282,ayushk_empire,2026-08-10 07:40:55,805.7,2,ayushkempire,2026-08-10 21:02:53
1632,16666084,Andaç Demirdelen,2026-08-09 19:18:08,805.1,2,andacdemirdelen,2026-08-10 21:02:53
1633,16657576,SUBHASH B,2026-08-10 07:33:53,804.9,2,subhashb21022,2026-08-10 21:02:53
1634,16689430,Terry Luo,2026-08-10 14:40:24,804.7,2,eimhluo1764,2026-08-10 21:02:53
1635,16622993,Yaroslav Tanko,2026-08-10 13:52:12,804.5,2,yaroslavtanko,2026-08-10 21:02:53
1636,16651661,Quyền Thịnh,2026-08-07 06:27:45,804.2,2,quynthnh,2026-08-10 21:02:53
1637,16669489,Yichi Zhang,2026-08-10 04:09:59,803.8,2,yichizhang12,2026-08-10 21:02:53
1638,16671454,Shadow,2026-08-10 08:09:19,803.4,2,uziahmd,2026-08-10 21:02:53
1639,16658937,SebastianQbiak,2026-08-05 06:20:18,803.1,2,sebastianqbiak,2026-08-10 21:02:53
1640,16687883,CherylStoned,2026-08-10 19:24:48,803.0,2,cherylstoned,2026-08-10 21:02:53
1641,16664884,Abhijeetgg,2026-08-08 06:58:32,798.9,2,abhijeetgg,2026-08-10 21:02:53
1642,16661225,Menelik Zafir,2026-08-09 04:39:38,798.1,2,monibeefudgekins,2026-08-10 21:02:53
1643,16660345,Aadhithya Ramesh,2026-08-06 08:49:10,797.5,2,aadhithyaramesh,2026-08-10 21:02:53
1644,16632214,roomer,2026-08-09 01:30:59,797.3,2,"matsuphy,mqme526,yasunamiura",2026-08-10 21:02:53
1645,16660477,SeaGoat,2026-08-10 01:46:07,797.1,2,vbandaru,2026-08-10 21:02:53
1646,16664790,soumic 1088,2026-08-07 14:02:49,796.3,2,soumic1088,2026-08-10 21:02:53
1647,16669666,RhoenSprudel,2026-08-09 20:56:18,796.2,2,rhoensprudel,2026-08-10 21:02:53
1648,16670698,Tamerlan Dadashov,2026-08-09 10:36:12,795.9,2,tamerlandadashov,2026-08-10 21:02:53
1649,16662633,Shekhar Suman,2026-08-10 19:42:08,795.0,2,shekharvc,2026-08-10 21:02:53
1650,16663998,Harith Al-Ani,2026-08-10 14:07:30,794.7,2,abo3losh,2026-08-10 21:02:53
1651,16678044,BJFC,2026-08-10 14:13:41,793.8,2,"harshithharithsa,svsumanth",2026-08-10 21:02:53
1652,16655521,Hemadri Rajyaguru,2026-08-04 02:12:55,793.1,2,hemadrirajyaguru,2026-08-10 21:02:53
1653,16664041,an Expired Engineer,2026-08-06 09:22:01,792.5,2,sanggusti,2026-08-10 21:02:53
1654,16694610,Kshitiz2002,2026-08-10 16:24:00,792.4,2,kshitiz2002,2026-08-10 21:02:53
1655,16663591,Joseph Franck,2026-08-09 15:02:38,791.9,2,josephfranck,2026-08-10 21:02:53
1656,16622338,github/shepsci/kaggle-skill,2026-08-10 20:07:51,791.8,2,shepscientific,2026-08-10 21:02:53
1657,16688868,AlbanMaurel7,2026-08-10 20:01:58,791.0,2,albanmaurel7,2026-08-10 21:02:53
1658,16654752,Agrofitting,2026-08-10 08:14:03,790.6,2,"evvfebruary,vinch97",2026-08-10 21:02:53
1659,16679443,Alexander Buslaev,2026-08-10 01:16:15,790.5,2,albuslaev,2026-08-10 21:02:53
1660,16653828,Boltuzamaki,2026-08-08 21:17:44,789.2,2,boltuzamaki,2026-08-10 21:02:53
1661,16698045,Vikhas S G,2026-08-10 07:36:32,789.1,2,vikhassg,2026-08-10 21:02:53
1662,16659341,Aryan88097,2026-08-05 17:26:57,788.9,2,aryan88097,2026-08-10 21:02:53
1663,16691946,Hassan Algizani,2026-08-10 01:09:19,788.5,2,hassanalgizani,2026-08-10 21:02:53
1664,16663437,inversion,2026-08-04 20:44:41,788.3,1,inversion,2026-08-10 21:02:53
1665,16646318,Kaminoko,2026-08-07 08:17:28,788.1,2,chrisopherjoshy,2026-08-10 21:02:53
1666,16686222,Nika Chaduneli,2026-08-10 01:21:09,787.6,2,nikachaduneli,2026-08-10 21:02:53
1667,16686972,Ankit Maurya,2026-08-10 18:31:35,787.5,2,"ankitmaurya16,rudraprasadsah",2026-08-10 21:02:53
1668,16670356,Dziriyin wa9il,2026-08-10 00:19:03,786.8,2,"akumanomu,alioualaeddine",2026-08-10 21:02:53
1669,16696997,coolin666,2026-08-10 07:23:01,785.8,2,coolin666,2026-08-10 21:02:53
1670,16678288,Speedrun retirement,2026-08-10 17:15:53,785.4,2,"josephkimanikamau,nanducode",2026-08-10 21:02:53
1671,16684674,Ch Muhammad Umer ,2026-08-10 12:38:48,785.2,2,chmuhammadumer,2026-08-10 21:02:53
1672,16654099,Bhupin Thapa magar,2026-08-10 09:22:06,784.9,2,vupeenthapamagar,2026-08-10 21:02:53
1673,16641348,wata,2026-08-03 11:29:04,784.7,2,iwatahiroki,2026-08-10 21:02:53
1674,16662128,BenPalmer59,2026-08-10 18:58:57,784.2,2,benpalmer59,2026-08-10 21:02:53
1675,16688108,Special_octo20,2026-08-10 03:32:12,784.2,2,specialocto20,2026-08-10 21:02:53
1676,16632994,primal,2026-08-09 00:06:39,783.9,2,primalhost,2026-08-10 21:02:53
1677,16702118,cemal özdeniz,2026-08-10 20:27:17,783.1,2,cemalzdeniz,2026-08-10 21:02:53
1678,16653379,Asakawa Ruriko,2026-08-10 09:21:58,783.0,2,asakawaruriko,2026-08-10 21:02:53
1679,16655449,tcvieira,2026-08-06 18:20:34,783.0,2,tcvieira,2026-08-10 21:02:53
1680,16699689,David Sedláček,2026-08-10 08:38:38,782.3,2,sibicek,2026-08-10 21:02:53
1681,16668354,ashraf saiyed,2026-08-09 07:42:03,781.8,2,ashrafsaiyed58,2026-08-10 21:02:53
1682,16658019,ไอติวบ้านปังมาเอาแช้มมมม,2026-08-08 18:43:05,781.8,2,tewnabhat,2026-08-10 21:02:53
1683,16625050,`,2026-08-03 05:53:43,781.5,2,ktverdov,2026-08-10 21:02:53
1684,16659367,Tayyab Aamir,2026-08-06 10:59:49,781.2,2,duketi,2026-08-10 21:02:53
1685,16660711,ricardo,2026-08-06 00:50:30,781.1,2,magania,2026-08-10 21:02:53
1686,16657172,Honkazu,2026-08-10 17:40:18,780.9,2,janposlusny,2026-08-10 21:02:53
1687,16655039,Andrew Yip,2026-08-06 20:14:49,780.6,2,yipcma,2026-08-10 21:02:53
1688,16659890,Cu Spoon,2026-08-10 18:27:59,779.9,2,cuspoon,2026-08-10 21:02:53
1689,16633379,Artem Prokhorov,2026-07-31 20:53:32,779.4,1,catfield123,2026-08-10 21:02:53
1690,16691512,Hongxin Su,2026-08-09 10:31:45,779.1,1,hongxinsu,2026-08-10 21:02:53
1691,16663656,АндрійКавецький,2026-08-10 02:10:00,778.8,2,andriykavetsky,2026-08-10 21:02:53
1692,16697461,Agricroporation,2026-08-10 11:42:25,778.5,2,"algionightly,kroissant7,officialabhinavsingh",2026-08-10 21:02:53
1693,16665224,tyz123456,2026-08-10 20:07:29,778.1,2,tyz123456,2026-08-10 21:02:53
1694,16667500,jiannebab,2026-08-10 03:03:54,777.7,2,jiannebab,2026-08-10 21:02:53
1695,16687390,Mark Calvert,2026-08-08 09:51:55,776.4,2,markycalvert,2026-08-10 21:02:53
1696,16655255,MalelizarazoP,2026-08-09 15:49:30,776.0,2,malelizarazop,2026-08-10 21:02:53
1697,16640472,Vsevolod Rakita,2026-08-10 08:28:06,775.3,2,vsevolodrakita,2026-08-10 21:02:53
1698,16663909,HDPark,2026-08-09 00:55:55,775.1,2,hdpark,2026-08-10 21:02:53
1699,16664267,Alan T. Andrea,2026-08-09 03:22:40,774.6,2,alantandrea,2026-08-10 21:02:53
1700,16669393,ÖMER FARUK YILMAZ,2026-08-07 19:54:59,774.4,2,ofyzero,2026-08-10 21:02:53
1701,16693549,別班,2026-08-10 15:09:46,774.2,2,"kusurizuke,pepushi,tomokiaki",2026-08-10 21:02:53
1702,16671438,Aot Chanthorn,2026-08-07 15:32:54,773.6,2,aotchanthorn,2026-08-10 21:02:53
1703,16668056,Quantum Farm,2026-08-08 11:45:07,772.8,2,"anselem7,divineokwueze,nnanyereuzoma",2026-08-10 21:02:53
1704,16631400,JZ,2026-08-10 09:11:28,772.6,2,zhoujiachen,2026-08-10 21:02:53
1705,16665084,Wei Han,2026-08-09 15:34:04,772.3,2,weihan87,2026-08-10 21:02:53
1706,16689391,Tejas Rajput,2026-08-08 17:21:18,770.8,2,tejasrajput123,2026-08-10 21:02:53
1707,16634519,Darshan Makwana,2026-08-05 11:57:36,770.3,2,ellipticaloranges,2026-08-10 21:02:53
1708,16677178,YOUSSEF FAID,2026-08-09 12:40:16,769.6,2,yousseffaid,2026-08-10 21:02:53
1709,16661898,Farfadet,2026-08-06 08:35:51,768.4,2,farfadet,2026-08-10 21:02:53
1710,16696421,Koyashiki Mao,2026-08-09 17:29:42,768.2,2,koyashikimao,2026-08-10 21:02:53
1711,16675832,Dean Shalev,2026-08-09 04:12:47,767.9,2,deanshalev,2026-08-10 21:02:53
1712,16627751,lzeee,2026-08-10 14:06:38,767.8,2,shzgong,2026-08-10 21:02:53
1713,16655571,yuken,2026-08-07 13:27:53,767.4,2,yukenai,2026-08-10 21:02:53
1714,16661210,vizyourdata,2026-08-07 11:05:08,767.0,2,vizyourdata,2026-08-10 21:02:53
1715,16691518,Sander Ee,2026-08-09 12:03:09,766.8,2,sanderee,2026-08-10 21:02:53
1716,16664134,Pelayo Fernández,2026-08-07 10:36:48,766.5,2,pelayofdez,2026-08-10 21:02:53
1717,16656519,Chris Laska,2026-08-08 07:52:47,766.3,2,chrislaska,2026-08-10 21:02:53
1718,16660005,DreamX5678,2026-08-06 07:55:06,766.3,2,dreamx5678,2026-08-10 21:02:53
1719,16625047,BOBQWERA,2026-08-02 06:34:18,766.3,2,bobqwera,2026-08-10 21:02:53
1720,16677105,Chaitanya Yadav,2026-08-08 18:55:46,766.1,2,xhaitanya,2026-08-10 21:02:53
1721,16635848,KartoplyanePure,2026-08-08 12:24:06,765.7,2,"danylotovp,wizardmp",2026-08-10 21:02:53
1722,16669597,农业农村部,2026-08-10 19:11:08,764.9,2,"bingzhenghan,hrwan1",2026-08-10 21:02:53
1723,16691580,Toni Blanco,2026-08-08 20:36:17,764.8,2,toniblanco,2026-08-10 21:02:53
1724,16628456,kiro,2026-08-10 16:20:52,764.2,2,kirosamurai,2026-08-10 21:02:53
1725,16671680,Joe Hall,2026-08-10 19:02:30,763.8,2,halljr,2026-08-10 21:02:53
1726,16697704,Leonid Matetskiy,2026-08-09 21:39:06,763.5,2,leonidmatetskiy,2026-08-10 21:02:53
1727,16638031,vlad101,2026-08-07 14:01:49,763.4,2,vlad101,2026-08-10 21:02:53
1728,16673191,juliye,2026-08-10 03:49:13,762.9,2,juliye,2026-08-10 21:02:53
1729,16681660,Parham Ghazanfari,2026-08-07 20:18:18,762.7,1,parhamghazanfari,2026-08-10 21:02:53
1730,16652635,panacea9320,2026-08-05 10:45:06,762.4,2,panacea9320,2026-08-10 21:02:53
1731,16691938,PRASHANT SUTHAR11,2026-08-10 09:46:05,762.2,2,prashantsuthar11,2026-08-10 21:02:53
1732,16668439,Lugas024,2026-08-08 05:33:51,762.2,2,lugas024,2026-08-10 21:02:53
1733,16666632,to1_10i,2026-08-06 17:41:23,761.9,2,to110i,2026-08-10 21:02:53
1734,16682876,Kartik Garg,2026-08-09 05:21:34,761.6,2,kartikgarg97,2026-08-10 21:02:53
1735,16659430,John Keith Weber,2026-08-10 17:37:22,761.4,2,johnkeithweber,2026-08-10 21:02:53
1736,16621523,Victor Orihuel,2026-08-10 17:21:31,760.7,2,victororihuel,2026-08-10 21:02:53
1737,16661564,yang20251228,2026-08-09 07:57:54,758.2,2,yang20251228,2026-08-10 21:02:53
1738,16672103,fred mahinay,2026-08-10 15:02:46,758.0,2,fredmahinay,2026-08-10 21:02:53
1739,16639223,SIDHAARTH SHREE,2026-08-04 22:49:19,758.0,2,sidhaarthshree,2026-08-10 21:02:53
1740,16641171,Sadettin Şamil Verdil,2026-08-07 14:18:04,757.5,2,sadettinamilverdil,2026-08-10 21:02:53
1741,16634204,m-toshi desu,2026-08-01 06:20:37,757.2,2,mtoshidesu,2026-08-10 21:02:53
1742,16630837,Vishal Sharma,2026-08-05 18:24:44,757.0,2,vishal40182,2026-08-10 21:02:53
1743,16664313,CompilingCoder,2026-08-06 09:38:17,756.5,2,compilingcoder,2026-08-10 21:02:53
1744,16663238,Francesco Zaccaria,2026-08-10 20:32:13,754.8,2,francescozaccaria,2026-08-10 21:02:53
1745,16658686,Alpesh Kumar,2026-08-08 06:12:31,754.7,2,alpeshkumar,2026-08-10 21:02:53
1746,16678609,quantcrypto3,2026-08-10 19:45:51,754.6,2,quantcrypto3,2026-08-10 21:02:53
1747,16655263,rishavsaigal,2026-08-10 17:10:12,754.3,2,rishavsaigal,2026-08-10 21:02:53
1748,16666900,sooflee,2026-08-09 12:24:35,754.1,2,sooflee,2026-08-10 21:02:53
1749,16669165,IT Neko,2026-08-10 14:49:05,754.1,2,"nirvaanaa,zhexuanyecust",2026-08-10 21:02:53
1750,16669396,Fleo98,2026-08-10 15:43:34,753.6,2,fleo98,2026-08-10 21:02:53
1751,16639867,vibecoder,2026-08-08 05:34:55,752.0,2,kunal808,2026-08-10 21:02:53
1752,16658618,philip georgiev,2026-08-09 06:57:05,751.7,2,philipgeorgiev,2026-08-10 21:02:53
1753,16691552,Koshtubh Singh Parihar,2026-08-09 03:19:39,750.0,2,koshtubhsinghparihar,2026-08-10 21:02:53
1754,16624941,KO Ho Tin,2026-08-10 03:33:47,749.7,2,b14ckc4tmr,2026-08-10 21:02:53
1755,16693137,Ich Benavides,2026-08-09 21:35:16,749.6,2,jabeichbenavides123,2026-08-10 21:02:53
1756,16658738,Aman,2026-08-05 11:12:10,749.6,2,amank95amank95,2026-08-10 21:02:53
1757,16645431,Amin,2026-08-08 22:05:02,749.4,2,aminvafaei,2026-08-10 21:02:53
1758,16656690,Sushant Kumar (xWF),2026-08-06 04:44:38,749.3,2,sushantkumarxwf,2026-08-10 21:02:53
1759,16678246,Mark Holloway,2026-08-08 01:28:19,749.2,2,markholloway,2026-08-10 21:02:53
1760,16639043,saroj bono,2026-08-08 00:57:44,748.4,2,sarojbono197,2026-08-10 21:02:53
1761,16671237,Jose Alejandro Rivera Jaramillo,2026-08-07 18:13:13,748.0,2,alejandroriveraj,2026-08-10 21:02:53
1762,16654761,Mohammed Mukthar,2026-08-05 02:06:15,747.9,2,mohammedmukthar9,2026-08-10 21:02:53
1763,16670453,141,2026-08-08 14:32:51,747.8,2,"muhammadmustafaxo,siddiqshah",2026-08-10 21:02:53
1764,16665990,daffaharil,2026-08-10 09:00:32,747.7,2,"daffaharil,farhansiddiq",2026-08-10 21:02:53
1765,16634316,Cao Tùng Lâm,2026-08-03 20:45:50,747.7,2,liamislazy,2026-08-10 21:02:53
1766,16658009,Lando Wang,2026-08-05 02:18:17,747.6,2,landowang,2026-08-10 21:02:53
1767,16654943,Alexis Selorm Gbeckor - Kove,2026-08-10 11:44:58,746.6,2,advancedbeginner,2026-08-10 21:02:53
1768,16646970,juewang1p,2026-08-07 03:27:11,746.1,2,juewang1p,2026-08-10 21:02:53
1769,16697681,Mahfujur Rahman Rakib,2026-08-10 05:14:21,745.9,2,mahfujurrahmanrakib,2026-08-10 21:02:53
1770,16657871,Lucienne,2026-08-05 03:13:59,745.9,2,yangnianan,2026-08-10 21:02:53
1771,16693159,Zonglin Han,2026-08-10 04:15:48,745.9,2,zonglinhan,2026-08-10 21:02:53
1772,16662318,Bardia Bahadori,2026-08-10 16:22:34,745.5,2,bardiabahadori,2026-08-10 21:02:53
1773,16687714,nabilux,2026-08-09 13:27:11,745.4,2,eminesnabil,2026-08-10 21:02:53
1774,16688175,aarav221w,2026-08-10 14:16:57,744.9,2,aarav221w,2026-08-10 21:02:53
1775,16654351,Manish Kumar,2026-08-04 07:45:22,744.7,2,manishkumarphd2000,2026-08-10 21:02:53
1776,16621811,Shaun Andrade,2026-08-01 00:44:42,744.6,2,shaunandrade,2026-08-10 21:02:53
1777,16695608,Elie Elias,2026-08-10 19:25:41,744.4,2,elieelias,2026-08-10 21:02:53
1778,16663343,Abdullah M. Haque,2026-08-10 20:59:45,744.4,2,abdullahmhaque,2026-08-10 21:02:53
1779,16632510,shi_koyo,2026-08-04 08:58:56,744.2,2,shikoyo,2026-08-10 21:02:53
1780,16684957,Lucas Ferreira,2026-08-09 18:30:48,744.1,2,lucasdeoferreira,2026-08-10 21:02:53
1781,16692401,Abdurehman Iqbal,2026-08-10 16:05:30,743.6,2,abdurehmaniqbal,2026-08-10 21:02:53
1782,16684886,HTHub,2026-08-08 00:12:47,743.2,2,adegokesaidi,2026-08-10 21:02:53
1783,16664731,UT,2026-08-10 13:30:05,742.5,2,"sabapunch,wasshan",2026-08-10 21:02:53
1784,16673923,Gabriele Giacometti,2026-08-10 11:38:05,742.4,2,gabrielegiacometti,2026-08-10 21:02:53
1785,16641093,Satish ,2026-08-10 10:25:12,741.5,2,satishkommanaboina,2026-08-10 21:02:53
1786,16674831,nk for work,2026-08-09 17:23:06,741.4,2,nkforwork,2026-08-10 21:02:53
1787,16676762,Tomas Escobar Rivera,2026-08-06 20:46:00,741.1,2,tomasescobarrivera,2026-08-10 21:02:53
1788,16676360,Chris Kang,2026-08-09 22:46:27,740.6,2,rukawa917,2026-08-10 21:02:53
1789,16668817,Sean ODonnell,2026-08-08 03:27:47,740.3,2,sjean11,2026-08-10 21:02:53
1790,16697800,DR_Mkelvo,2026-08-09 20:42:15,739.8,1,drmkelvo,2026-08-10 21:02:53
1791,16623732,A.S.TENSHU,2026-08-09 04:37:58,739.8,2,kirvk013,2026-08-10 21:02:53
1792,16657798,Ian Kim,2026-08-06 05:07:10,739.6,2,ianpkim,2026-08-10 21:02:53
1793,16661754,edwinis,2026-08-10 17:15:40,738.8,2,edwinis,2026-08-10 21:02:53
1794,16674948,habe.sq,2026-08-08 05:39:46,738.7,2,habesq,2026-08-10 21:02:53
1795,16663766,Anup Gautam,2026-08-08 01:29:10,738.5,2,anupanda,2026-08-10 21:02:53
1796,16668022,Lady and tech,2026-08-10 19:33:22,738.5,2,ladyandtech,2026-08-10 21:02:53
1797,16692954,Adam Nhan,2026-08-10 14:37:58,737.4,2,asnhan,2026-08-10 21:02:53
1798,16697893,YWehbe,2026-08-09 22:18:29,737.3,2,youssefwehbe,2026-08-10 21:02:53
1799,16670879,djschmit,2026-08-08 08:57:03,737.0,2,djschmit,2026-08-10 21:02:53
1800,16655140,Efthimios,2026-08-06 01:24:42,736.5,2,efthimiosfousekis,2026-08-10 21:02:53
1801,16662421,Aparna Mantha,2026-08-06 17:23:34,735.9,2,aparnam91,2026-08-10 21:02:53
1802,16692548,Yuhai Li,2026-08-10 18:07:25,735.8,2,yuhaili,2026-08-10 21:02:53
1803,16698688,JeremiahMannings,2026-08-10 14:20:01,735.0,2,jmannings,2026-08-10 21:02:53
1804,16627400,Krasnov Daniil,2026-08-10 18:56:08,735.0,1,daniilkrasnovvv,2026-08-10 21:02:53
1805,16689919,Koren Ben Ezra,2026-08-08 17:49:55,734.9,2,korenbenezra,2026-08-10 21:02:53
1806,16658677,大山,2026-08-10 08:54:14,734.5,2,mapodoufu,2026-08-10 21:02:53
1807,16684024,Work From Home 3.0,2026-08-10 14:30:43,734.1,2,"direct1,maxtankialok,n00bcak",2026-08-10 21:02:53
1808,16630274,yutoAb,2026-08-05 11:15:50,734.1,2,yutoab,2026-08-10 21:02:53
1809,16686613,Zubatch,2026-08-08 22:35:45,733.9,2,zubatch,2026-08-10 21:02:53
1810,16654193,fvong,2026-08-10 19:41:12,733.7,2,fvong35963,2026-08-10 21:02:53
1811,16675074,ahiokk,2026-08-07 07:58:44,733.6,2,ahiokk,2026-08-10 21:02:53
1812,16688130,Lujia Liang,2026-08-08 21:17:03,733.2,2,lujialiang123,2026-08-10 21:02:53
1813,16640845,tang yangzhou,2026-08-04 21:36:09,732.8,1,tangyangzhou,2026-08-10 21:02:53
1814,16685722,Jiahan Cao,2026-08-10 16:04:49,732.8,2,jiahancao,2026-08-10 21:02:53
1815,16695662,Ollie Lowe2,2026-08-09 19:20:16,732.0,2,ollielowe2,2026-08-10 21:02:53
1816,16655629,Mai_Konare,2026-08-05 12:47:36,731.3,2,maikonare,2026-08-10 21:02:53
1817,16675457,Ramana Prabhu Sana,2026-08-10 15:32:05,731.3,2,ramanaprabhusana,2026-08-10 21:02:53
1818,16679079,cedric stephan ,2026-08-09 23:31:59,731.2,2,cedricstephan,2026-08-10 21:02:53
1819,16657016,MD. AS-AID RAHMAN,2026-08-05 14:05:32,731.0,2,mdasaidrahman,2026-08-10 21:02:53
1820,16671364,Mike Riggs,2026-08-09 03:22:55,731.0,2,riggsasi,2026-08-10 21:02:53
1821,16652173,Shardul Gharat,2026-08-06 10:07:36,730.1,2,shardulgharat,2026-08-10 21:02:53
1822,16667839,Viet-Tien,2026-08-10 18:50:30,730.0,2,tiena2cva,2026-08-10 21:02:53
1823,16676155,Adam Carnaffan,2026-08-07 16:48:03,729.7,2,adamcarnaffan,2026-08-10 21:02:53
1824,16655527,Saurabh Kumar,2026-08-06 08:14:52,729.6,2,sk25oct,2026-08-10 21:02:53
1825,16697526,Jurgen Sinjari,2026-08-10 18:11:51,729.5,2,jurgensinjari,2026-08-10 21:02:53
1826,16639577,Haitaks,2026-08-04 17:33:55,729.3,2,haitaks,2026-08-10 21:02:53
1827,16655272,Artur Sakhiullin,2026-08-09 14:27:52,729.3,2,artursakhiullin,2026-08-10 21:02:53
1828,16670544,William Rients,2026-08-06 00:01:02,729.2,2,williamrients,2026-08-10 21:02:53
1829,16639705,Yuta Tomimasu,2026-08-07 13:02:39,729.0,2,yutatomimasu,2026-08-10 21:02:53
1830,16662103,Saravana Thiagarajan K,2026-08-05 21:43:42,728.3,2,saravanatk1984,2026-08-10 21:02:53
1831,16660295,Pentos,2026-08-10 00:06:56,728.2,2,nishiumi,2026-08-10 21:02:53
1832,16692680,Marc-Luca ,2026-08-10 15:16:22,728.1,2,marcluca,2026-08-10 21:02:53
1833,16636808,Kaito Ichikawa,2026-08-08 03:13:26,727.7,2,kaitoichikawa,2026-08-10 21:02:53
1834,16659951,CHRISTOPHER CRILLY,2026-08-10 11:52:20,727.7,2,christophercrilly,2026-08-10 21:02:53
1835,16690829,JeremyH43,2026-08-09 14:13:39,727.5,2,jeremyh43,2026-08-10 21:02:53
1836,16681369,GanadorPlusUltra,2026-08-10 14:30:09,727.0,2,ganadorplusultra,2026-08-10 21:02:53
1837,16670274,dankwa wadie,2026-08-09 19:27:31,726.8,2,dankwawadie,2026-08-10 21:02:53
1838,16661066,André Kuster,2026-08-06 00:54:20,726.4,2,andrkuster,2026-08-10 21:02:53
1839,16657105,Mathijs Deelen,2026-08-05 01:16:34,725.9,2,mathijsdeelen,2026-08-10 21:02:53
1840,16627581,AidenSong123,2026-08-10 10:27:19,724.8,2,aidensong123,2026-08-10 21:02:53
1841,16654332,Borys Tymchenko,2026-08-10 20:58:25,724.5,2,spsancti,2026-08-10 21:02:53
1842,16644303,kevin zhou,2026-08-07 19:02:37,724.2,2,kevinzhou66,2026-08-10 21:02:53
1843,16659418,Fonge Bertin,2026-08-06 09:26:33,723.9,2,fongebertin,2026-08-10 21:02:53
1844,16680297,Ajay Singh,2026-08-08 04:33:24,723.9,2,ajaysinghg,2026-08-10 21:02:53
1845,16669595,evanca,2026-08-08 12:27:56,723.7,2,evanca,2026-08-10 21:02:53
1846,16659828,Lebansty Valan,2026-08-10 15:29:26,723.5,2,lebanstyvalan,2026-08-10 21:02:53
1847,16669479,Shifa Salsabiila,2026-08-09 02:56:11,722.5,1,shifasalsabiila,2026-08-10 21:02:53
1848,16658106,Devam juthani,2026-08-05 08:18:14,722.4,2,devamjuthani,2026-08-10 21:02:53
1849,16621153,Addison Howard (ineligible),2026-08-05 14:42:38,721.8,2,addisonhoward,2026-08-10 21:02:53
1850,16660251,Yagawa,2026-08-06 05:40:52,721.0,2,yagawa,2026-08-10 21:02:53
1851,16659896,TedT,2026-08-09 23:10:25,720.9,2,fdsaur,2026-08-10 21:02:53
1852,16682915,igeo kK,2026-08-09 18:41:17,720.7,2,igeokk,2026-08-10 21:02:53
1853,16658820,Jonathan Ashenaf1,2026-08-09 13:31:52,720.5,2,jonathanashenaf1,2026-08-10 21:02:53
1854,16692845,Yassine Ben Zekri,2026-08-10 20:06:06,720.4,2,yassinebenzekri,2026-08-10 21:02:53
1855,16632735,"No Free Lunch, Only Melons",2026-07-31 18:46:54,720.3,1,kawaharataishi,2026-08-10 21:02:53
1856,16665759,Shawn Zhang,2026-08-07 06:45:59,719.6,2,shawnzhang0318,2026-08-10 21:02:53
1857,16667818,AjayVarma555,2026-08-09 15:14:45,719.6,2,ajayvarma555,2026-08-10 21:02:53
1858,16679364,VicD,2026-08-10 19:38:02,719.5,2,durandv,2026-08-10 21:02:53
1859,16662057,DeokJin,2026-08-05 04:01:38,719.4,2,deokjin,2026-08-10 21:02:53
1860,16655426,engin_zhou,2026-08-05 15:21:18,718.7,2,enginzhou,2026-08-10 21:02:53
1861,16621354,pengshy,2026-08-06 04:54:01,718.7,2,dm15336142,2026-08-10 21:02:53
1862,16666483,Salih Erdem Kaymak,2026-08-08 17:32:38,718.6,2,saliherdemkaymak,2026-08-10 21:02:53
1863,16667143,Noct-Tech zombie,2026-08-06 13:46:51,718.6,2,jo3thaboss,2026-08-10 21:02:53
1864,16658409,AlexMasip,2026-08-06 07:49:52,717.6,2,alexmasip,2026-08-10 21:02:53
1865,16669545,Rishabh Gupta,2026-08-06 18:19:04,717.4,2,rishabhguptajs,2026-08-10 21:02:53
1866,16666597,Ramkumar4240,2026-08-10 12:19:20,716.8,2,ramkumar4240,2026-08-10 21:02:53
1867,16670070,Kirill Molostov,2026-08-08 14:28:32,716.5,2,kirillmolostov,2026-08-10 21:02:53
1868,16656883,KK,2026-08-05 10:27:15,716.3,2,kkonzyb,2026-08-10 21:02:53
1869,16657265,Hemant Kumar,2026-08-05 15:17:20,716.1,2,hemantrajputt,2026-08-10 21:02:53
1870,16698999,Odyssey,2026-08-10 20:39:27,715.5,2,a1spirit,2026-08-10 21:02:53
1871,16681149,Lee14k,2026-08-10 20:53:47,715.4,2,lee14k,2026-08-10 21:02:53
1872,16658042,Giampietro Pregnolato,2026-08-10 06:06:45,715.4,2,giampietropregnolato,2026-08-10 21:02:53
1873,16665994,Rakhansyah,2026-08-10 16:17:59,714.3,2,rakhansyah,2026-08-10 21:02:53
1874,16658962,Fabian Friedland,2026-08-06 15:58:37,714.0,2,fabotelli,2026-08-10 21:02:53
1875,16658477,chathura prasadh9817,2026-08-06 07:18:04,713.7,2,chathuraprasadh9817,2026-08-10 21:02:53
1876,16660419,Kai-Shih Chiu,2026-08-06 12:54:22,713.5,2,kaishihchiu,2026-08-10 21:02:53
1877,16691670,wangbin.dev,2026-08-09 16:18:12,712.8,2,wangbindev,2026-08-10 21:02:53
1878,16633950,Matt Motoki,2026-08-01 16:42:24,712.8,2,mmotoki,2026-08-10 21:02:53
1879,16658151,Nguyễn Phúc Gia Bảo,2026-08-06 15:15:07,712.2,2,kevincrazy678,2026-08-10 21:02:53
1880,16659412,yesterdays_rebel,2026-08-05 04:45:57,712.2,2,irfanparaniya,2026-08-10 21:02:53
1881,16685982,Snorf,2026-08-09 15:06:58,712.0,2,snorfyang,2026-08-10 21:02:53
1882,16668175,el_dedalus,2026-08-06 14:48:01,711.9,2,eldedalus,2026-08-10 21:02:53
1883,16695691,neural-canvas,2026-08-09 19:05:05,711.6,2,mrsanap,2026-08-10 21:02:53
1884,16653303,F4,2026-08-06 01:43:09,711.0,2,"chen2yoimiya,huaidezhang,wahuwahuwahu,zrurfa",2026-08-10 21:02:53
1885,16688281,Luke Stafford,2026-08-09 17:10:58,710.7,2,luketstafford,2026-08-10 21:02:53
1886,16661318,Zeel Kadvani,2026-08-06 09:31:18,710.4,2,zeelkadvani,2026-08-10 21:02:53
1887,16670933,Pat,2026-08-06 10:26:21,709.8,2,junseia,2026-08-10 21:02:53
1888,16691271,Ashler Herrick,2026-08-09 14:54:33,709.4,1,ashlerjohnherrick,2026-08-10 21:02:53
1889,16657807,Ragav Rida,2026-08-07 16:22:34,709.3,2,ragavrida,2026-08-10 21:02:53
1890,16670842,Cole,2026-08-06 15:59:42,709.0,2,colechristensen,2026-08-10 21:02:53
1891,16663708,Imran Ahamed,2026-08-10 02:51:39,708.3,2,immu4989,2026-08-10 21:02:53
1892,16679560,soufiane Lasfar,2026-08-08 00:12:30,708.0,2,soufianelasfar,2026-08-10 21:02:53
1893,16677231,Ahmed Bootaan,2026-08-06 18:08:52,707.8,2,ahmedbootaan,2026-08-10 21:02:53
1894,16637776,MarvelousXun,2026-08-03 09:33:38,707.8,2,marvelousxun,2026-08-10 21:02:53
1895,16673712,Alejandro Betato,2026-08-08 23:57:25,707.5,2,alejandrobetato,2026-08-10 21:02:53
1896,16660850,Khoa Le,2026-08-05 13:23:55,707.4,2,bryanle2025,2026-08-10 21:02:53
1897,16660360,Joey Gonzales,2026-08-05 00:00:47,707.0,2,joeygonzales,2026-08-10 21:02:53
1898,16661832,Roberto Garcia,2026-08-08 15:09:39,707.0,2,robertogarciada,2026-08-10 21:02:53
1899,16665311,huayang sun,2026-08-07 01:57:30,706.9,2,okami001,2026-08-10 21:02:53
1900,16659181,Hongjie04,2026-08-05 04:07:04,706.3,2,hongjie04,2026-08-10 21:02:53
1901,16698294,John Doe,2026-08-10 13:16:20,705.6,2,johndoe90843,2026-08-10 21:02:53
1902,16663677,Aghazie David,2026-08-07 00:32:14,705.3,2,aghaziedavid,2026-08-10 21:02:53
1903,16664119,FSzekut,2026-08-07 00:03:04,705.2,2,fszekut,2026-08-10 21:02:53
1904,16679671,Ash0666,2026-08-09 19:28:52,704.7,2,ash0666,2026-08-10 21:02:53
1905,16669470,ASDM HUB,2026-08-10 14:38:12,704.6,2,jesushechavarria,2026-08-10 21:02:53
1906,16638177,stpete_ishii,2026-08-03 12:24:22,704.3,2,stpeteishii,2026-08-10 21:02:53
1907,16661784,XU XUXIANG,2026-08-09 14:29:23,704.1,2,xuxuxiang,2026-08-10 21:02:53
1908,16672858,Lyesterday,2026-08-06 08:45:47,703.7,2,ilyas93,2026-08-10 21:02:53
1909,16659874,ding yumeng,2026-08-10 11:53:41,703.6,2,dingyumeng,2026-08-10 21:02:53
1910,16689033,arman1o1,2026-08-09 18:02:03,701.9,2,arman1o1,2026-08-10 21:02:53
1911,16668089,Goller,2026-08-10 13:46:37,701.4,2,goller,2026-08-10 21:02:53
1912,16664142,The Studio 1,2026-08-07 01:39:19,700.9,2,landonsheatsley,2026-08-10 21:02:53
1913,16652904,TonightIsOver,2026-08-10 05:10:53,700.7,2,tonightisover,2026-08-10 21:02:53
1914,16674605,Versilogic,2026-08-07 03:33:10,700.2,2,versilogic,2026-08-10 21:02:53
1915,16635145,Isaac Menard,2026-08-05 21:11:36,700.1,2,isaacmenard,2026-08-10 21:02:53
1916,16659125,Meet Parekh,2026-08-10 19:39:37,699.6,2,meetparekh1,2026-08-10 21:02:53
1917,16672264,iiTz_AK,2026-08-08 05:08:23,699.1,2,iitzak,2026-08-10 21:02:53
1918,16654068,Renoir Vieira,2026-08-07 03:56:50,699.1,2,renoirvieira0,2026-08-10 21:02:53
1919,16688787,Raijin,2026-08-09 03:51:04,699.0,2,vencerlanz09,2026-08-10 21:02:53
1920,16675585,Jacob Joy,2026-08-10 19:54:17,698.8,2,jac0b1,2026-08-10 21:02:53
1921,16622938,Farmville Redux,2026-08-03 18:58:04,698.4,2,daveconnor,2026-08-10 21:02:53
1922,16630903,Hrushikesh Pawar,2026-08-09 14:44:37,697.7,2,hrushikeshpawar,2026-08-10 21:02:53
1923,16655424,Fayche,2026-08-10 16:50:28,697.7,2,fayche,2026-08-10 21:02:53
1924,16658779,Richard G Atkinson,2026-08-05 00:29:59,697.7,2,richardgatkinson,2026-08-10 21:02:53
1925,16666328,Dornus !,2026-08-05 21:53:19,697.2,2,dornus,2026-08-10 21:02:53
1926,16657794,Aromal vK,2026-08-06 15:35:11,697.1,2,aromalvk,2026-08-10 21:02:53
1927,16670210,Ali Alghaithi,2026-08-10 20:10:28,697.0,2,alioman,2026-08-10 21:02:53
1928,16672463,Muzammil Baloch,2026-08-07 12:45:39,696.9,2,muzammilbaloch,2026-08-10 21:02:53
1929,16656871,Pedro Henrique,2026-08-07 03:37:29,696.5,2,pedrohets,2026-08-10 21:02:53
1930,16667794,knadithyavr,2026-08-05 15:40:16,696.0,2,knadithyavr,2026-08-10 21:02:53
1931,16665622,one,2026-08-10 14:31:27,695.6,2,richardsplayground,2026-08-10 21:02:53
1932,16687548,Shubham Tibrewal,2026-08-10 17:58:03,695.3,2,researchai2026,2026-08-10 21:02:53
1933,16701633,Jacob Davis,2026-08-10 20:28:47,695.1,2,jacobtdavis,2026-08-10 21:02:53
1934,16660119,Dhruva Das,2026-08-05 17:05:52,695.1,2,dhruva77,2026-08-10 21:02:53
1935,16632504,[Deleted] c2f6c5d5-ecb1-4f92-95d7-7c9f0fd3474f,2026-07-31 16:04:32,694.7,1,ryota517,2026-08-10 21:02:53
1936,16693934,evnchn,2026-08-10 11:27:11,694.6,2,evnchn,2026-08-10 21:02:53
1937,16654890,Josh Hipps,2026-08-06 14:16:49,694.6,2,joshuahipps,2026-08-10 21:02:53
1938,16673333,Dimas Renggana,2026-08-06 23:40:39,694.0,2,dimasrenggana,2026-08-10 21:02:53
1939,16689266,Oleksandr Dudnev,2026-08-10 16:34:54,693.9,2,dantist,2026-08-10 21:02:53
1940,16658074,Qui Ngx,2026-08-05 05:57:15,693.8,2,quingx,2026-08-10 21:02:53
1941,16688366,yokoikazumasa,2026-08-08 19:25:58,693.7,1,yokoikazumasa,2026-08-10 21:02:53
1942,16635065,T88,2026-08-06 00:56:10,692.7,2,t88take,2026-08-10 21:02:53
1943,16665894,Pedro Wu,2026-08-10 09:38:26,691.6,2,pedropei,2026-08-10 21:02:53
1944,16687538,aefinityaiinc,2026-08-08 21:06:43,691.5,2,aefinityaiinc,2026-08-10 21:02:53
1945,16664370,Joel Arias,2026-08-06 17:29:01,691.0,1,j4rias,2026-08-10 21:02:53
1946,16671694,evananann,2026-08-10 09:27:34,690.9,2,evananann,2026-08-10 21:02:53
1947,16631772,yuki,2026-08-03 17:39:58,690.8,2,yururoi,2026-08-10 21:02:53
1948,16672095,Friaseus ,2026-08-10 19:03:57,690.5,2,friaseus,2026-08-10 21:02:53
1949,16695400,Karam Khasawneh,2026-08-10 20:29:16,689.8,2,karamkhasawneh,2026-08-10 21:02:53
1950,16699711,maxscender ,2026-08-10 16:28:41,689.4,1,maxscender,2026-08-10 21:02:53
1951,16698007,Juanma Serrano,2026-08-10 04:19:07,689.4,2,juanmaserrano,2026-08-10 21:02:53
1952,16623112,Tians12,2026-08-09 19:10:24,689.2,2,tiansang12,2026-08-10 21:02:53
1953,16687942,Arya Arun,2026-08-08 07:51:57,688.7,2,aryaarun07,2026-08-10 21:02:53
1954,16665046,Srish Jana,2026-08-06 18:12:59,688.6,2,srishjana,2026-08-10 21:02:53
1955,16662313,Maximus Sambucetti,2026-08-09 15:36:46,688.2,2,maximussambucetti,2026-08-10 21:02:53
1956,16676885,Riva Kajangu,2026-08-10 15:33:47,687.9,2,rivakajangu,2026-08-10 21:02:53
1957,16657671,RacoonTW,2026-08-10 10:44:09,687.7,2,racoontw,2026-08-10 21:02:53
1958,16678602,hassan manour,2026-08-07 12:52:23,687.3,1,hassanmanour,2026-08-10 21:02:53
1959,16692637,Blox Amaze,2026-08-09 09:47:42,687.0,2,bloxamaze,2026-08-10 21:02:53
1960,16698281,Neural,2026-08-10 17:53:22,686.8,2,kevinkoza,2026-08-10 21:02:53
1961,16690923,Maqsoud TAWALIOU,2026-08-09 12:28:38,686.1,2,maqsoudtawaliou,2026-08-10 21:02:53
1962,16697021,Vaishnavi22052006,2026-08-10 06:57:18,686.1,2,vaishnavi22052006,2026-08-10 21:02:53
1963,16683918,Thuytien,2026-08-07 17:20:33,685.5,2,thuytien200529,2026-08-10 21:02:53
1964,16672078,vietlinhh02,2026-08-08 07:46:53,685.2,2,vietlinhh02,2026-08-10 21:02:53
1965,16651623,Sarvesh Talele,2026-08-08 18:39:04,684.7,2,sarveshtalele,2026-08-10 21:02:53
1966,16655075,Félix Rodríguez Roble,2026-08-04 09:16:25,684.5,2,flixrodrguezroble,2026-08-10 21:02:53
1967,16664605,Nathaniel Shou,2026-08-05 17:51:47,683.7,2,nathanielshou,2026-08-10 21:02:53
1968,16663213,Takahiro Someya,2026-08-06 04:52:04,683.0,2,takahirosomeya,2026-08-10 21:02:53
1969,16673266,Preet,2026-08-10 19:22:06,682.9,2,hpkaur34,2026-08-10 21:02:53
1970,16686149,Luc Mantoux,2026-08-09 20:25:33,682.1,2,lucmantoux,2026-08-10 21:02:53
1971,16637031,and more,2026-08-06 01:35:25,681.8,2,kym2022,2026-08-10 21:02:53
1972,16660173,PAULO HENRIQUE DE LIMA,2026-08-06 02:42:20,681.7,1,paulohenriquedelima,2026-08-10 21:02:53
1973,16651167,ArmanVardanyan07,2026-08-03 22:43:13,681.0,2,armanvardanyan07,2026-08-10 21:02:53
1974,16645426,Jun_value,2026-08-10 00:50:19,681.0,2,junvalue,2026-08-10 21:02:53
1975,16674540,Pratik Priyanshu,2026-08-07 18:28:12,680.8,2,pratikpriyanshu5,2026-08-10 21:02:53
1976,16675264,Alon Bar Koter,2026-08-06 16:16:43,680.5,2,alonbarkoter,2026-08-10 21:02:53
1977,16654596,khusham sheth,2026-08-08 10:55:53,680.1,2,khushamsheth,2026-08-10 21:02:53
1978,16660955,Nihal l.suvarna,2026-08-10 14:10:54,680.0,2,nihallsuvarna,2026-08-10 21:02:53
1979,16668562,Anthony LOISEAU,2026-08-06 16:07:52,679.8,2,anthonyloiseau,2026-08-10 21:02:53
1980,16656317,Manu Rahi,2026-08-06 16:43:55,679.3,2,manurathi,2026-08-10 21:02:53
1981,16695822,Ahmad Elawady,2026-08-09 13:29:59,679.1,2,aielawady,2026-08-10 21:02:53
1982,16668678,Madhur Sabherwal,2026-08-08 01:54:42,678.5,2,madhur321,2026-08-10 21:02:53
1983,16658909,junesdata,2026-08-06 15:14:26,677.9,2,junesdata,2026-08-10 21:02:53
1984,16661994,Suvrat Rai,2026-08-09 12:19:26,677.8,2,suvrat11rai,2026-08-10 21:02:53
1985,16669028,Atishay Kasliwal,2026-08-10 18:20:56,677.8,2,atishaykasliwal,2026-08-10 21:02:53
1986,16685618,Krupa Vardhan,2026-08-08 07:33:05,677.6,2,krupavardhan,2026-08-10 21:02:53
1987,16677303,Chase Martyn,2026-08-10 02:41:57,676.9,2,chasemartyn,2026-08-10 21:02:53
1988,16687604,Harrislrobinson,2026-08-09 22:01:26,676.3,2,harrislrobinson,2026-08-10 21:02:53
1989,16696163,Romain Durand,2026-08-10 11:12:17,676.2,2,romaindurand1607,2026-08-10 21:02:53
1990,16654970,Maycon Coutinho,2026-08-10 15:26:47,676.1,2,coutinhomaycon,2026-08-10 21:02:53
1991,16698822,JJN8825,2026-08-10 07:07:20,675.7,2,jjn8825,2026-08-10 21:02:53
1992,16657400,indrapurnama,2026-08-08 05:42:05,675.5,2,indr0008,2026-08-10 21:02:53
1993,16668648,Mason R. Brito,2026-08-07 04:29:13,675.3,2,masonrbrito,2026-08-10 21:02:53
1994,16677585,Pan,2026-08-07 13:54:22,675.3,2,mehdiacho,2026-08-10 21:02:53
1995,16701728,sigmaborov,2026-08-10 16:09:06,675.1,2,sigmaborov,2026-08-10 21:02:53
1996,16671648,AnZ,2026-08-09 07:21:22,675.0,2,minhbui1997,2026-08-10 21:02:53
1997,16690338,dvv_ram,2026-08-10 09:23:56,674.8,2,ddvram,2026-08-10 21:02:53
1998,16670504,Shirabe,2026-08-10 20:34:44,674.1,2,carlmakt,2026-08-10 21:02:53
1999,16680108,dentalsoup,2026-08-07 09:03:47,674.1,2,afinemonkey,2026-08-10 21:02:53
2000,16666301,James Felipe,2026-08-09 04:56:09,673.8,2,jamesfelipe,2026-08-10 21:02:53
2001,16653222,StevenYuan7788,2026-08-05 02:16:11,673.3,2,stevenyuan7788,2026-08-10 21:02:53
2002,16680562,devsloppy,2026-08-10 20:02:19,673.1,2,twu1738,2026-08-10 21:02:53
2003,16669118,yunus yavuz,2026-08-05 21:51:21,672.8,2,yunusyvz,2026-08-10 21:02:53
2004,16676663,This cat is called Fumi,2026-08-10 17:30:46,672.7,2,qwer556617123,2026-08-10 21:02:53
2005,16660214,ytddsyt1214,2026-08-09 12:32:06,672.7,2,ytddsyt1214,2026-08-10 21:02:53
2006,16660670,Chirag Bhatnagar,2026-08-08 15:49:27,672.2,2,chiragbhatn,2026-08-10 21:02:53
2007,16623302,Raffi Ardhi Naufal,2026-07-31 18:31:57,670.9,1,raffiardhi,2026-08-10 21:02:53
2008,16621802,fgwiebfaoish,2026-07-30 23:38:52,670.9,2,fgwiebfaoish,2026-08-10 21:02:53
2009,16662043,Hengcong Zhu,2026-08-05 14:46:24,670.8,2,hengcongzhu,2026-08-10 21:02:53
2010,16659813,Uday Kumar R,2026-08-06 06:05:59,670.8,2,udaykumarramineni,2026-08-10 21:02:53
2011,16665462,ZSZ,2026-08-09 13:30:32,670.4,2,zsuzsanna2,2026-08-10 21:02:53
2012,16688646,lakranitesh,2026-08-08 12:49:18,670.3,2,lakranitesh,2026-08-10 21:02:53
2013,16688134,Marc Dakuginow,2026-08-09 20:50:28,670.3,2,marcdakuginow,2026-08-10 21:02:53
2014,16655072,Sonuaswar1,2026-08-04 07:33:47,670.0,2,sonuaswar1,2026-08-10 21:02:53
2015,16700785,VIVEK JAMI,2026-08-10 14:01:44,669.9,2,vivekjami,2026-08-10 21:02:53
2016,16655578,Ahmed Merie,2026-08-10 20:27:31,669.3,2,aa7767,2026-08-10 21:02:53
2017,16665641,Alexander Shahramanyan,2026-08-10 08:37:19,669.1,2,alexshah,2026-08-10 21:02:53
2018,16662618,Soledad Santiago,2026-08-10 01:30:24,668.9,2,soledadsantiago,2026-08-10 21:02:53
2019,16638645,ChrisDavis,2026-08-03 23:29:34,668.8,2,alpacas,2026-08-10 21:02:53
2020,16632253,nasuuuuun,2026-08-04 13:30:11,668.6,2,hikarumatsuzaki,2026-08-10 21:02:53
2021,16633222,maxingkong733,2026-08-10 19:20:42,668.4,2,maxingkong733,2026-08-10 21:02:53
2022,16696020,Hugo Voisin,2026-08-10 19:58:23,667.9,2,hugovoisin,2026-08-10 21:02:53
2023,16625241,Mutoy Choi,2026-08-02 08:18:17,667.3,2,mutoy1,2026-08-10 21:02:53
2024,16676254,Lazy Lagoon,2026-08-10 15:02:46,667.2,2,"mokshoswal137,taniyasankhe",2026-08-10 21:02:53
2025,16662201,Saumitra Verma,2026-08-04 18:28:36,666.6,2,saumitraverma,2026-08-10 21:02:53
2026,16666371,jiten_topiwala,2026-08-08 16:51:13,666.3,2,jitentopiwala,2026-08-10 21:02:53
2027,16666055,Axit,2026-08-06 10:16:15,666.1,2,axitslab,2026-08-10 21:02:53
2028,16697936,Sami Cakiral,2026-08-10 11:51:32,665.9,2,samicakiral,2026-08-10 21:02:53
2029,16661934,Viacheslav Kasatkin,2026-08-10 10:48:25,665.5,2,viacheslavkasatkin,2026-08-10 21:02:53
2030,16695093,Ryota Murai,2026-08-10 15:05:34,665.1,2,rmuraix,2026-08-10 21:02:53
2031,16659645,Drakus_Julia,2026-08-09 02:15:20,664.8,2,drakus74,2026-08-10 21:02:53
2032,16657553,graceyunliu,2026-08-09 16:55:44,664.6,2,graceyunliu,2026-08-10 21:02:53
2033,16677360,Jatin Chawla,2026-08-08 13:45:06,664.2,2,jatin221,2026-08-10 21:02:53
2034,16662751,ZeD,2026-08-06 10:11:24,664.2,2,hussamcheema,2026-08-10 21:02:53
2035,16670779,Aditya Dube,2026-08-06 01:41:24,663.0,2,dubeaditya,2026-08-10 21:02:53
2036,16665080,RAVI KUMAR696996,2026-08-05 06:14:29,662.8,2,ravikumar696996,2026-08-10 21:02:53
2037,16656107,Aotokitsuruya,2026-08-10 15:10:58,662.6,2,elct9620,2026-08-10 21:02:53
2038,16664211,Ben Wilson,2026-08-06 23:57:29,662.3,2,crispyryse,2026-08-10 21:02:53
2039,16671217,Akshay V,2026-08-10 17:56:03,662.0,2,akshayv1001,2026-08-10 21:02:53
2040,16631480,Kumar Abhijeet,2026-07-31 13:29:40,661.8,1,krabhijeet,2026-08-10 21:02:53
2041,16659025,Mohammed Naseef,2026-08-05 09:01:20,661.2,2,mohammednaseef,2026-08-10 21:02:53
2042,16659974,anthony sinchi,2026-08-10 02:14:01,660.8,2,anthonysinchi,2026-08-10 21:02:53
2043,16634790,Steven Lui,2026-08-03 12:22:08,660.7,2,stevenlui,2026-08-10 21:02:53
2044,16639408,Invictus,2026-08-04 11:13:25,660.6,2,nicho256,2026-08-10 21:02:53
2045,16640504,Recep Öztürk,2026-08-06 11:38:41,660.0,2,rcpztrrk1,2026-08-10 21:02:53
2046,16655654,Cacinie,2026-08-09 00:52:55,659.7,2,cacinie,2026-08-10 21:02:53
2047,16630163,SEREENA JERRY,2026-08-06 08:59:17,659.7,2,serenajerry,2026-08-10 21:02:53
2048,16665692,Straw_hats,2026-08-10 20:13:10,659.3,2,charanno,2026-08-10 21:02:53
2049,16640701,momoon,2026-08-06 14:51:58,659.0,2,nomuraryota,2026-08-10 21:02:53
2050,16656689,Vansh Gupta,2026-08-05 06:58:57,658.7,2,vanshrl9ine,2026-08-10 21:02:53
2051,16658973,not today,2026-08-05 05:57:14,658.5,2,cemhan44,2026-08-10 21:02:53
2052,16641009,Marius Kirschner,2026-08-03 08:41:47,658.4,2,mariuskirschner,2026-08-10 21:02:53
2053,16632777,Alexandrine Cakpo,2026-08-01 20:19:35,657.3,2,alexandrinecakpo,2026-08-10 21:02:53
2054,16690988,Aditya Bharadwaj,2026-08-10 09:37:51,657.0,2,adityabharadwaj26,2026-08-10 21:02:53
2055,16663188,Ethan Feng,2026-08-05 22:09:38,656.5,2,xenon111231,2026-08-10 21:02:53
2056,16630335,Solve Langseth,2026-08-05 06:48:57,656.3,2,solvelangseth,2026-08-10 21:02:53
2057,16688568,Sophie555,2026-08-10 14:51:27,656.1,2,sophie555,2026-08-10 21:02:53
2058,16693663,YoungCheol Son,2026-08-10 00:01:32,655.6,2,sonyc5720,2026-08-10 21:02:53
2059,16686150,Aek KunKub,2026-08-10 11:05:57,655.5,2,aekkunkub,2026-08-10 21:02:53
2060,16621499,Alexandr Utkov,2026-08-01 00:21:43,655.4,2,alexandrutkov,2026-08-10 21:02:53
2061,16633069,Nur Srijan,2026-08-06 12:55:34,655.2,2,nursrijan,2026-08-10 21:02:53
2062,16667565,BeeDeeR,2026-08-10 13:18:19,655.0,2,beedeer,2026-08-10 21:02:53
2063,16660364,dadandsats,2026-08-10 17:06:14,655.0,2,continuingdev,2026-08-10 21:02:53
2064,16666147,Khalid Bin Hethlain,2026-08-10 01:38:51,655.0,2,khalidbinhethlain,2026-08-10 21:02:53
2065,16658660,Leo Lai,2026-08-10 14:10:03,654.8,2,junweilai,2026-08-10 21:02:53
2066,16666988,Sarthak Vedant Mohanty,2026-08-08 00:10:11,654.0,2,sarthakvedantmohanty,2026-08-10 21:02:53
2067,16698103,JJ,2026-08-10 02:21:50,653.2,2,jianjinchen,2026-08-10 21:02:53
2068,16675997,Rintaro Moriwaki,2026-08-06 15:52:11,653.1,2,rintaromoriwaki,2026-08-10 21:02:53
2069,16623316,Ondrew Zudin,2026-08-06 23:08:41,652.5,2,ondrewzudin,2026-08-10 21:02:53
2070,16656709,Anh-Vu Mai-Nguyen,2026-08-10 00:05:11,652.0,2,mainguyenanhvu,2026-08-10 21:02:53
2071,16691164,Krishna Saathwik,2026-08-10 14:32:38,651.9,2,krishnasaathwik,2026-08-10 21:02:53
2072,16664072,victor aguilera,2026-08-09 21:26:57,651.2,2,viaguilera,2026-08-10 21:02:53
2073,16634704,Maham Haroon,2026-08-10 09:12:11,650.6,2,mahamhc,2026-08-10 21:02:53
2074,16635233,Szymon Kłapiński,2026-08-03 10:04:12,650.4,2,szymonkapiski,2026-08-10 21:02:53
2075,16667994,Zhian Wei,2026-08-10 14:40:25,650.3,2,zh1anwe1,2026-08-10 21:02:53
2076,16659210,HASHP100D,2026-08-08 15:22:24,650.2,2,hashp100d,2026-08-10 21:02:53
2077,16659286,shane18,2026-08-10 14:02:50,650.1,2,shane18,2026-08-10 21:02:53
2078,16628487,Koichi HIRAOKA,2026-08-01 08:42:40,649.5,2,koichihiraoka,2026-08-10 21:02:53
2079,16661596,t@got@go,2026-08-10 06:24:24,649.0,2,kamdaanahessod,2026-08-10 21:02:53
2080,16656410,Sam,2026-08-10 18:24:54,648.9,2,beartrader,2026-08-10 21:02:53
2081,16693342,takemo,2026-08-10 11:29:38,648.8,2,takemoriyuto,2026-08-10 21:02:53
2082,16664706,olivbhxf,2026-08-06 07:10:34,648.3,2,olivbhxf,2026-08-10 21:02:53
2083,16661099,TheSven,2026-08-06 17:05:25,648.2,2,thesven,2026-08-10 21:02:53
2084,16644508,Vandana Pathania,2026-08-10 14:16:15,647.8,2,vandanapathania,2026-08-10 21:02:53
2085,16664266,Ian Chung,2026-08-07 23:32:55,647.8,2,iannnnn012345,2026-08-10 21:02:53
2086,16648589,Yilan Zhu,2026-08-05 11:23:23,647.8,2,yilanzhu,2026-08-10 21:02:53
2087,16687135,Kavya Bhandari,2026-08-09 17:57:50,647.6,2,kavyabhandari1998,2026-08-10 21:02:53
2088,16690736,omarkami007,2026-08-08 20:32:40,647.1,2,omarkami007,2026-08-10 21:02:53
2089,16664293,Adam Lloyd,2026-08-08 22:55:41,646.7,2,alloyd256,2026-08-10 21:02:53
2090,16690020,shantaitichu,2026-08-10 09:54:39,646.4,2,shantaitichu,2026-08-10 21:02:53
2091,16674308,Ayush Roy,2026-08-06 20:28:57,646.0,2,ayushroy39,2026-08-10 21:02:53
2092,16622809,German Vdovin,2026-08-03 00:38:01,645.7,2,ertrerhtytmnbdsefdw,2026-08-10 21:02:53
2093,16670708,Mohammad Usman Sajid,2026-08-07 21:46:51,645.1,2,mohammadusmansajid,2026-08-10 21:02:53
2094,16661507,Siddharth1984,2026-08-06 13:39:22,644.7,2,siddharth1984,2026-08-10 21:02:53
2095,16660678,Chaitanya Sonaje,2026-08-10 15:13:01,644.6,2,chaitanya205,2026-08-10 21:02:53
2096,16659183,Leonard Yaw Mensah,2026-08-05 02:22:25,643.1,2,leonardyawmensah,2026-08-10 21:02:53
2097,16658925,CYBWithFlourish,2026-08-06 15:56:28,643.0,2,cybwithflourish,2026-08-10 21:02:53
2098,16662060,Richard Valino,2026-08-06 16:03:36,643.0,2,richardvalino,2026-08-10 21:02:53
2099,16662741,Abhiraj Govind,2026-08-04 18:01:16,642.8,1,abhirajgovind,2026-08-10 21:02:53
2100,16666578,STRAF,2026-08-10 19:12:46,642.7,2,nikosstraf,2026-08-10 21:02:53
2101,16694171,guanran wang,2026-08-10 09:47:15,642.3,2,guanranwang,2026-08-10 21:02:53
2102,16702281,Dhruv Patel #2,2026-08-10 20:35:30,642.0,2,dhruvpatel1972,2026-08-10 21:02:53
2103,16696526,Reda HEDDAD,2026-08-10 20:42:47,641.8,2,redaheddad,2026-08-10 21:02:53
2104,16664140,Sxwat,2026-08-07 08:57:23,641.4,2,aybatov,2026-08-10 21:02:53
2105,16630249,Aymar Avohoueme,2026-08-01 20:38:57,641.3,2,aymaravohoueme,2026-08-10 21:02:53
2106,16668298,Riki Garcia,2026-08-06 03:28:32,641.0,2,rikigarcia,2026-08-10 21:02:53
2107,16672105,Natural Stupidity,2026-08-10 19:39:53,640.8,2,"parthb21,sujaygolla",2026-08-10 21:02:53
2108,16668612,raffael prem,2026-08-06 08:02:13,640.5,2,raffaelprem,2026-08-10 21:02:53
2109,16644577,Arthur Merritt,2026-08-04 07:11:11,640.4,2,jarthuph,2026-08-10 21:02:53
2110,16672657,Lochan Naik,2026-08-07 08:41:44,640.4,2,lochannaik,2026-08-10 21:02:53
2111,16675477,Joanne Yun,2026-08-07 13:40:53,640.1,2,joannejyun,2026-08-10 21:02:53
2112,16668154,JuanEspana,2026-08-09 11:38:32,639.1,2,juanespana,2026-08-10 21:02:53
2113,16656792,Gnanaprakash R,2026-08-10 18:05:13,639.0,2,gnanaprakashr,2026-08-10 21:02:53
2114,16682707,AJAY KUMAR,2026-08-07 19:13:08,638.8,2,worldsslayer,2026-08-10 21:02:53
2115,16647607,pumpkin,2026-08-07 13:57:58,638.8,2,gealachpumpkin,2026-08-10 21:02:53
2116,16693738,Sonu Jha,2026-08-09 05:47:45,638.8,2,sonujha090,2026-08-10 21:02:53
2117,16650930,Govind Sharma,2026-08-05 11:24:50,638.5,2,govindsarswat,2026-08-10 21:02:53
2118,16674076,rigsutra,2026-08-10 13:26:49,638.4,2,rigsutra,2026-08-10 21:02:53
2119,16649077,Yifan Yang 135,2026-08-09 03:16:47,638.3,2,yifanyang135,2026-08-10 21:02:53
2120,16698308,Yuan800,2026-08-10 03:08:00,638.1,2,yuan800,2026-08-10 21:02:53
2121,16667025,Anjitha Mekkayil Anand ,2026-08-08 08:59:48,638.0,2,anjithamekkayilanand,2026-08-10 21:02:53
2122,16661397,T. Scharf,2026-08-05 02:54:36,637.5,2,scharf,2026-08-10 21:02:53
2123,16694064,RRK0123,2026-08-10 17:00:52,637.4,2,rrk0123,2026-08-10 21:02:53
2124,16694710,ponsuk,2026-08-10 17:15:24,637.2,2,ponsuk,2026-08-10 21:02:53
2125,16658655,HbjaHbja,2026-08-10 10:50:22,637.2,2,hbjahbja,2026-08-10 21:02:53
2126,16664415,Imerson Krysthio,2026-08-10 09:32:40,636.7,2,imersonk,2026-08-10 21:02:53
2127,16664359,Apil Khadka,2026-08-06 12:55:47,636.4,2,apilkhadka,2026-08-10 21:02:53
2128,16699455,vijaikm,2026-08-10 15:44:50,636.1,2,vijaikm,2026-08-10 21:02:53
2129,16665257,Ken Li,2026-08-09 12:59:32,636.1,2,kenliwt,2026-08-10 21:02:53
2130,16657601,Simon,2026-08-05 15:59:44,635.6,2,benten10,2026-08-10 21:02:53
2131,16665281,[Deleted] 899172b8-e148-4564-ba8c-c46356105ab8,2026-08-05 09:55:11,635.4,2,del=cd7e9a4014b872ef,2026-08-10 21:02:53
2132,16665364,Shien Zhang,2026-08-06 06:50:46,635.3,1,shienzhang,2026-08-10 21:02:53
2133,16689372,Kiran Yerpude,2026-08-10 03:06:31,634.6,2,kiranyerpude,2026-08-10 21:02:53
2134,16674174,Ramesh Arvind,2026-08-09 09:48:49,634.2,2,rameshln,2026-08-10 21:02:53
2135,16684012,ceh,2026-08-08 12:29:16,634.0,2,emilhessman,2026-08-10 21:02:53
2136,16682984,Rishikesh Bharat Koli,2026-08-08 04:18:06,633.8,2,rishikeshbharatkoli,2026-08-10 21:02:53
2137,16692644,Achille Gohin,2026-08-10 00:26:26,633.5,2,achillegohin,2026-08-10 21:02:53
2138,16658115,SantaClaws,2026-08-10 14:50:31,633.5,2,vovikdrg,2026-08-10 21:02:53
2139,16673359,hasshi7965,2026-08-07 01:48:10,633.1,2,hasshi7965,2026-08-10 21:02:53
2140,16639810,gytdrop,2026-08-10 18:55:26,633.0,2,"kartikeyrajbhar,shaikaktharali",2026-08-10 21:02:53
2141,16660089,ChristosGrigoras,2026-08-07 22:41:49,632.8,2,cgrigoras,2026-08-10 21:02:53
2142,16627463,dnish,2026-08-05 07:37:16,632.3,2,dnishio,2026-08-10 21:02:53
2143,16631981,Karen Letir,2026-08-10 09:21:51,632.0,2,karenletir,2026-08-10 21:02:53
2144,16624253,Ho Dinh Trieu,2026-08-10 14:56:40,632.0,2,hodinhtrieu,2026-08-10 21:02:53
2145,16685570,Micah Fernando,2026-08-07 19:46:31,631.9,2,micahfernando,2026-08-10 21:02:53
2146,16661449,Samarjeet Singh,2026-08-09 02:24:06,631.8,2,samarjeet010,2026-08-10 21:02:53
2147,16693988,Pranav Gupta,2026-08-10 17:19:13,631.8,2,kumbhakarann,2026-08-10 21:02:53
2148,16660462,Vishwanath N Iyer,2026-08-07 07:22:17,631.8,2,vishwanathniyer,2026-08-10 21:02:53
2149,16662120,Harpal Gujral,2026-08-10 14:23:39,631.3,2,harpalgujral,2026-08-10 21:02:53
2150,16666637,Uttam Limbani,2026-08-07 13:41:14,631.2,2,uttamlimbani,2026-08-10 21:02:53
2151,16632368,Yuelin Bai,2026-08-03 08:15:12,631.2,2,paralym,2026-08-10 21:02:53
2152,16630548,YJ Wee 2807,2026-08-09 13:35:27,630.9,2,yjwee2807,2026-08-10 21:02:53
2153,16663618,Anthaus,2026-08-09 17:06:35,630.8,2,anthaus,2026-08-10 21:02:53
2154,16640399,Hubbahub,2026-08-04 20:40:39,630.8,2,hubbahub,2026-08-10 21:02:53
2155,16689183,Hawksartelier,2026-08-10 02:12:49,630.7,2,satyapb2002,2026-08-10 21:02:53
2156,16683309,Zealous Sebastian,2026-08-09 12:45:32,630.7,2,zealoussebastian,2026-08-10 21:02:53
2157,16666614,Arjun Annamalai,2026-08-10 16:45:24,629.9,2,arjunannamalai,2026-08-10 21:02:53
2158,16692450,duckypants,2026-08-10 20:38:05,629.7,2,duckypants,2026-08-10 21:02:53
2159,16657681,Prince Raj,2026-08-10 20:57:21,629.6,2,princerajmdb,2026-08-10 21:02:53
2160,16632157,福原 大知,2026-08-03 06:46:04,629.0,2,fxxyfox,2026-08-10 21:02:53
2161,16693045,Huseyin Battal,2026-08-09 05:41:25,628.7,2,huseyinbattal,2026-08-10 21:02:53
2162,16690940,NKryst,2026-08-10 20:12:24,628.6,2,nkryst,2026-08-10 21:02:53
2163,16661927,JHCodeQuest,2026-08-06 23:31:22,627.4,2,josephkhassan,2026-08-10 21:02:53
2164,16687294,Madiyar Khamzanov,2026-08-09 20:07:35,627.3,2,mkhamzanov,2026-08-10 21:02:53
2165,16665511,phoenix_merk,2026-08-05 09:46:25,627.3,2,phoenixmerk,2026-08-10 21:02:53
2166,16638823,YDDDDDD999,2026-08-02 14:01:40,627.0,2,ydddddd999,2026-08-10 21:02:53
2167,16675063,Tian_Wang1210,2026-08-10 05:51:27,626.8,2,tianwang1210,2026-08-10 21:02:53
2168,16689398,Rishi Leung,2026-08-10 06:26:45,626.3,2,rishileung,2026-08-10 21:02:53
2169,16659681,Aditya Seth,2026-08-10 11:48:57,625.4,2,adityaseth777,2026-08-10 21:02:53
2170,16673870,Yuxiao Wang,2026-08-10 12:13:27,625.1,1,yuxiaowangx,2026-08-10 21:02:53
2171,16668324,Alden Jenish S,2026-08-06 14:02:09,625.1,2,aldenjenishs,2026-08-10 21:02:53
2172,16661432,Ange Adantchede,2026-08-06 02:19:57,625.0,2,angeadantchede,2026-08-10 21:02:53
2173,16669699,nikesh23,2026-08-08 01:52:56,624.7,2,nikesh23,2026-08-10 21:02:53
2174,16693207,Vamshi Guntupalli,2026-08-09 22:53:22,624.7,2,vamshiguntupalli,2026-08-10 21:02:53
2175,16683934,Teja Madala,2026-08-10 14:46:07,624.4,2,tejamadala,2026-08-10 21:02:53
2176,16668108,Suresh Chandra Mangena,2026-08-05 15:11:40,623.7,2,sureshchandramangena,2026-08-10 21:02:53
2177,16664502,Alejandro Morales,2026-08-10 01:05:59,623.6,2,langley96,2026-08-10 21:02:53
2178,16645870,Barathan Aslan,2026-08-03 08:21:55,623.6,2,barathanaslan,2026-08-10 21:02:53
2179,16668361,NinhNguyen,2026-08-10 11:54:42,622.9,2,ninhnt110695,2026-08-10 21:02:53
2180,16655069,Jason Harrison,2026-08-05 20:56:59,622.7,2,jasonharrisonco,2026-08-10 21:02:53
2181,16623646,Minal kharat123,2026-08-06 15:42:39,621.4,2,minalkharat123,2026-08-10 21:02:53
2182,16623408,shige,2026-08-10 20:49:22,620.7,2,shimishige,2026-08-10 21:02:53
2183,16627324,Attack on Kaggle,2026-08-06 13:27:22,620.7,2,user19394494,2026-08-10 21:02:53
2184,16695567,tera358,2026-08-10 03:52:12,620.6,2,tera358,2026-08-10 21:02:53
2185,16662722,Ajeet Jain,2026-08-07 06:32:10,620.6,2,jainajeet29,2026-08-10 21:02:53
2186,16663622,sammuq1,2026-08-09 18:25:11,620.0,2,sammuq1,2026-08-10 21:02:53
2187,16692263,ADITYA CHAVAN,2026-08-09 17:44:15,619.3,2,adityasnr7,2026-08-10 21:02:53
2188,16668137,Thomas De Sousa,2026-08-06 06:34:48,619.3,2,thomasdesousa,2026-08-10 21:02:53
2189,16632105,shreyas sangalad,2026-08-02 12:01:08,619.1,2,spoortisangalad,2026-08-10 21:02:53
2190,16632100,Mohit Shirke,2026-08-07 17:55:11,618.4,2,orcivion,2026-08-10 21:02:53
2191,16666054,Ani,2026-08-10 12:10:02,618.4,2,anirudhk333,2026-08-10 21:02:53
2192,16686645,Ornaat,2026-08-10 16:48:38,618.0,2,ornaat,2026-08-10 21:02:53
2193,16700080,Kaushik,2026-08-10 11:11:18,617.9,2,kgarumugam,2026-08-10 21:02:53
2194,16669643,Athenix Kaggriculture,2026-08-08 02:23:22,617.8,2,sdafdsfsdfgdsg,2026-08-10 21:02:53
2195,16645302,LuCcc,2026-08-03 09:45:35,617.7,2,luuuuccccc,2026-08-10 21:02:53
2196,16675952,Stephan Hahn,2026-08-09 12:57:14,617.5,2,stephanhahn16,2026-08-10 21:02:53
2197,16631919,Ghinwa Allaoui,2026-08-04 16:27:17,616.9,1,ghinwaallaoui,2026-08-10 21:02:53
2198,16673214,Boiga7,2026-08-06 14:03:53,616.9,2,lewiselliot,2026-08-10 21:02:53
2199,16661460,Lucky,2026-08-09 13:17:39,616.7,2,tmiya0107,2026-08-10 21:02:53
2200,16696231,Oleg Smirnov,2026-08-09 19:22:20,615.8,2,smirnolegov,2026-08-10 21:02:53
2201,16670218,What is Coding?,2026-08-07 01:47:17,615.7,2,matthewshvarts,2026-08-10 21:02:53
2202,16658718,Duong Bao Duy,2026-08-10 05:48:05,615.6,2,duongbaoduy,2026-08-10 21:02:53
2203,16664608,sid,2026-08-07 18:18:04,615.6,2,sidshastri04,2026-08-10 21:02:53
2204,16678613,iBooNDK,2026-08-09 19:03:37,615.6,2,iboondk,2026-08-10 21:02:53
2205,16678644,Kanik Aggarwal,2026-08-10 19:55:26,615.3,2,roronoazoro200,2026-08-10 21:02:53
2206,16675807,cubreto,2026-08-10 16:29:05,615.2,2,cubreto,2026-08-10 21:02:53
2207,16668589,Gleb Naumkin,2026-08-05 22:46:26,614.9,1,glebnaumkin,2026-08-10 21:02:53
2208,16663327,Gnr8tr,2026-08-10 19:24:44,614.9,2,wilburjpereira,2026-08-10 21:02:53
2209,16656797,رحيم محمد,2026-08-04 20:05:45,614.7,2,darkmaxedwe,2026-08-10 21:02:53
2210,16686902,Aaditya Jain,2026-08-10 08:59:33,614.7,1,aadityajain2312,2026-08-10 21:02:53
2211,16699207,Bipin Rimal,2026-08-10 07:45:21,614.0,2,bipinrimal314,2026-08-10 21:02:53
2212,16665865,Agrippa Beaulieu,2026-08-08 19:09:28,614.0,2,agrippabeaulieu,2026-08-10 21:02:53
2213,16664217,Shushantw,2026-08-10 13:36:53,613.3,2,shushantw,2026-08-10 21:02:53
2214,16692896,Guy Lev,2026-08-10 16:21:46,613.1,2,sarthobi,2026-08-10 21:02:53
2215,16664439,Tony Thekkedath,2026-08-10 12:03:55,613.1,2,thekke,2026-08-10 21:02:53
2216,16662995,carlos mario de oro aguado,2026-08-06 21:08:28,612.7,2,cdeoroaguado,2026-08-10 21:02:53
2217,16657929,Robert-zwr,2026-08-05 11:15:48,612.5,1,robertzwr,2026-08-10 21:02:53
2218,16697941,Raphael Coelho,2026-08-10 03:18:35,612.3,2,raphaelrrcoelho,2026-08-10 21:02:53
2219,16638883,LeiYang,2026-08-03 15:04:07,612.0,2,leiyangcq,2026-08-10 21:02:53
2220,16661443,STEPHEN ASANTE OPOKU,2026-08-04 16:45:41,612.0,1,stephenasanteopoku,2026-08-10 21:02:53
2221,16661402,Abin Biju,2026-08-10 06:49:45,611.4,2,abinbiju1,2026-08-10 21:02:53
2222,16693522,shadycoderalltime,2026-08-09 06:09:31,611.4,2,shadycoderalltime,2026-08-10 21:02:53
2223,16691628,Gavin Walsh (N1DGE11),2026-08-08 16:07:24,611.2,2,gavinwalshn1dge11,2026-08-10 21:02:53
2224,16649313,Jiajun HAN,2026-08-10 15:11:58,611.2,2,jiajun1,2026-08-10 21:02:53
2225,16665471,Dennis Navamani,2026-08-10 07:05:22,611.0,2,dennisnavamani,2026-08-10 21:02:53
2226,16669843,hikaru kitagawa,2026-08-08 12:39:29,610.5,2,hikarukitagawa,2026-08-10 21:02:53
2227,16623824,zhangende02,2026-08-01 01:15:21,610.2,2,zhangende02,2026-08-10 21:02:53
2228,16654485,Mahbub Alam,2026-08-04 02:08:23,610.0,2,mahbubalam214,2026-08-10 21:02:53
2229,16662938,CarlitrosParra,2026-08-05 21:34:52,609.8,2,carlitrosparra,2026-08-10 21:02:53
2230,16688662,Faz Forward,2026-08-08 09:03:10,609.6,2,fazforward,2026-08-10 21:02:53
2231,16663919,hnhyhj,2026-08-10 02:23:45,609.5,2,hnhyhj,2026-08-10 21:02:53
2232,16668606,Hasith Kulathilaka,2026-08-10 08:57:08,609.3,2,hasithkulathilaka,2026-08-10 21:02:53
2233,16661950,moonmelonpizza,2026-08-09 12:25:23,609.2,2,moonmelonpizza,2026-08-10 21:02:53
2234,16654984,Guseinov Elvin,2026-08-08 21:44:00,609.0,2,guseinovelvin,2026-08-10 21:02:53
2235,16668688,Nezihe Sözen,2026-08-07 10:47:51,608.6,2,nezihesozen,2026-08-10 21:02:53
2236,16663999,Colton Martin,2026-08-07 22:25:48,608.6,2,coltonmartinnn,2026-08-10 21:02:53
2237,16670719,SimoImane,2026-08-05 23:36:09,608.3,2,simoimane,2026-08-10 21:02:53
2238,16659294,Muhammad Rafzan,2026-08-08 10:56:32,608.2,2,revianalfariz,2026-08-10 21:02:53
2239,16637649,cameronezrajones579,2026-08-09 15:07:32,608.0,2,cameronezrajones579,2026-08-10 21:02:53
2240,16635509,simmons1025,2026-08-02 15:15:19,607.8,2,simmons1025,2026-08-10 21:02:53
2241,16623198,Chris D'Mello (ineligible),2026-07-31 17:32:46,607.7,1,cdmello,2026-08-10 21:02:53
2242,16678154,Hashim Far,2026-08-08 04:20:32,606.9,2,hashimfar,2026-08-10 21:02:53
2243,16625808,Etsushi Yamamoto,2026-08-09 16:50:41,606.6,2,etsushiyamamoto,2026-08-10 21:02:53
2244,16654885,Jason Kong,2026-08-04 06:52:19,606.6,2,jasonkongie,2026-08-10 21:02:53
2245,16670634,Narayan Sharan,2026-08-07 21:13:42,606.4,2,narayansharan,2026-08-10 21:02:53
2246,16661105,Vignesh Murugan,2026-08-04 19:57:46,606.3,2,vigneshv1cky,2026-08-10 21:02:53
2247,16683435,CoorDi,2026-08-10 07:10:29,606.0,2,bxy0125,2026-08-10 21:02:53
2248,16658627,Osman Can ÇETLENBİK,2026-08-05 15:25:30,604.5,2,osmancancet,2026-08-10 21:02:53
2249,16659261,PromptEngineer48,2026-08-04 16:44:46,604.5,2,promptengineer48,2026-08-10 21:02:53
2250,16676320,Khôi Trần,2026-08-09 15:31:42,604.4,2,khoitrn,2026-08-10 21:02:53
2251,16680799,zixma13,2026-08-10 11:25:29,603.7,2,zixma13,2026-08-10 21:02:53
2252,16668698,Addie,2026-08-08 05:21:08,603.1,1,addie999,2026-08-10 21:02:53
2253,16666873,linli duan,2026-08-06 15:31:33,602.0,2,linliduan,2026-08-10 21:02:53
2254,16660988,AI After Hours,2026-08-10 14:25:56,601.9,2,"akshaythammana,mmehersaipreetam",2026-08-10 21:02:53
2255,16625216,Emre Can,2026-08-01 17:05:51,601.2,2,seicatsu,2026-08-10 21:02:53
2256,16671622,Isaac Diaz Lopez,2026-08-10 06:24:17,600.9,2,isaacdiazlopez,2026-08-10 21:02:53
2257,16675060,Xinger Gao,2026-08-08 10:09:13,600.4,2,xingergao,2026-08-10 21:02:53
2258,16692168,Kinshuk Aggarwal,2026-08-09 04:23:32,600.4,1,kinshukaggarwal,2026-08-10 21:02:53
2259,16663594,NGU BLACK SANTA,2026-08-05 15:23:10,600.1,2,ngublacksanta,2026-08-10 21:02:53
2260,16662094,moncef elm,2026-08-10 21:00:20,600.0,2,moncefelm,2026-08-10 21:02:53
2261,16700771,ReiiiHel,2026-08-10 21:01:19,600.0,2,reiiihel,2026-08-10 21:02:53
2262,16655663,Farmland Destroyer,2026-08-07 05:40:26,599.5,2,minghaopang,2026-08-10 21:02:53
2263,16654640,Halil Akbas,2026-08-10 18:39:38,599.3,2,halilbrahimakbas,2026-08-10 21:02:53
2264,16623263,ASHML,2026-07-30 23:28:50,598.9,2,ashml,2026-08-10 21:02:53
2265,16679144,つるげーねふ,2026-08-09 19:10:45,598.9,2,atom7666,2026-08-10 21:02:53
2266,16661585,Fully Liquidated,2026-08-10 13:44:15,598.5,2,kriskilgroe,2026-08-10 21:02:53
2267,16669117,Shrikant Lambe,2026-08-10 16:22:27,598.0,2,shrikantlambe,2026-08-10 21:02:53
2268,16624506,zhongtian,2026-08-10 03:54:37,598.0,2,kmtbang,2026-08-10 21:02:53
2269,16676025,Csaba József,2026-08-10 20:10:18,597.5,2,"jcsaba,peterkiss4",2026-08-10 21:02:53
2270,16630784,🚜 Sub-Par Seedlings,2026-08-10 07:08:19,597.3,2,"dwellement0baser,michaellist,oneupkiwi,wilhelmberghammer",2026-08-10 21:02:53
2271,16660081,fakyyy,2026-08-09 11:19:15,596.8,2,manideepreddyakula,2026-08-10 21:02:53
2272,16676259,Th_Gbay,2026-08-10 15:46:26,596.5,2,thgbay,2026-08-10 21:02:53
2273,16631421,cg,2026-08-10 17:30:04,596.3,2,chaitanyagarg2,2026-08-10 21:02:53
2274,16679771,Coolgolf,2026-08-10 16:12:33,596.1,2,coolgolf,2026-08-10 21:02:53
2275,16698942,PRADHAN RS,2026-08-10 13:22:56,595.9,2,pradhanrs,2026-08-10 21:02:53
2276,16701871,Raj Nandan,2026-08-10 15:13:30,595.9,1,imrajnandan,2026-08-10 21:02:53
2277,16658476,goksel yesiller,2026-08-04 11:07:53,595.8,2,gokselyesiller,2026-08-10 21:02:53
2278,16653809,acbabc123,2026-08-04 13:53:53,595.7,2,acbabc123,2026-08-10 21:02:53
2279,16658031,BSam79,2026-08-10 07:03:49,595.6,2,bsam79,2026-08-10 21:02:53
2280,16659505,Duleeka Mevan,2026-08-06 09:32:46,595.3,2,duleekamevan,2026-08-10 21:02:53
2281,16665154,Omkar Pawar,2026-08-10 18:48:49,595.3,2,omkarrr7,2026-08-10 21:02:53
2282,16660060,AnkitGoyal,2026-08-05 15:33:29,594.7,2,goyalankit,2026-08-10 21:02:53
2283,16644410,Swaroop Kallakuri,2026-08-04 15:40:29,594.4,2,ksjpswaroop,2026-08-10 21:02:53
2284,16666071,Arda Yıldız,2026-08-08 12:04:11,594.4,2,xreina8,2026-08-10 21:02:53
2285,16633934,Alexy,2026-08-10 08:24:31,594.2,2,alexycactus,2026-08-10 21:02:53
2286,16675831,Thayaparan Kumarakuru,2026-08-10 06:32:09,593.9,2,"mrkala,thayaparankumarakuru",2026-08-10 21:02:53
2287,16636973,Ali Ali G,2026-08-03 18:36:40,593.5,2,alialig,2026-08-10 21:02:53
2288,16666784,Michał Łapiński,2026-08-06 13:30:00,593.1,2,michaapiski,2026-08-10 21:02:53
2289,16658365,Hoo Woo,2026-08-10 18:19:53,592.9,2,hoowoo,2026-08-10 21:02:53
2290,16663040,BARBARA GASKINS,2026-08-10 00:20:59,592.9,2,barbaragaskins,2026-08-10 21:02:53
2291,16681637,nasu01,2026-08-07 10:14:10,592.7,2,nasu01,2026-08-10 21:02:53
2292,16693272,ush,2026-08-10 14:02:16,592.7,2,kusuha,2026-08-10 21:02:53
2293,16665374,UmangDobhal03,2026-08-06 03:46:29,592.6,2,umangdobhal03,2026-08-10 21:02:53
2294,16655600,VYSHAKH G NAIR,2026-08-04 21:31:24,591.5,2,vyshakhgnair,2026-08-10 21:02:53
2295,16655595,ashsah,2026-08-10 00:51:18,591.4,2,ashsah,2026-08-10 21:02:53
2296,16627313,Zafer Liu,2026-08-03 05:13:39,591.4,2,zaferliu,2026-08-10 21:02:53
2297,16657312,baolood herid,2026-08-06 13:13:48,591.2,2,baoloodherid,2026-08-10 21:02:53
2298,16668711,David Leati,2026-08-10 16:50:59,590.7,1,davidleati,2026-08-10 21:02:53
2299,16661233,Uriel Johnson,2026-08-05 08:45:24,590.4,2,urieljohnson,2026-08-10 21:02:53
2300,16663210,Marco Nasuelli,2026-08-08 19:19:54,590.0,2,marconasuelli,2026-08-10 21:02:53
2301,16695692,Saadii2279,2026-08-09 17:19:55,589.9,2,saadii2279,2026-08-10 21:02:53
2302,16672168,Justin Rutkowski,2026-08-10 01:07:43,589.4,2,justinrutkowski,2026-08-10 21:02:53
2303,16654347,aarav maheshwari1,2026-08-05 01:48:28,589.3,2,aaravmaheshwari1,2026-08-10 21:02:53
2304,16687925,BillDoser,2026-08-08 23:54:31,589.2,2,billdoser,2026-08-10 21:02:53
2305,16654175,abhiv142,2026-08-10 13:35:09,588.6,2,abhiv142,2026-08-10 21:02:53
2306,16659080,VENKY,2026-08-07 17:22:03,588.6,2,venkateshthatha,2026-08-10 21:02:53
2307,16632855,Shreyash_Automation,2026-08-05 06:33:43,588.2,2,shreyashautomation,2026-08-10 21:02:53
2308,16665436,Aeternum,2026-08-06 20:14:13,588.1,2,"donbinoy2004,surajkumarks",2026-08-10 21:02:53
2309,16661323,mzyktkhs,2026-08-10 13:21:59,587.8,2,mzyktkhs,2026-08-10 21:02:53
2310,16683761,Chiefmen749 Aris,2026-08-10 07:42:42,587.0,2,saysplayz,2026-08-10 21:02:53
2311,16673324,Amaranta,2026-08-10 01:14:59,586.8,2,ulyanovantonamaranta,2026-08-10 21:02:53
2312,16623006,Aaradhy Singhvi,2026-08-09 17:36:29,585.6,2,aaradhysinghvi,2026-08-10 21:02:53
2313,16697891,KuziJA,2026-08-09 20:37:41,585.6,1,kuzija,2026-08-10 21:02:53
2314,16639731,williamrawling,2026-08-07 17:09:21,585.6,2,williamrawling,2026-08-10 21:02:53
2315,16690793,MOHAMMAD ALRASHED,2026-08-08 18:33:34,585.5,2,mohammadalrashed,2026-08-10 21:02:53
2316,16654312,Xmeeeee,2026-08-05 00:11:29,585.4,2,xmeeeee,2026-08-10 21:02:53
2317,16692138,Bishwa Thakur,2026-08-09 03:29:29,584.9,2,bishwathakur,2026-08-10 21:02:53
2318,16655080,Mohamed Judi,2026-08-09 22:05:39,584.9,2,mhjudi,2026-08-10 21:02:53
2319,16690152,The Ceris,2026-08-10 13:33:23,584.6,2,amedeopachera,2026-08-10 21:02:53
2320,16661154,gronky goobers,2026-08-10 16:19:13,584.4,2,"viktoriusontop,yoshisurjuise",2026-08-10 21:02:53
2321,16672473,goldfish,2026-08-10 09:56:32,584.3,2,dolgfish,2026-08-10 21:02:53
2322,16662790,Derek Earnhart,2026-08-04 18:04:01,584.3,1,derekearnhart,2026-08-10 21:02:53
2323,16679098,KIRTAN RUPESHBHAI BHOJANI,2026-08-06 23:51:52,584.0,2,kitran17,2026-08-10 21:02:53
2324,16686093,Muhammad Usman Butt,2026-08-07 22:00:04,583.9,2,debugdemon,2026-08-10 21:02:53
2325,16685800,Sumit Ridhal,2026-08-10 03:04:29,583.9,2,sumitridhal,2026-08-10 21:02:53
2326,16640516,Alfandi Hassan,2026-08-08 03:41:33,583.6,2,alfandihassan,2026-08-10 21:02:53
2327,16657664,Nguyễn Anh Kiệt 28,2026-08-06 04:17:40,583.6,2,nguynanhkit28,2026-08-10 21:02:53
2328,16664096,Charles Coonce,2026-08-08 18:58:55,583.6,2,charlescoonce,2026-08-10 21:02:53
2329,16662647,Ruben Maya,2026-08-09 11:59:51,583.4,2,rubenmaya,2026-08-10 21:02:53
2330,16631547,Chong Xuan Ng,2026-08-08 15:38:52,582.2,2,chongxuanng,2026-08-10 21:02:53
2331,16673370,JeovaAnderson,2026-08-10 11:59:25,581.9,2,jeovaanderson,2026-08-10 21:02:53
2332,16640814,Kritika Adhikari,2026-08-07 09:25:26,581.0,2,kritikaadhikari,2026-08-10 21:02:53
2333,16672493,ChloeeeeY,2026-08-10 09:44:56,580.9,2,chloeeeey,2026-08-10 21:02:53
2334,16695102,whitelok,2026-08-10 14:16:53,580.8,2,whitelok,2026-08-10 21:02:53
2335,16698136,David Estevez,2026-08-10 16:09:33,580.7,2,destbreso,2026-08-10 21:02:53
2336,16644480,Umut Keltek,2026-08-10 00:10:47,580.5,2,umutkeltek,2026-08-10 21:02:53
2337,16635746,jeon hyeon woo,2026-08-02 05:44:05,580.4,2,jeonhyeonwoo,2026-08-10 21:02:53
2338,16655555,Bharath2411,2026-08-10 18:27:54,580.3,2,bharath2411,2026-08-10 21:02:53
2339,16646286,C Aravindhan,2026-08-04 05:03:22,580.2,2,caravindhan,2026-08-10 21:02:53
2340,16696703,Aleksei Churashev,2026-08-09 21:51:09,580.1,1,alekseic,2026-08-10 21:02:53
2341,16661646,Sergey Shcherbakov,2026-08-05 22:26:16,579.9,2,sergey140146659,2026-08-10 21:02:53
2342,16683316,moonriver0922,2026-08-09 14:34:17,579.7,2,moonriver0922,2026-08-10 21:02:53
2343,16661628,PradipBanerjee,2026-08-05 21:03:11,579.6,2,pradipbanerjee,2026-08-10 21:02:53
2344,16687159,Max64738CB,2026-08-10 15:53:21,579.4,2,max64738cb,2026-08-10 21:02:53
2345,16682632,Sebastiaan,2026-08-10 09:03:42,579.4,1,sebastiaanreinders,2026-08-10 21:02:53
2346,16671602,Nithin Nambi,2026-08-07 00:09:31,579.2,2,nitthewit,2026-08-10 21:02:53
2347,16623712,Dapp,2026-08-03 23:09:19,579.0,2,lgloria,2026-08-10 21:02:53
2348,16627009,c0sm1c,2026-08-01 11:06:14,579.0,1,tanghao111,2026-08-10 21:02:53
2349,16623370,kenmatsu4,2026-08-08 18:09:18,578.4,2,kenmatsu4,2026-08-10 21:02:53
2350,16687648,RSJ CorneR,2026-08-08 10:57:54,578.1,2,rsjcorner,2026-08-10 21:02:53
2351,16658775,Vincent Pan,2026-08-10 07:14:51,578.0,2,"judithhong,vincentpan2005",2026-08-10 21:02:53
2352,16664683,Halapeño Farms,2026-08-09 19:04:59,577.9,2,haladaj,2026-08-10 21:02:53
2353,16657528,Symekah Shadrack Basweti,2026-08-05 10:17:09,577.9,2,symekah99,2026-08-10 21:02:53
2354,16700204,ZHOUHY,2026-08-10 17:51:50,577.8,1,zhouhyz,2026-08-10 21:02:53
2355,16621367,Numari,2026-07-31 16:30:01,577.7,2,numaritaisei,2026-08-10 21:02:53
2356,16657276,Пётр П,2026-08-07 14:08:52,577.7,2,petrinvest,2026-08-10 21:02:53
2357,16661622,Ergin Akın,2026-08-10 20:55:34,577.6,2,erginakin,2026-08-10 21:02:53
2358,16668430,john inan,2026-08-07 00:34:32,577.4,2,johninan,2026-08-10 21:02:53
2359,16667078,dprinzensteiner,2026-08-05 14:06:26,577.0,2,dprinzensteiner,2026-08-10 21:02:53
2360,16652741,Sergi Bas,2026-08-10 19:14:09,576.6,2,sergibas,2026-08-10 21:02:53
2361,16665949,Rbda,2026-08-06 14:18:03,575.9,2,brazvan,2026-08-10 21:02:53
2362,16699838,Harry Taylor,2026-08-10 08:21:30,575.7,1,harryphysics,2026-08-10 21:02:53
2363,16668185,Swayam Chavan,2026-08-09 01:12:23,575.1,2,swamboy,2026-08-10 21:02:53
2364,16666716,Fanis Alexakis,2026-08-10 12:50:47,574.9,2,fanisalexakis,2026-08-10 21:02:53
2365,16621437,AdamBelniak,2026-08-03 18:15:21,574.9,2,adamos581,2026-08-10 21:02:53
2366,16641536,Michael Timbs,2026-08-09 15:43:33,574.6,2,michaeltimbs,2026-08-10 21:02:53
2367,16701759,xycai,2026-08-10 18:28:50,574.4,2,xycaipku,2026-08-10 21:02:53
2368,16660485,Colin Gaffney,2026-08-09 12:54:31,573.8,2,colingaffney1,2026-08-10 21:02:53
2369,16687602,jithin manoj,2026-08-09 05:58:01,573.6,1,jithingmanoj,2026-08-10 21:02:53
2370,16629002,Alpro,2026-08-10 15:59:35,572.0,2,"dogaakal,egekemalkaraca",2026-08-10 21:02:53
2371,16691524,Martim Nascimento,2026-08-09 18:54:31,571.8,2,martimnascimento,2026-08-10 21:02:53
2372,16675777,Munshi Sahil Ahmed,2026-08-10 18:35:54,571.7,2,mlboy1,2026-08-10 21:02:53
2373,16661073,PyJa,2026-08-04 15:16:55,571.6,1,pixiux,2026-08-10 21:02:53
2374,16638967,Jenny Luo,2026-08-01 23:55:07,571.3,2,"jennyluo96,kyeoh92",2026-08-10 21:02:53
2375,16657383,Shih Hua Chou,2026-08-05 06:08:49,571.2,2,shihhuachou,2026-08-10 21:02:53
2376,16664762,John Marinton,2026-08-10 17:14:34,570.0,2,marintonjohn,2026-08-10 21:02:53
2377,16658521,Vishal Dhariwal,2026-08-08 11:43:36,569.5,2,user412,2026-08-10 21:02:53
2378,16668810,ZZZZGOD,2026-08-07 19:11:09,569.5,2,zzzzgod,2026-08-10 21:02:53
2379,16659309,irisV11,2026-08-09 17:02:14,568.9,2,irisv11,2026-08-10 21:02:53
2380,16661786,Nagaraju,2026-08-10 01:53:04,568.9,2,orugantn,2026-08-10 21:02:53
2381,16670986,Anas Erami,2026-08-08 01:38:43,568.6,2,anaserami,2026-08-10 21:02:53
2382,16651157,StupidXie,2026-08-05 11:18:24,567.9,2,stupidxie,2026-08-10 21:02:53
2383,16678773,Steve Probst,2026-08-10 20:26:28,566.9,2,steveprobst,2026-08-10 21:02:53
2384,16690221,HISOKY DEV,2026-08-10 09:42:03,566.8,2,omarfahid,2026-08-10 21:02:53
2385,16661360,Jasper Jiss,2026-08-09 18:22:55,566.6,2,jasperjiss,2026-08-10 21:02:53
2386,16661930,zzangsunghyeon,2026-08-08 16:22:21,566.5,2,zzangsunghyeon,2026-08-10 21:02:53
2387,16665184,woorym,2026-08-10 03:04:12,566.5,2,woorym,2026-08-10 21:02:53
2388,16664251,zzy123123,2026-08-08 09:22:51,566.4,2,zzy123123,2026-08-10 21:02:53
2389,16683390,Christopher34,2026-08-08 00:20:59,566.2,2,christopher34,2026-08-10 21:02:53
2390,16675493,Ryotaro Minato,2026-08-09 12:58:01,566.1,2,ryotarominato,2026-08-10 21:02:53
2391,16660455,Alex Kapend,2026-08-05 08:42:26,566.1,2,alexkapend,2026-08-10 21:02:53
2392,16702713,Rob Sartin,2026-08-10 20:16:48,566.0,2,robsartin,2026-08-10 21:02:53
2393,16663976,wangyang denis,2026-08-10 00:04:29,565.5,2,wangyangdenis,2026-08-10 21:02:53
2394,16653429,mktdev,2026-08-10 12:19:54,564.9,2,mktdev,2026-08-10 21:02:53
2395,16661682,Rishi Gupta,2026-08-05 07:46:38,564.8,2,rishigupta07,2026-08-10 21:02:53
2396,16677518,Khor Yin Loon,2026-08-09 15:46:09,564.6,2,khoryinloon,2026-08-10 21:02:53
2397,16687237,Khalibryler,2026-08-08 12:35:18,563.9,2,khalibryler,2026-08-10 21:02:53
2398,16652661,Petru-Mihai Craciun,2026-08-05 14:55:07,563.6,2,petrumihaicraciun,2026-08-10 21:02:53
2399,16682869,Sepideh Rahmati,2026-08-10 09:32:26,563.4,2,sepidehrahmati,2026-08-10 21:02:53
2400,16674266,HamYad,2026-08-06 18:19:46,563.4,2,hamyadlab,2026-08-10 21:02:53
2401,16659520,Play Code,2026-08-05 14:28:00,563.2,2,codenya,2026-08-10 21:02:53
2402,16651872,Evgen21,2026-08-05 14:03:50,563.2,2,evgen21,2026-08-10 21:02:53
2403,16659414,TTGP_TEAM,2026-08-06 15:33:09,562.9,2,phttrntrnggia,2026-08-10 21:02:53
2404,16677047,LINOXYR,2026-08-07 21:24:29,562.5,2,linoxyr,2026-08-10 21:02:53
2405,16677524,Phúc Phạm,2026-08-07 20:16:24,562.4,2,phucpham77,2026-08-10 21:02:53
2406,16697736,Daniel Correa,2026-08-10 01:04:52,562.3,2,dcorrea1,2026-08-10 21:02:53
2407,16671420,Chengchen Duan,2026-08-10 07:11:46,562.2,2,chengchenduan,2026-08-10 21:02:53
2408,16669170,AsadUsmanFAST,2026-08-05 22:37:33,562.1,2,asadusmanfast,2026-08-10 21:02:53
2409,16655316,Nader,2026-08-10 14:49:21,562.0,2,naderamin,2026-08-10 21:02:53
2410,16635055,CHCHENTW,2026-08-09 03:38:12,561.9,2,chchentw,2026-08-10 21:02:53
2411,16623399,Kendamarron,2026-07-31 09:12:48,561.9,2,kazuhirokuriyama,2026-08-10 21:02:53
2412,16672333,Giovanny Rodríguez,2026-08-06 06:15:43,561.0,1,giovannyrodrguez,2026-08-10 21:02:53
2413,16634246,just_calculate,2026-08-10 09:05:54,561.0,2,justcalculate,2026-08-10 21:02:53
2414,16675452,Vladislav,2026-08-10 14:32:03,560.7,2,simmeringoverstep,2026-08-10 21:02:53
2415,16668095,Menna_Allah_Samy12,2026-08-08 20:07:53,560.6,2,mennaallahsamy12,2026-08-10 21:02:53
2416,16670600,Leon Lum,2026-08-10 00:16:15,560.4,2,leonlum,2026-08-10 21:02:53
2417,16695695,Siva Kumar,2026-08-10 05:03:40,560.3,2,sivapnlr80,2026-08-10 21:02:53
2418,16633097,Matheus Bonjour Laviola da Silva,2026-08-02 11:08:21,560.2,2,matheusbonjour,2026-08-10 21:02:53
2419,16699699,rudykane,2026-08-10 16:51:20,560.1,2,rudykane,2026-08-10 21:02:53
2420,16630251,Handry Novianto,2026-08-04 09:00:48,560.1,2,handrynovianto,2026-08-10 21:02:53
2421,16660330,wangyikai,2026-08-09 07:59:45,559.8,2,wangyik,2026-08-10 21:02:53
2422,16658014,Bharath,2026-08-10 10:53:27,559.5,2,pes2ug23cs121,2026-08-10 21:02:53
2423,16656641,AndrewEly8,2026-08-05 00:56:32,559.5,2,andrewely8,2026-08-10 21:02:53
2424,16675215,Viljen Apalset Vassbø,2026-08-06 22:24:44,559.5,2,viljenapalsetvassb,2026-08-10 21:02:53
2425,16664558,Praneeth Annapureddy,2026-08-05 04:52:45,559.4,2,praneethannapureddy,2026-08-10 21:02:53
2426,16634060,Chí Thành Đỗ,2026-08-02 05:11:58,558.7,2,chithanhdeptrai,2026-08-10 21:02:53
2427,16695664,Bantam,2026-08-10 07:20:10,558.6,2,bantam,2026-08-10 21:02:53
2428,16662985,DanTheDataScienceMan,2026-08-05 17:40:06,558.3,1,danthedatascienceman,2026-08-10 21:02:53
2429,16668813,zhaowang,2026-08-06 05:19:52,557.9,2,zhaowangwang,2026-08-10 21:02:53
2430,16654394,sserges,2026-08-08 20:46:14,557.7,2,sserges,2026-08-10 21:02:53
2431,16665040,Arnav Yashlaha,2026-08-05 05:44:26,557.5,2,arnavyashlaha,2026-08-10 21:02:53
2432,16667324,Muhammed selim Bilic,2026-08-10 12:35:11,557.1,2,muhammedselimbilic,2026-08-10 21:02:53
2433,16625434,Chirapathleo Saelim,2026-08-10 07:31:58,557.1,2,chirapathleosaelim,2026-08-10 21:02:53
2434,16623271,William Morley,2026-07-31 10:09:16,556.9,2,williamkmorley,2026-08-10 21:02:53
2435,16691038,Hoon C,2026-08-10 06:20:10,556.7,2,hoonchoonc,2026-08-10 21:02:53
2436,16654401,ChronoForensics,2026-08-08 17:26:11,556.7,2,ryanwollmuth,2026-08-10 21:02:53
2437,16664352,Shreyash Asati,2026-08-06 10:40:56,556.7,1,shreyashasati,2026-08-10 21:02:53
2438,16655109,Tia He,2026-08-10 20:16:56,556.6,1,altheahe,2026-08-10 21:02:53
2439,16621572,Abdulazeez AbdulMumeen,2026-08-05 10:59:27,556.5,2,ayobeen,2026-08-10 21:02:53
2440,16662167,Tara Singh Kharwad,2026-08-05 17:13:10,556.4,2,tarasi7261,2026-08-10 21:02:53
2441,16624824,GoofyGenius,2026-08-04 09:36:00,556.3,2,goofygenius,2026-08-10 21:02:53
2442,16644053,Rafiozoo,2026-08-03 19:26:40,556.3,2,rafiozoo,2026-08-10 21:02:53
2443,16667722,Radhouen911,2026-08-06 21:37:37,556.3,2,radhouen911,2026-08-10 21:02:53
2444,16675661,June_mk,2026-08-10 01:28:37,556.0,2,jungoto,2026-08-10 21:02:53
2445,16664116,Bogdan Sburlea,2026-08-09 22:02:32,555.8,2,bogdan1405,2026-08-10 21:02:53
2446,16633577,Boxy,2026-08-10 02:52:14,555.8,2,boxyml,2026-08-10 21:02:53
2447,16685582,Wasaanyi,2026-08-10 10:53:44,555.3,2,wasaanyi,2026-08-10 21:02:53
2448,16692618,Ali Zakaee,2026-08-09 10:13:02,555.2,1,itheequalizer,2026-08-10 21:02:53
2449,16655820,Cory Tortorici,2026-08-08 15:20:42,555.2,2,corytortorici,2026-08-10 21:02:53
2450,16628268,toxic_2499,2026-08-08 09:07:32,554.8,2,toxic2499,2026-08-10 21:02:53
2451,16661539,Ilia Mironov,2026-08-09 13:51:47,554.0,1,millcool,2026-08-10 21:02:53
2452,16652952,lackmind,2026-08-07 20:19:36,552.9,2,lackmind,2026-08-10 21:02:53
2453,16702975,RicardoLópez,2026-08-10 20:17:04,552.3,1,richi2489,2026-08-10 21:02:53
2454,16625149,Rubylicious,2026-07-31 07:53:00,551.8,2,labibahalya,2026-08-10 21:02:53
2455,16700546,Nightshade Family,2026-08-10 15:21:08,551.8,2,"gihanchamod17,vishmithasamarakoon",2026-08-10 21:02:53
2456,16684163,MohamedFD,2026-08-08 17:53:58,551.5,2,mohamedfd,2026-08-10 21:02:53
2457,16666066,Khush3e,2026-08-07 22:09:43,551.4,2,khush3e,2026-08-10 21:02:53
2458,16631609,dlougen,2026-08-04 16:40:03,551.3,2,dlougen,2026-08-10 21:02:53
2459,16663922,MoongladeAI,2026-08-10 11:38:38,551.3,2,moongladeai,2026-08-10 21:02:53
2460,16663871,Iyed Djebbi,2026-08-07 09:25:07,551.3,2,iyeddjebbi,2026-08-10 21:02:53
2461,16676497,Non-veg plants,2026-08-07 09:54:00,551.1,2,mohammadshadabshaikh,2026-08-10 21:02:53
2462,16687959,Destin Nedjou,2026-08-10 08:52:43,551.1,2,destinnedjou,2026-08-10 21:02:53
2463,16630520,dimitris_x94,2026-08-09 12:17:43,550.6,2,dimitrisx94,2026-08-10 21:02:53
2464,16664566,Lormann ,2026-08-10 14:48:38,550.3,2,lormann,2026-08-10 21:02:53
2465,16659919,SILVISTON EMMANUEL,2026-08-06 06:51:55,549.9,2,silvistonemmanuel,2026-08-10 21:02:53
2466,16662495,Earth,2026-08-09 16:51:40,549.8,2,earthearth,2026-08-10 21:02:53
2467,16659658,Tim Wong,2026-08-06 02:02:30,549.1,2,wai0186,2026-08-10 21:02:53
2468,16655783,KonaKonaz,2026-08-04 09:36:57,549.0,2,konakonaz,2026-08-10 21:02:53
2469,16671940,LJazya,2026-08-07 04:38:23,548.8,2,jihanelek,2026-08-10 21:02:53
2470,16687716,Joshua Fernando,2026-08-09 06:52:01,548.5,2,joshuafernandoj,2026-08-10 21:02:53
2471,16670155,Kiznaiver,2026-08-07 20:29:30,548.3,2,kiznaiver,2026-08-10 21:02:53
2472,16661194,Sandeep Vanapalli,2026-08-04 15:37:06,548.3,2,mrleaf,2026-08-10 21:02:53
2473,16685014,Vishal Kishore,2026-08-10 08:54:53,547.8,2,kishorevishal,2026-08-10 21:02:53
2474,16632503,Wei Hsiang Lin111,2026-08-01 07:42:33,547.1,2,weihsianglin111,2026-08-10 21:02:53
2475,16692128,gibocx,2026-08-10 18:10:34,546.9,2,gibocx,2026-08-10 21:02:53
2476,16683288,HuaLQin,2026-08-10 16:59:15,546.5,2,hualqin,2026-08-10 21:02:53
2477,16638651,Emre,2026-08-05 23:40:59,546.5,2,emre690,2026-08-10 21:02:53
2478,16650485,nasu726,2026-08-07 16:59:44,546.2,2,nasu726,2026-08-10 21:02:53
2479,16659269,Bedirhan Dinçer,2026-08-10 20:26:46,545.6,2,bedirhandiner,2026-08-10 21:02:53
2480,16677166,Spectrobot,2026-08-08 11:11:46,545.1,2,spectrobot,2026-08-10 21:02:53
2481,16630662,Akshatjhawar777,2026-08-05 12:18:30,544.2,2,akshatjhawar777,2026-08-10 21:02:53
2482,16640965,jidaoluckey,2026-08-08 07:10:45,544.1,2,jidaoluckey,2026-08-10 21:02:53
2483,16630020,Piotr Gabrys,2026-08-09 16:53:59,543.4,2,piotrekga,2026-08-10 21:02:53
2484,16661014,manu,2026-08-10 16:10:12,543.4,2,manupandit,2026-08-10 21:02:53
2485,16622898,sbol ball,2026-08-10 10:16:57,542.9,2,"linearbasis,maksimkostritsya",2026-08-10 21:02:53
2486,16700737,HechtJP,2026-08-10 14:36:11,542.7,2,hechtjp,2026-08-10 21:02:53
2487,16636954,Jeff Horon,2026-08-09 05:23:46,542.6,2,jeffhoron,2026-08-10 21:02:53
2488,16658051,SethuMadhavan004,2026-08-09 09:38:27,542.5,2,sethumadhavan004,2026-08-10 21:02:53
2489,16665152,Ahmed Karim,2026-08-10 14:59:53,542.4,2,versusic,2026-08-10 21:02:53
2490,16670883,G*Sim,2026-08-10 05:50:49,542.3,2,guillaumesimiand,2026-08-10 21:02:53
2491,16657201,ShayML,2026-08-08 09:02:05,542.2,2,shayml,2026-08-10 21:02:53
2492,16660923,naganikshith,2026-08-06 08:01:09,541.7,2,naganikshith,2026-08-10 21:02:53
2493,16624414,Chaitanya Jamble,2026-07-31 05:42:10,541.6,1,chaitanyajamble,2026-08-10 21:02:53
2494,16663267,Sravya Isukapatla,2026-08-04 20:20:36,541.6,1,sravyaisukapatla,2026-08-10 21:02:53
2495,16630896,OpenBuilder,2026-08-08 12:09:06,541.4,2,weijunguo,2026-08-10 21:02:53
2496,16666132,andres555,2026-08-07 12:13:30,541.4,2,andres555,2026-08-10 21:02:53
2497,16682386,Charbel Nehme,2026-08-08 01:32:20,541.3,2,charbelnehme,2026-08-10 21:02:53
2498,16690197,Ankit Kushwaha_06,2026-08-09 16:08:20,540.8,2,ankitkushwaha06,2026-08-10 21:02:53
2499,16675863,Habib ullah,2026-08-10 09:50:37,540.7,2,habibullah123456789,2026-08-10 21:02:53
2500,16623503,D Mohith,2026-08-01 01:06:22,540.3,2,dmohith,2026-08-10 21:02:53
2501,16701454,André-Marie BEHANZIN,2026-08-10 18:19:20,540.1,1,andremariebehanzin,2026-08-10 21:02:53
2502,16695556,Prajwal Dongre,2026-08-10 15:45:21,540.1,2,prajwaldongre,2026-08-10 21:02:53
2503,16657054,ömer umut güngör,2026-08-05 06:10:22,539.9,2,merumutgngr,2026-08-10 21:02:53
2504,16663884,DevilQ,2026-08-10 16:00:24,539.4,2,"parhamesm,samuelescarfone12",2026-08-10 21:02:53
2505,16664327,Maged Hegazy,2026-08-06 13:13:28,538.9,2,magedhegazy,2026-08-10 21:02:53
2506,16634239,Radhakrishnan Guhan,2026-08-04 05:23:51,538.7,2,rmsgrk,2026-08-10 21:02:53
2507,16659588,Priya J,2026-08-07 03:12:45,538.1,2,priyaj21,2026-08-10 21:02:53
2508,16630372,Q.qlmmm,2026-08-03 21:38:41,537.6,2,qlammi,2026-08-10 21:02:53
2509,16658498,cheesama,2026-08-04 23:36:18,537.3,2,cheesama,2026-08-10 21:02:53
2510,16658520,drownedsnake,2026-08-05 01:03:22,537.3,2,makerplay,2026-08-10 21:02:53
2511,16691807,lbs-vadar,2026-08-10 19:12:45,537.1,2,lbsvadar,2026-08-10 21:02:53
2512,16630418,Sriram,2026-08-09 18:22:54,536.7,2,"ritanshuprasad,sriramlingavel01",2026-08-10 21:02:53
2513,16671665,Kobata Sota,2026-08-06 07:17:03,536.5,1,kobatasota,2026-08-10 21:02:53
2514,16659663,Chintakrinda_Naveen,2026-08-10 09:01:51,536.3,2,naveen998,2026-08-10 21:02:53
2515,16656568,FARIATHTHEEN F,2026-08-04 11:44:49,536.2,2,fariaththeenf,2026-08-10 21:02:53
2516,16668522,Moatez Litaiem,2026-08-06 16:57:54,535.7,2,moatezlitaiem04,2026-08-10 21:02:53
2517,16674950,Davide Tonini,2026-08-08 11:27:32,535.3,2,quanttony,2026-08-10 21:02:53
2518,16681924,WEcoS,2026-08-10 04:32:03,535.1,2,aungkhainghtun,2026-08-10 21:02:53
2519,16677945,Quân Trần,2026-08-08 04:19:55,534.8,2,wuntrn,2026-08-10 21:02:53
2520,16694330,Jack Way,2026-08-10 11:48:42,534.8,2,jackway05,2026-08-10 21:02:53
2521,16633507,Ivan Vorfolomeev,2026-08-01 00:49:06,534.6,2,ivanvorfolomeev,2026-08-10 21:02:53
2522,16623385,ISAKA Tsuyoshi,2026-07-31 00:31:34,534.2,2,isakatsuyoshi,2026-08-10 21:02:53
2523,16684677,Sean Southwick,2026-08-10 01:09:27,533.6,1,seansouthwick,2026-08-10 21:02:53
2524,16692373,Ornevis Montero,2026-08-10 20:09:27,533.4,2,ornevisbolaosmontero,2026-08-10 21:02:53
2525,16656156,Kshitij aucharmal,2026-08-06 04:35:27,533.3,2,narutoaucharmal,2026-08-10 21:02:53
2526,16623515,fishcat,2026-07-31 13:04:39,533.1,2,fishcat37,2026-08-10 21:02:53
2527,16661576,Yash Jumde,2026-08-10 04:06:47,533.0,2,yashjumde,2026-08-10 21:02:53
2528,16663804,Fredy Meyer,2026-08-05 20:19:51,532.4,2,alexmeyerm,2026-08-10 21:02:53
2529,16675916,Lorenzo176ITA,2026-08-08 18:03:44,532.2,2,"alessiopap,lorenzo176ita",2026-08-10 21:02:53
2530,16667872,Pralay Ghosh,2026-08-10 10:49:47,532.1,2,pralayghosh83,2026-08-10 21:02:53
2531,16696593,bplyc15,2026-08-09 16:49:24,531.8,2,bplyc15,2026-08-10 21:02:53
2532,16623582,yunsuxiaozi,2026-08-01 13:59:57,531.6,2,yunsuxiaozi,2026-08-10 21:02:53
2533,16662319,ethan.ai,2026-08-10 20:18:19,531.2,2,ethanai,2026-08-10 21:02:53
2534,16644877,lu_fish,2026-08-03 07:34:15,531.2,2,thefish114514,2026-08-10 21:02:53
2535,16641501,Sonal,2026-08-08 22:07:46,531.0,2,sonalm13,2026-08-10 21:02:53
2536,16633984,Mongkhon Hatit,2026-08-04 11:58:56,531.0,2,mongkolhatit,2026-08-10 21:02:53
2537,16675631,Aswini Gowda,2026-08-10 05:37:33,530.9,2,aswinigowda,2026-08-10 21:02:53
2538,16699707,Afana Khalit putra,2026-08-10 12:59:58,530.8,2,afanakhalitputra,2026-08-10 21:02:53
2539,16676085,Giordano Dolenz,2026-08-06 19:32:32,530.6,2,giordanodolenz,2026-08-10 21:02:53
2540,16670545,Mouad AIT HA,2026-08-10 20:31:43,529.8,2,mo0103,2026-08-10 21:02:53
2541,16696631,midori_farm,2026-08-09 17:32:56,529.5,1,nurhadibudhy,2026-08-10 21:02:53
2542,16700630,Umutarpay,2026-08-10 13:04:16,529.4,1,umutarpay,2026-08-10 21:02:53
2543,16675462,bkcoban,2026-08-07 18:22:48,528.9,2,bkcoban,2026-08-10 21:02:53
2544,16698570,MurphyIIVan,2026-08-10 03:35:41,528.6,2,murphyiivan,2026-08-10 21:02:53
2545,16693255,Carlos Hideo Yamaguchi,2026-08-10 00:59:12,528.6,2,carloshy,2026-08-10 21:02:53
2546,16675686,PRERIT MAURYA,2026-08-10 09:06:29,528.5,2,preritmaurya,2026-08-10 21:02:53
2547,16660413,Ritesh-2006,2026-08-04 18:22:57,527.7,2,ritesh2006,2026-08-10 21:02:53
2548,16678298,RITIK CHAUDHRY,2026-08-10 13:34:35,526.8,2,ritikchaudhry13,2026-08-10 21:02:53
2549,16639679,Felix Allistar,2026-08-09 17:42:32,526.2,2,felixallistar,2026-08-10 21:02:53
2550,16697466,hunain shahid,2026-08-10 17:43:47,526.1,2,hunainshahid230,2026-08-10 21:02:53
2551,16655881,Zhuoran Zhao,2026-08-07 16:50:04,526.1,2,yearcakes,2026-08-10 21:02:53
2552,16658535,khanna.rohit5,2026-08-10 05:00:31,526.1,2,khannarohit5,2026-08-10 21:02:53
2553,16629201,GUILLERMO REY PANIAGUA,2026-08-01 16:41:58,526.1,2,guillermoreypaniagua,2026-08-10 21:02:53
2554,16700627,Benedict Ebito Boyubie,2026-08-10 11:03:38,525.9,1,bboyubie,2026-08-10 21:02:53
2555,16679096,WilliamXylean,2026-08-10 15:51:47,525.7,2,williamxylean,2026-08-10 21:02:53
2556,16652446,tine.sh agent,2026-08-03 14:27:07,525.2,2,sidcodegg,2026-08-10 21:02:53
2557,16669123,Alex #2,2026-08-06 22:50:30,525.0,2,alxdfy,2026-08-10 21:02:53
2558,16621585,Rokaiya Somapti,2026-07-30 19:57:21,524.9,1,rokaiyasomapti,2026-08-10 21:02:53
2559,16668093,Sai_Dattu,2026-08-07 07:35:01,524.8,2,saidattu2003,2026-08-10 21:02:53
2560,16693821,DARSHAN A,2026-08-10 18:24:10,524.4,2,ad12345kag,2026-08-10 21:02:53
2561,16666447,Shuaib ayad Jasim Jasim,2026-08-06 20:51:47,524.2,2,shuaibayadjasimjasim,2026-08-10 21:02:53
2562,16657887,Yermak Petro,2026-08-10 17:25:54,523.0,2,yermakpetro,2026-08-10 21:02:53
2563,16666596,Daumas Benjamin,2026-08-07 21:42:06,522.9,2,daumasbenjamin,2026-08-10 21:02:53
2564,16656304,Gururaj Athani,2026-08-09 15:29:48,522.6,2,gururajathani,2026-08-10 21:02:53
2565,16681441,Lamiaa Al-bdrani,2026-08-07 04:25:50,522.5,1,lamiaaalbdrani,2026-08-10 21:02:53
2566,16656579,Riad Rayhan,2026-08-08 05:39:25,522.4,2,riadrayhan,2026-08-10 21:02:53
2567,16660317,esgranja,2026-08-04 18:58:48,522.1,1,esgranja,2026-08-10 21:02:53
2568,16638953,Joe Young,2026-08-03 19:23:13,522.0,2,jsphyg,2026-08-10 21:02:53
2569,16660343,Mert Olgun899,2026-08-05 13:05:07,521.9,2,mertolgun899,2026-08-10 21:02:53
2570,16667615,Zayd Mulani,2026-08-08 23:05:57,521.3,2,zaydmulani,2026-08-10 21:02:53
2571,16687448,Israel Burns,2026-08-07 21:56:15,521.1,1,israelburns,2026-08-10 21:02:53
2572,16622842,Will,2026-07-30 19:31:55,520.7,1,wguesdon,2026-08-10 21:02:53
2573,16699633,Nafmo,2026-08-10 14:52:13,520.6,2,nafmo2,2026-08-10 21:02:53
2574,16664406,MURDER GOOSE,2026-08-05 09:45:33,520.4,2,ujjwalar,2026-08-10 21:02:53
2575,16661249,Yaohui,2026-08-08 11:42:08,520.0,2,yaohui85,2026-08-10 21:02:53
2576,16691753,Jan Moilanen,2026-08-09 12:02:17,519.7,2,janmoilanen,2026-08-10 21:02:53
2577,16623643,LiXingtao,2026-07-31 01:46:36,519.6,2,lixingtao123,2026-08-10 21:02:53
2578,16670596,prabalsingh_23,2026-08-05 22:38:05,519.3,1,prabalsingh23,2026-08-10 21:02:53
2579,16623631,SeaEag1e,2026-07-31 06:26:17,518.7,1,seaeag1e,2026-08-10 21:02:53
2580,16671670,Karla Ziegler,2026-08-08 21:14:37,518.6,2,karlaziegler,2026-08-10 21:02:53
2581,16693058,Yuvraj singh,2026-08-10 13:38:30,518.5,2,yuvrajsingh789,2026-08-10 21:02:53
2582,16689344,Shalini Gangrade,2026-08-09 13:17:30,518.4,2,shalinig1,2026-08-10 21:02:53
2583,16698029,Meet Vachhani,2026-08-10 18:34:55,518.2,2,meetvachhani7,2026-08-10 21:02:53
2584,16653078,pk210495,2026-08-09 09:13:32,518.1,2,pk210495,2026-08-10 21:02:53
2585,16661990,Olaoluwa Abiodun,2026-08-05 14:57:07,517.8,2,laoluwaa,2026-08-10 21:02:53
2586,16656951,[Deleted] 6015b650-8e16-4705-8036-db40bdd2d353,2026-08-04 09:08:05,516.6,1,del=084ea76838ad756b,2026-08-10 21:02:53
2587,16670188,orivael,2026-08-05 21:20:17,516.3,2,orivael,2026-08-10 21:02:53
2588,16666958,TinkerBotics,2026-08-05 20:29:19,515.7,2,salosojaedwin,2026-08-10 21:02:53
2589,16661717,Yaswanth Ippili,2026-08-06 11:32:13,515.4,2,yaswanthippili,2026-08-10 21:02:53
2590,16685785,KSAI,2026-08-09 13:08:57,515.3,2,kishan2112004,2026-08-10 21:02:53
2591,16660287,BhatNasir,2026-08-04 16:29:18,515.3,2,nasir94,2026-08-10 21:02:53
2592,16684776,D Rithika,2026-08-10 18:36:30,515.2,2,drithika,2026-08-10 21:02:53
2593,16663258,sawe,2026-08-05 17:07:24,515.1,2,boiihhh,2026-08-10 21:02:53
2594,16625418,Hariprasanth Paranjothy,2026-08-01 05:52:19,515.1,2,hariprasanth8,2026-08-10 21:02:53
2595,16664514,Henry Adjanor tetteh,2026-08-06 22:41:47,515.0,2,henryadjanortetteh,2026-08-10 21:02:53
2596,16666833,DenisKoronchik,2026-08-06 19:10:23,514.7,2,deniskoronchik,2026-08-10 21:02:53
2597,16670464,halfpintcider,2026-08-10 17:43:53,514.6,2,"amoghdeshpande2021,visspric7",2026-08-10 21:02:53
2598,16692084,Kaggri Farmers,2026-08-10 15:21:09,514.5,2,"jayant99acharya,satvikkolluru",2026-08-10 21:02:53
2599,16669218,Shaik Sabiya,2026-08-10 10:31:30,514.3,2,shaiksabiya55,2026-08-10 21:02:53
2600,16664401,Pranav Premchand,2026-08-05 03:07:24,514.2,1,pranavpremchand,2026-08-10 21:02:53
2601,16658304,KETHAVATH Aadarsh,2026-08-05 21:00:45,513.9,2,kethavathaadarsh,2026-08-10 21:02:53
2602,16678819,Digant Kathiriya,2026-08-07 02:07:51,513.9,2,digantkathiriya,2026-08-10 21:02:53
2603,16664709,kai,2026-08-09 15:12:05,513.5,1,sungwo101,2026-08-10 21:02:53
2604,16665228,Jason_Qian,2026-08-05 16:00:43,512.7,2,jasonqia,2026-08-10 21:02:53
2605,16658895,kunihiro,2026-08-06 01:08:41,512.7,1,kunihiro,2026-08-10 21:02:53
2606,16691565,Blu cky,2026-08-09 19:13:27,512.4,2,llmdablucky,2026-08-10 21:02:53
2607,16684401,WQAAAA,2026-08-10 03:51:53,512.3,2,wqaaaa,2026-08-10 21:02:53
2608,16685615,Spectra,2026-08-07 16:14:32,512.3,2,thomaskressig,2026-08-10 21:02:53
2609,16697730,JCN2365,2026-08-09 23:20:52,512.3,2,jcn2365,2026-08-10 21:02:53
2610,16623678,Mahog,2026-08-01 01:02:12,512.2,2,mahoganybuttstrings,2026-08-10 21:02:53
2611,16696916,Sundar,2026-08-10 07:05:04,512.0,2,vsundar17697,2026-08-10 21:02:53
2612,16657574,harikrishnacs,2026-08-04 12:28:53,511.9,2,harikrishnacs,2026-08-10 21:02:53
2613,16667759,Nafis Fuad Shahid,2026-08-05 19:21:39,511.9,2,nafisfuadshahidd,2026-08-10 21:02:53
2614,16671773,Sawyer Lundberg,2026-08-07 03:33:23,511.7,2,sawyerlundberg,2026-08-10 21:02:53
2615,16664818,B M Dimpu Shree,2026-08-07 05:49:06,511.7,2,bmdimpushree,2026-08-10 21:02:53
2616,16671425,Gajenddra Raj,2026-08-10 09:12:28,511.5,2,gajenddra,2026-08-10 21:02:53
2617,16672370,Yash Barhanpurkar,2026-08-08 06:33:35,511.3,2,yashbarhanpurkar,2026-08-10 21:02:53
2618,16672292,KARTIKEY PANWAR,2026-08-06 05:46:16,511.1,2,kartikeypanwar,2026-08-10 21:02:53
2619,16693307,Vlad Gavrilov,2026-08-09 04:00:29,511.0,2,vladgavrilov,2026-08-10 21:02:53
2620,16689970,Константин Паращук,2026-08-08 09:15:08,510.9,1,kangchenxi,2026-08-10 21:02:53
2621,16666479,Prajwal Nivangune,2026-08-09 18:33:51,510.7,2,prajwalnivangune,2026-08-10 21:02:53
2622,16669434,Saugat Kannojia,2026-08-07 11:45:47,510.4,2,saugatkannojia,2026-08-10 21:02:53
2623,16623524,Marcus Vinicius,2026-08-10 17:20:23,510.1,1,marcux777,2026-08-10 21:02:53
2624,16662081,Ayush_Bhaskar_25323010,2026-08-08 19:49:56,509.8,2,ayushbhaskar25323010,2026-08-10 21:02:53
2625,16623135,mohduwaishchaudhary,2026-07-30 22:05:45,509.7,2,muwaish5,2026-08-10 21:02:53
2626,16644023,Yiğit Efe Albaş,2026-08-02 18:34:39,509.2,1,yiitefealba,2026-08-10 21:02:53
2627,16668241,Shreyansh Kanotra,2026-08-08 19:56:15,508.8,2,shreyanshkanotra,2026-08-10 21:02:53
2628,16657520,Joel De la Cruz Fuertes,2026-08-07 16:43:10,508.1,2,joeldcf,2026-08-10 21:02:53
2629,16661659,Ivan Zagorulko,2026-08-05 10:53:13,508.1,2,normaldaki278,2026-08-10 21:02:53
2630,16675385,Apex🦾,2026-08-10 14:26:30,507.9,2,"raghadabdullara,renadahmadalamri,zzainh",2026-08-10 21:02:53
2631,16668431,Harshpreet Singh #2,2026-08-06 01:06:28,507.9,1,harshpreetsingh45,2026-08-10 21:02:53
2632,16702509,KošičanSVK,2026-08-10 17:54:37,507.1,1,ryanstoner,2026-08-10 21:02:53
2633,16656470,Glimmeron,2026-08-10 05:47:19,506.5,2,rishabhraushan,2026-08-10 21:02:53
2634,16663055,jainish_d24ce180,2026-08-10 13:54:40,506.4,2,jainishshah35,2026-08-10 21:02:53
2635,16669102,Ritik,2026-08-07 18:11:13,506.2,2,xritikx,2026-08-10 21:02:53
2636,16657712,samuel job Adeola ,2026-08-10 10:32:39,506.1,2,samueljobadeola,2026-08-10 21:02:53
2637,16695479,Anandhasabesan,2026-08-09 13:50:37,505.9,1,anandhasabesan,2026-08-10 21:02:53
2638,16697396,Collective Win,2026-08-10 13:44:16,505.6,2,collectivewin,2026-08-10 21:02:53
2639,16661648,Vân Nguyễn,2026-08-07 12:28:42,505.4,2,vunnguyen,2026-08-10 21:02:53
2640,16665647,hr15de,2026-08-08 11:43:27,505.3,2,hr15de,2026-08-10 21:02:53
2641,16669945,Turab Zaidi,2026-08-07 13:27:44,505.2,2,turabzaidi,2026-08-10 21:02:53
2642,16683764,bf01,2026-08-10 11:22:08,505.0,2,jalperov,2026-08-10 21:02:53
2643,16658366,kuroneko,2026-08-04 10:43:29,504.9,2,kurorosuke,2026-08-10 21:02:53
2644,16697024,Jiri Prudky,2026-08-09 20:21:28,504.9,1,jiprud,2026-08-10 21:02:53
2645,16658202,SNAEHATH P,2026-08-06 13:51:15,504.7,2,snaehath,2026-08-10 21:02:53
2646,16663286,Fan Wang,2026-08-10 19:58:23,504.3,2,wangfan420,2026-08-10 21:02:53
2647,16696271,Neeta Sanjay Gajabi,2026-08-09 14:48:42,503.8,2,neeta2574,2026-08-10 21:02:53
2648,16685028,serene ng,2026-08-10 09:54:25,503.6,2,sereneng,2026-08-10 21:02:53
2649,16640810,まさやん,2026-08-09 09:38:36,503.5,2,masayam1234,2026-08-10 21:02:53
2650,16632118,nk,2026-08-10 03:27:15,503.3,2,nagatakengo,2026-08-10 21:02:53
2651,16637342,SupremeWarrior108,2026-08-10 18:46:14,502.8,2,supremewarrior108,2026-08-10 21:02:53
2652,16655630,askBillyWhatMamaDid,2026-08-08 04:35:59,502.6,2,askbillywhatmamadid,2026-08-10 21:02:53
2653,16695627,Xu Lou,2026-08-09 13:01:23,502.5,2,xuxiaozhou666,2026-08-10 21:02:53
2654,16689447,Ivan Berrutto,2026-08-10 00:58:43,501.8,2,ivanberrutto,2026-08-10 21:02:53
2655,16624879,indira,2026-07-31 06:52:02,501.8,2,inansia,2026-08-10 21:02:53
2656,16660515,pooja sandali,2026-08-08 05:51:03,501.8,2,poojasandali,2026-08-10 21:02:53
2657,16681655,Tae seong Gim,2026-08-07 04:55:34,501.6,1,taeseonggim,2026-08-10 21:02:53
2658,16701367,CryptoQuant1992,2026-08-10 14:53:46,501.6,2,cryptoquant1992,2026-08-10 21:02:53
2659,16674841,Syna Bedi,2026-08-08 11:16:11,501.4,1,synabedi,2026-08-10 21:02:53
2660,16671913,res67,2026-08-07 16:22:30,501.4,2,junyeanyap,2026-08-10 21:02:53
2661,16664454,Naga Vinay Avvaru,2026-08-05 07:04:44,501.4,2,anagavinay,2026-08-10 21:02:53
2662,16664129,Mr M 8641,2026-08-06 18:57:45,501.0,2,mrm8641,2026-08-10 21:02:53
2663,16691790,Akshay Sawant,2026-08-08 19:33:14,500.9,2,akshaysawant8983,2026-08-10 21:02:53
2664,16626105,sasaki,2026-07-31 15:58:13,500.9,2,rsasaki,2026-08-10 21:02:53
2665,16654947,Ömer Hüseynov,2026-08-08 22:06:03,500.8,2,omarhuseynov,2026-08-10 21:02:53
2666,16693227,Aniket Sharma,2026-08-10 18:54:43,500.4,2,aniketsharma00411,2026-08-10 21:02:53
2667,16696800,VEER GOMA,2026-08-10 16:14:28,500.3,2,novaxoxo,2026-08-10 21:02:53
2668,16689877,Amr_Said1233,2026-08-08 08:48:28,499.9,1,amrsaid1233,2026-08-10 21:02:53
2669,16669604,Abhijit Pise,2026-08-10 20:51:00,499.7,2,abhijitpise,2026-08-10 21:02:53
2670,16685207,Koushik Thummu,2026-08-07 18:15:47,499.4,2,koushikthummu,2026-08-10 21:02:53
2671,16691891,Gagan Thakur,2026-08-09 13:07:40,498.5,2,gaganthakur2006,2026-08-10 21:02:53
2672,16686954,Davie Mdumuka,2026-08-09 19:40:56,497.4,1,daviemdumuka,2026-08-10 21:02:53
2673,16656902,Ram Chandra Gupta,2026-08-05 10:18:41,497.3,2,ramchandra142,2026-08-10 21:02:53
2674,16670659,saumyagupta12,2026-08-09 20:47:33,496.3,2,saumyagupta12,2026-08-10 21:02:53
2675,16664004,"Me, Myself, and I",2026-08-10 04:48:13,496.2,2,notlunarxd,2026-08-10 21:02:53
2676,16633786,tuannm3812,2026-08-06 13:06:42,495.8,1,tuannm3812,2026-08-10 21:02:53
2677,16660228,Ochuwa Pearl Isa,2026-08-06 09:29:36,495.6,2,pearlisa,2026-08-10 21:02:53
2678,16691027,Jelle Maas,2026-08-08 14:58:19,495.5,2,jellemaas,2026-08-10 21:02:53
2679,16644891,yankang_XZK,2026-08-03 10:35:48,495.5,2,yankang233,2026-08-10 21:02:53
2680,16642036,enddl22,2026-08-06 18:28:03,494.8,2,enddl22,2026-08-10 21:02:53
2681,16659459,Akandé Philippe ABIODOUN,2026-08-06 11:58:09,494.8,2,vrmelo,2026-08-10 21:02:53
2682,16623071,Santiago Maniches,2026-08-02 03:45:53,494.6,2,santmani,2026-08-10 21:02:53
2683,16701713,Максим Хованский,2026-08-10 14:35:38,494.3,1,yeezynaizi,2026-08-10 21:02:53
2684,16697223,Azizii Gill,2026-08-10 18:14:49,494.1,2,aziziigill,2026-08-10 21:02:53
2685,16665449,AgroVisionAI,2026-08-08 12:49:32,494.1,2,"aishwaryvarshney,bhuppisharma,kirtisharmaphd,pragyasingh59,priyasingh0590",2026-08-10 21:02:53
2686,16621402,Maxim,2026-07-31 06:46:07,494.0,2,ektarr,2026-08-10 21:02:53
2687,16624935,Anjana mohan,2026-08-01 06:06:39,493.6,2,anjanamohan13,2026-08-10 21:02:53
2688,16667987,Kunj Kansara,2026-08-05 13:41:26,492.7,1,kunjkansara,2026-08-10 21:02:53
2689,16657587,PxlPau,2026-08-04 14:37:52,492.5,2,studybeetutoring,2026-08-10 21:02:53
2690,16664450,Fritz Adelbertus,2026-08-10 01:13:44,492.3,1,fritzadelbertus,2026-08-10 21:02:53
2691,16668268,Kunal Rout,2026-08-06 05:48:25,492.2,2,charlotte26,2026-08-10 21:02:53
2692,16652334,Aldibek [dsmlkz],2026-08-04 07:56:12,492.0,2,aldibek,2026-08-10 21:02:53
2693,16657145,Shudipto Trafder,2026-08-04 19:25:24,491.6,1,iamsdt,2026-08-10 21:02:53
2694,16668532,Nir Aberman,2026-08-10 13:51:56,490.3,2,niraberman,2026-08-10 21:02:53
2695,16670257,RonitKhanna333,2026-08-10 17:48:06,490.2,2,ronitkhanna333,2026-08-10 21:02:53
2696,16657545,Deepak Singh,2026-08-10 14:44:17,489.4,2,vihaannegi,2026-08-10 21:02:53
2697,16687330,Mehmet Ensar Çetin,2026-08-09 09:54:06,489.3,2,mehmetensaretin,2026-08-10 21:02:53
2698,16662646,Jay Parsana,2026-08-09 18:07:10,488.8,2,jay051,2026-08-10 21:02:53
2699,16676482,GitLyf,2026-08-09 13:27:13,488.8,2,"jaideva30,rohithkrishnaak",2026-08-10 21:02:53
2700,16675866,DanilChil,2026-08-08 12:09:36,488.7,2,danilchil,2026-08-10 21:02:53
2701,16659018,Ramziddin Toxirov,2026-08-06 11:58:39,488.3,2,ramziddintoxirov,2026-08-10 21:02:53
2702,16657063,those how,2026-08-04 07:50:57,488.3,2,thosehow,2026-08-10 21:02:53
2703,16670475,Adib,2026-08-06 02:02:27,488.2,2,adibemohamed,2026-08-10 21:02:53
2704,16661287,Jacob Hanlon,2026-08-10 00:04:43,488.0,2,jacobhanlon,2026-08-10 21:02:53
2705,16701024,EJL Thomas,2026-08-10 20:57:05,487.8,2,ejlthomas,2026-08-10 21:02:53
2706,16665470,KanakoS,2026-08-07 09:41:34,487.6,2,kanakos,2026-08-10 21:02:53
2707,16668523,Bumblerrr,2026-08-06 19:46:02,487.6,2,bumblerrr,2026-08-10 21:02:53
2708,16677761,Rithuraj Nambiar,2026-08-06 18:11:41,487.5,2,rithurajnambiar,2026-08-10 21:02:53
2709,16662428,Sonu kumar,2026-08-06 06:00:43,487.5,2,sonukumar9142,2026-08-10 21:02:53
2710,16697354,PDF,2026-08-09 19:18:41,487.3,2,gab0yan,2026-08-10 21:02:53
2711,16666884,Antonio Stanciu,2026-08-10 15:21:54,486.5,2,stanciuantonio,2026-08-10 21:02:53
2712,16698726,Honeey L,2026-08-10 14:01:21,486.2,1,honeeyl,2026-08-10 21:02:53
2713,16660294,Mohamed Amadu Bangura,2026-08-04 16:14:07,486.2,1,mohamedamadubangura,2026-08-10 21:02:53
2714,16674278,Niels de Gier,2026-08-07 15:57:04,486.1,2,nielsdegier,2026-08-10 21:02:53
2715,16669516,GorgeousCookie,2026-08-06 09:17:13,486.0,2,axellindqvist,2026-08-10 21:02:53
2716,16666334,UnderBlade,2026-08-05 09:56:11,485.9,2,"athillazaidan,kurtmikhael",2026-08-10 21:02:53
2717,16663815,Tetsuya Sasaki,2026-08-05 04:30:30,485.6,2,sasakitetsuya,2026-08-10 21:02:53
2718,16668141,Soichiro Mochizuki,2026-08-07 22:13:36,485.5,2,soichiromochizuki,2026-08-10 21:02:53
2719,16654267,maniginam,2026-08-10 02:00:09,485.2,2,maniginam,2026-08-10 21:02:53
2720,16663658,oriolgalceran,2026-08-09 16:19:37,485.0,2,oriolgalceran,2026-08-10 21:02:53
2721,16692710,Baran Haydar,2026-08-09 07:28:56,484.9,2,baranhaydar,2026-08-10 21:02:53
2722,16621610,NMarkS,2026-08-05 10:24:47,484.7,2,nmarks,2026-08-10 21:02:53
2723,16689286,Telman Yusifov,2026-08-09 07:08:46,484.6,2,yusifovtelman,2026-08-10 21:02:53
2724,16681188,Tresor Mufalme.,2026-08-08 09:29:05,484.0,2,tresormufalme,2026-08-10 21:02:53
2725,16664064,lookapmaka,2026-08-10 17:19:05,483.7,2,lookapmaka,2026-08-10 21:02:53
2726,16670565,Grant Biellak,2026-08-05 22:52:01,483.4,2,grantbiellak,2026-08-10 21:02:53
2727,16663368,Laurence Dale,2026-08-05 16:57:46,483.0,2,laurencedale,2026-08-10 21:02:53
2728,16656190,Akshaj Shandilya,2026-08-06 03:14:36,482.8,2,akshajshandilya,2026-08-10 21:02:53
2729,16692825,Saad Arain,2026-08-09 12:27:08,482.8,2,saad451,2026-08-10 21:02:53
2730,16666216,missss,2026-08-06 06:49:00,482.4,2,missssb,2026-08-10 21:02:53
2731,16655737,Dharshini,2026-08-08 15:00:05,482.4,2,dharshini1812,2026-08-10 21:02:53
2732,16653006,anthony mbadiwe ikeme,2026-08-09 17:24:03,481.9,2,anthonymbadiweikeme,2026-08-10 21:02:53
2733,16630779,Jimmer,2026-08-09 15:55:03,481.1,2,przemysawonr,2026-08-10 21:02:53
2734,16629476,NOOBS,2026-08-09 19:58:48,480.7,2,"patelkrishna8,sakshamranawade,shravanideshpande25",2026-08-10 21:02:53
2735,16675000,Carl Bell,2026-08-06 19:07:50,480.3,1,allegedcarlbell,2026-08-10 21:02:53
2736,16622097,Garrick C.P.,2026-08-10 18:12:06,480.1,2,garrickchinnis,2026-08-10 21:02:53
2737,16638019,Randynho,2026-08-09 22:12:30,480.1,2,randynho,2026-08-10 21:02:53
2738,16660653,yuvaraj kanchana,2026-08-07 21:55:16,479.2,2,yuvarajkanchana,2026-08-10 21:02:53
2739,16621165,xisheng feng,2026-07-31 01:31:47,479.0,2,xishengfeng,2026-08-10 21:02:53
2740,16685904,KavYaHD,2026-08-10 13:02:45,479.0,2,kavyahd,2026-08-10 21:02:53
2741,16630772,Mitsuhiro Iizuka,2026-08-04 10:31:00,478.9,2,mitsuhiroiizuka,2026-08-10 21:02:53
2742,16663981,Steven Pun,2026-08-07 01:59:52,478.6,2,stevenpunn,2026-08-10 21:02:53
2743,16657438,Udit Aggarwal1,2026-08-08 19:09:27,478.3,2,uditaggarwal1,2026-08-10 21:02:53
2744,16641665,huangjunjia,2026-08-04 14:12:26,477.7,2,huangjunjia777,2026-08-10 21:02:53
2745,16668260,Yangle Ma,2026-08-10 12:10:44,477.6,2,yanglema,2026-08-10 21:02:53
2746,16685625,silvan ion,2026-08-08 13:05:39,477.3,2,john1one,2026-08-10 21:02:53
2747,16676256,Kotaro Nakamura,2026-08-10 13:42:16,477.3,2,kotaroma,2026-08-10 21:02:53
2748,16668592,Ashutosh jatav,2026-08-09 13:34:45,477.2,2,ghost1412,2026-08-10 21:02:53
2749,16630007,Yuankun Liu,2026-07-31 15:48:13,477.1,2,lyk1652,2026-08-10 21:02:53
2750,16669935,Roman Svet,2026-08-10 14:20:38,476.9,1,romansvet,2026-08-10 21:02:53
2751,16661352,Porch Goose,2026-08-04 17:09:27,476.8,2,jaclyndeem,2026-08-10 21:02:53
2752,16654328,QQ Farm,2026-08-10 19:28:53,475.6,2,"huiiyu,titirmt",2026-08-10 21:02:53
2753,16656608,Jeffrey Dilley,2026-08-04 15:40:08,475.5,1,jeffreydilley,2026-08-10 21:02:53
2754,16638938,Light&Thunder,2026-08-09 06:39:19,475.3,2,yerne39,2026-08-10 21:02:53
2755,16675324,Attempt Seven,2026-08-10 10:13:50,474.9,2,attemptseven,2026-08-10 21:02:53
2756,16661132,Jia Chen,2026-08-06 20:07:01,474.9,2,jiachenjasper,2026-08-10 21:02:53
2757,16684031,Phillip Kamundia,2026-08-10 18:47:35,474.9,2,phillipkamundia,2026-08-10 21:02:53
2758,16666878,aaronykchen,2026-08-09 14:45:45,474.9,2,aaronyukuchen,2026-08-10 21:02:53
2759,16660568,Fascetta,2026-08-07 20:48:53,474.5,2,fascetta,2026-08-10 21:02:53
2760,16658116,Emmy,2026-08-10 08:10:18,474.2,2,emmyone,2026-08-10 21:02:53
2761,16641606,Tanisha Sahu,2026-08-02 14:39:27,473.5,2,tanisha3,2026-08-10 21:02:53
2762,16684954,Suneeth reddy,2026-08-08 16:21:21,473.0,2,suneethreddy,2026-08-10 21:02:53
2763,16666257,Shijian Wen,2026-08-06 09:40:44,473.0,2,shijianwen,2026-08-10 21:02:53
2764,16662690,Pablo Gomez Perez,2026-08-07 06:10:15,472.9,2,pablogp,2026-08-10 21:02:53
2765,16661002,Eliyas sk,2026-08-05 13:00:35,472.7,2,eliyassk,2026-08-10 21:02:53
2766,16660980,João Marcelo Curi,2026-08-05 18:31:19,472.3,2,joomarcelocuri,2026-08-10 21:02:53
2767,16634219,Michael J Hammel,2026-08-01 11:37:10,471.5,2,michaeljhammel,2026-08-10 21:02:53
2768,16665400,FieldOps,2026-08-10 16:16:03,471.2,2,sycpr1me,2026-08-10 21:02:53
2769,16696983,JKM Ventures,2026-08-09 22:14:51,471.1,1,jeffreydrew,2026-08-10 21:02:53
2770,16656932,Thivvin Raj,2026-08-06 06:32:48,470.7,2,thivvinraj,2026-08-10 21:02:53
2771,16659410,TTH,2026-08-07 08:21:16,470.4,2,tthungdz,2026-08-10 21:02:53
2772,16693092,Andrei Dzis,2026-08-10 18:28:15,470.4,2,dzisandy,2026-08-10 21:02:53
2773,16679850,AryaGarg23,2026-08-09 03:33:14,470.4,2,aryagarg23,2026-08-10 21:02:53
2774,16685649,YUYUTA,2026-08-09 05:39:50,470.3,2,yuyuta,2026-08-10 21:02:53
2775,16658489,小出和見,2026-08-06 19:25:50,470.1,2,kzmk8d,2026-08-10 21:02:53
2776,16624990,Tanjim Ahmed Kingshu,2026-08-02 07:05:52,469.9,2,tanjimahmedkingshu,2026-08-10 21:02:53
2777,16628404,theken,2026-08-09 12:19:19,469.7,2,theken,2026-08-10 21:02:53
2778,16660852,K VISHALINI,2026-08-10 04:57:55,469.6,2,kvishalini,2026-08-10 21:02:53
2779,16655891,Yukihito Ikoma,2026-08-09 15:51:09,469.5,2,yikoma,2026-08-10 21:02:53
2780,16661034,Devesh Mehta,2026-08-04 17:53:22,469.2,2,deveshmehtaaie,2026-08-10 21:02:53
2781,16690812,zhangkai_0121,2026-08-09 01:40:21,469.1,2,zhangkai0121,2026-08-10 21:02:53
2782,16644415,Ztrk,2026-08-09 19:27:36,468.9,2,ztrk123,2026-08-10 21:02:53
2783,16658512,fatariq,2026-08-04 18:49:55,468.8,1,fatariq,2026-08-10 21:02:53
2784,16643278,Giovani Moresco,2026-08-06 05:30:45,468.2,2,giovanimoresco,2026-08-10 21:02:53
2785,16662293,Alejandro Fonda,2026-08-05 15:39:56,468.0,2,alejandrofonda,2026-08-10 21:02:53
2786,16700360,Thanush Soma,2026-08-10 09:49:02,468.0,2,thanushsoma,2026-08-10 21:02:53
2787,16663674,Mason Mahar,2026-08-09 21:56:37,468.0,2,masonmahar,2026-08-10 21:02:53
2788,16676974,Deveshwar U,2026-08-06 18:49:27,467.9,2,deveshwaru,2026-08-10 21:02:53
2789,16658960,Amit Kumar,2026-08-06 05:44:30,467.7,2,anmitkumar,2026-08-10 21:02:53
2790,16642139,Arnav Goel,2026-08-06 13:02:13,466.8,1,arnavgoel17,2026-08-10 21:02:53
2791,16662615,Anurag irawit,2026-08-08 20:18:31,466.7,2,anuragirawit,2026-08-10 21:02:53
2792,16660489,Luca Lullo,2026-08-05 20:21:38,466.6,2,lucalullo,2026-08-10 21:02:53
2793,16655250,Juan Pablo Ponce,2026-08-08 03:34:18,466.5,2,juanpabloponce28,2026-08-10 21:02:53
2794,16661068,ZeViX,2026-08-05 07:38:18,466.3,2,"codinggeek101,vedantkhete",2026-08-10 21:02:53
2795,16651939,Yogesh Jadhav,2026-08-10 04:07:30,466.2,2,dynamo14324,2026-08-10 21:02:53
2796,16665336,maoyuan ma,2026-08-06 01:11:22,466.0,2,maoyuanma,2026-08-10 21:02:53
2797,16663990,OURNO PAPA SALIF,2026-08-07 23:18:43,466.0,2,belfiremine,2026-08-10 21:02:53
2798,16662967,Amalio Gomez,2026-08-04 22:07:16,465.8,1,amaliogomez,2026-08-10 21:02:53
2799,16658219,Deepesh Pankaj,2026-08-09 17:07:31,465.5,2,deepeshpankaj,2026-08-10 21:02:53
2800,16677747,Yuvraj Bhatt,2026-08-10 08:38:11,464.9,2,bhattyuvraj22,2026-08-10 21:02:53
2801,16649421,Eltormtace,2026-08-06 02:16:01,464.8,2,eltormtace,2026-08-10 21:02:53
2802,16653001,Alexey Kuleshov,2026-08-04 12:07:51,464.6,2,alexkulll,2026-08-10 21:02:53
2803,16639727,Andres Mohali,2026-08-07 13:11:18,464.4,2,mohax3,2026-08-10 21:02:53
2804,16659957,Jaydon J P,2026-08-07 14:19:14,464.4,1,jaydonjp,2026-08-10 21:02:53
2805,16695177,Ajith Bagali,2026-08-09 13:18:46,464.2,2,ajithbagali,2026-08-10 21:02:53
2806,16639624,Nishanth Rajan,2026-08-02 03:25:35,464.0,2,nishanthrajandev,2026-08-10 21:02:53
2807,16688364,Om Raval08,2026-08-10 02:41:27,463.6,2,omraval08,2026-08-10 21:02:53
2808,16641330,Takuya Yoshimi,2026-08-04 05:16:22,463.6,2,tkyysm,2026-08-10 21:02:53
2809,16658344,SOONHANKWON,2026-08-06 00:49:15,463.4,2,soonabletv,2026-08-10 21:02:53
2810,16661095,AAYUSHMAAN PATEL,2026-08-09 08:16:53,463.2,2,aayushmaanpatel,2026-08-10 21:02:53
2811,16665996,AVATAR3905,2026-08-06 18:14:01,463.2,2,avatar3905,2026-08-10 21:02:53
2812,16660397,Divyansh82Raj,2026-08-04 15:01:28,463.2,2,divyansh82raj,2026-08-10 21:02:53
2813,16695615,Celinao,2026-08-10 11:05:52,463.1,2,celinao,2026-08-10 21:02:53
2814,16667177,Raunak Phull,2026-08-10 11:14:44,462.6,2,raunakphull4,2026-08-10 21:02:53
2815,16655689,花朝,2026-08-05 04:10:02,462.4,2,xhxyyds,2026-08-10 21:02:53
2816,16628409,yann sadowski,2026-07-31 09:39:25,462.1,1,yannsadowski,2026-08-10 21:02:53
2817,16682342,Jebez Oswald,2026-08-10 05:38:15,462.1,2,jebezoswald,2026-08-10 21:02:53
2818,16690166,Niteshwar Mishra,2026-08-08 10:02:22,462.0,2,niteshwarmishra,2026-08-10 21:02:53
2819,16640067,minghao mei,2026-08-02 09:57:29,461.7,1,minghaomei,2026-08-10 21:02:53
2820,16677470,Saish Walavalkar02,2026-08-09 12:44:51,461.6,2,"harichaudhari1,kaiserjayin,meetramjiyani,nirbhaygajabi30,saishwalavalkar02",2026-08-10 21:02:53
2821,16666944,Meghnath S,2026-08-10 11:31:46,461.3,2,meghnaths,2026-08-10 21:02:53
2822,16658882,toukali samir,2026-08-07 13:43:05,461.3,2,toukalisamir,2026-08-10 21:02:53
2823,16662197,Zehra Basaral,2026-08-07 10:42:57,461.3,2,zehrabaaral,2026-08-10 21:02:53
2824,16658011,Arooba Hanif,2026-08-05 07:24:53,461.1,2,aroobahanif,2026-08-10 21:02:53
2825,16664841,vohi01,2026-08-10 04:30:01,461.1,2,vohi01,2026-08-10 21:02:53
2826,16666410,Binil George,2026-08-08 03:18:33,461.0,2,binilg,2026-08-10 21:02:53
2827,16702674,Varun S G,2026-08-10 20:09:51,460.8,2,warun7,2026-08-10 21:02:53
2828,16695828,rihiRule,2026-08-10 17:41:35,460.3,2,rihirule,2026-08-10 21:02:53
2829,16684225,Aum Savaliya,2026-08-10 20:10:02,460.3,2,aumsavaliya,2026-08-10 21:02:53
2830,16685164,cleanledger,2026-08-07 13:38:23,460.1,2,cleanledger,2026-08-10 21:02:53
2831,16665919,Labmem Tang,2026-08-06 08:43:23,459.6,2,labmemtang,2026-08-10 21:02:53
2832,16638343,Phong Khoi,2026-08-04 12:20:52,459.5,2,phongkhoi,2026-08-10 21:02:53
2833,16637762,Greek olive oil,2026-08-09 19:56:48,459.3,2,alexanderchar,2026-08-10 21:02:53
2834,16683087,qiuchenglong,2026-08-07 09:25:48,459.0,2,qiuchenglong,2026-08-10 21:02:53
2835,16657883,jps,2026-08-06 08:36:04,459.0,2,jahaziel,2026-08-10 21:02:53
2836,16674725,rajan jha,2026-08-08 11:19:34,458.9,2,rajan1673,2026-08-10 21:02:53
2837,16673167,Karam96,2026-08-08 11:40:36,458.9,2,karam96,2026-08-10 21:02:53
2838,16679392,Dickie,2026-08-09 09:05:10,458.3,2,dickieho,2026-08-10 21:02:53
2839,16661891,BALLEN1337,2026-08-04 19:22:30,458.1,2,ballen1337,2026-08-10 21:02:53
2840,16663576,Yurnero,2026-08-04 21:24:04,458.0,1,samson8,2026-08-10 21:02:53
2841,16701768,darasty,2026-08-10 16:19:11,457.8,2,darasty,2026-08-10 21:02:53
2842,16677804,Pravin Takpire,2026-08-08 13:20:39,457.7,2,pravintakpire,2026-08-10 21:02:53
2843,16659688,Daniel,2026-08-05 12:21:37,457.6,2,danielyazgi,2026-08-10 21:02:53
2844,16689349,Adunola Abdulrahman,2026-08-10 17:38:47,457.4,2,adunolaabdulrahman,2026-08-10 21:02:53
2845,16658817,Andrew Glez,2026-08-04 12:10:17,457.1,1,andgos,2026-08-10 21:02:53
2846,16671714,Donnell Layne,2026-08-07 15:40:35,456.8,2,jupiter1127,2026-08-10 21:02:53
2847,16655257,Afia Animah Fosu,2026-08-04 18:21:50,456.7,2,afiaanimahfosu,2026-08-10 21:02:53
2848,16661453,Disleve Kanku,2026-08-10 00:52:33,456.7,2,dislevekanku,2026-08-10 21:02:53
2849,16669725,chosunghwan,2026-08-06 03:52:24,456.6,1,chosunghwan,2026-08-10 21:02:53
2850,16662964,Tim Ogilvie,2026-08-08 18:12:20,456.4,2,timogilvie,2026-08-10 21:02:53
2851,16684436,Simon-the-sorcerer,2026-08-10 15:28:39,456.1,2,simonwiller,2026-08-10 21:02:53
2852,16693147,Oliver Curtis1,2026-08-09 14:51:57,455.9,2,olivercurtis1,2026-08-10 21:02:53
2853,16664860,ANUJPUROHIT18,2026-08-10 17:13:25,455.9,2,anujpurohit05,2026-08-10 21:02:53
2854,16675218,데미안과마루,2026-08-08 02:38:06,455.7,2,siver3,2026-08-10 21:02:53
2855,16654330,Perumalla Pujitha,2026-08-06 07:59:08,455.3,2,perumallapoojitha,2026-08-10 21:02:53
2856,16660531,greySnow,2026-08-08 00:36:32,455.1,2,shlomoron,2026-08-10 21:02:53
2857,16675043,malibu_orange,2026-08-09 06:03:15,454.7,2,malibuorange,2026-08-10 21:02:53
2858,16699045,Abu Kayyisah Basyid,2026-08-10 16:28:14,454.0,2,abukayyisahbasyid,2026-08-10 21:02:53
2859,16693431,Jonewang,2026-08-09 08:22:05,453.4,2,jone520,2026-08-10 21:02:53
2860,16676205,Alhassan Fedawy,2026-08-07 22:07:56,453.1,2,alhassanfedawy,2026-08-10 21:02:53
2861,16667734,SuroRitch,2026-08-10 14:42:09,452.2,2,suroritch,2026-08-10 21:02:53
2862,16661390,Raúl García Gómez,2026-08-04 17:04:39,451.7,2,corso138,2026-08-10 21:02:53
2863,16625615,Mobeen Fatima,2026-08-01 14:20:07,451.3,2,mobeenfatimah,2026-08-10 21:02:53
2864,16665980,cshara,2026-08-06 08:41:16,450.9,2,cshara,2026-08-10 21:02:53
2865,16656472,angusdddsa,2026-08-04 06:04:22,450.7,2,angusdddsa,2026-08-10 21:02:53
2866,16636643,Babul Kumar,2026-08-02 07:46:50,450.4,2,babulkumar07,2026-08-10 21:02:53
2867,16673034,Milos Vlainic,2026-08-10 20:25:21,450.3,2,wlakinsson,2026-08-10 21:02:53
2868,16656946,Sambit Padhan,2026-08-05 10:10:10,450.1,2,sambitpadhan,2026-08-10 21:02:53
2869,16654788,bumbum,2026-08-09 14:22:47,450.0,2,krzysztoff1,2026-08-10 21:02:53
2870,16660341,Nefise Aybar,2026-08-04 12:37:29,449.2,2,nefiseaybar,2026-08-10 21:02:53
2871,16635130,Pongsaky,2026-08-01 12:56:02,449.1,2,gantanch,2026-08-10 21:02:53
2872,16668012,Aleksander Iżemski,2026-08-05 20:52:54,448.8,2,aizemski,2026-08-10 21:02:53
2873,16663284,Aman Prakash,2026-08-06 09:38:07,448.6,2,amanprakash777,2026-08-10 21:02:53
2874,16643193,Shoroogh Ahmadi,2026-08-06 11:27:24,448.5,2,shorooghahmadi,2026-08-10 21:02:53
2875,16662267,Fahim Montasir,2026-08-10 16:15:10,448.5,2,fahimmontasir,2026-08-10 21:02:53
2876,16671666,showtree,2026-08-07 01:59:30,448.3,1,showtree,2026-08-10 21:02:53
2877,16678061,Sushanth Tiruvaipati,2026-08-10 01:19:40,448.0,2,sushanthtiruvaipati,2026-08-10 21:02:53
2878,16652230,BorisSpider,2026-08-07 13:58:18,447.9,2,borisspider,2026-08-10 21:02:53
2879,16667101,SundharSteyn,2026-08-08 06:59:52,447.7,2,sundharsteyn,2026-08-10 21:02:53
2880,16670812,Brian Toman,2026-08-09 15:56:22,447.7,2,briantoman,2026-08-10 21:02:53
2881,16688859,Muhammad Fayaz Khan,2026-08-08 06:36:02,447.5,2,mfayazkhan,2026-08-10 21:02:53
2882,16646644,BeyondBirthday,2026-08-09 06:39:01,447.2,2,near07,2026-08-10 21:02:53
2883,16664671,Acteus,2026-08-06 00:01:12,447.2,2,acteus,2026-08-10 21:02:53
2884,16682906,Masiki,2026-08-10 18:46:12,447.0,2,blackseed,2026-08-10 21:02:53
2885,16682471,Soumya2003uyvv755,2026-08-08 07:01:37,446.4,2,soumya2003uyvv755,2026-08-10 21:02:53
2886,16633475,betagammashtrit,2026-08-10 01:29:05,446.2,2,betagammashtrit,2026-08-10 21:02:53
2887,16668453,Kawish Hassan,2026-08-05 16:51:03,446.2,2,kawishhassan,2026-08-10 21:02:53
2888,16660246,taqnik,2026-08-08 11:54:39,445.7,2,taqnik,2026-08-10 21:02:53
2889,16658983,Titi Huang,2026-08-10 12:07:56,445.5,2,titihuang,2026-08-10 21:02:53
2890,16685342,Kanth Da,2026-08-10 10:34:29,445.2,2,kanthda,2026-08-10 21:02:53
2891,16661191,Yudha Eka Saputra,2026-08-04 19:28:31,445.0,2,yudhaekasaputra,2026-08-10 21:02:53
2892,16678157,Ayush Kumawat,2026-08-10 13:20:42,444.4,2,ayushkumawat21,2026-08-10 21:02:53
2893,16635243,MlMlDev34,2026-08-01 11:26:52,443.8,2,mlmldev34,2026-08-10 21:02:53
2894,16662577,Shreyash Suryawanshi,2026-08-05 07:34:10,443.5,2,shreyashsuryawanshi,2026-08-10 21:02:53
2895,16655446,Ismael Omar Leonidas Hurtado Vargas,2026-08-04 00:07:01,443.5,1,ihurtadov,2026-08-10 21:02:53
2896,16666590,Hoàng Anh Tú,2026-08-08 09:28:19,443.4,2,anhtu9999,2026-08-10 21:02:53
2897,16624102,Khadersha.sk,2026-08-03 02:45:03,443.3,2,khadershask,2026-08-10 21:02:53
2898,16668340,Sibi Vishnu,2026-08-08 10:35:33,443.2,2,sibivi,2026-08-10 21:02:53
2899,16666577,Jatin khandelwal112,2026-08-05 11:26:41,443.1,2,jatinkhandelwal112,2026-08-10 21:02:53
2900,16680015,Khôi Trương,2026-08-10 01:11:55,443.0,1,kiykhoi,2026-08-10 21:02:53
2901,16656913,Inna Davidov,2026-08-10 11:51:15,443.0,2,innadav,2026-08-10 21:02:53
2902,16676803,Josue Villao,2026-08-07 15:22:54,442.4,2,josuevillao,2026-08-10 21:02:53
2903,16690163,Abhay Upadhyay,2026-08-08 18:05:54,442.3,2,abhay18s,2026-08-10 21:02:53
2904,16701046,Thanakorn Kaewwiang,2026-08-10 14:25:16,442.3,2,deweytng,2026-08-10 21:02:53
2905,16656732,Shivam Kashyap,2026-08-04 05:28:03,442.3,1,shiyan0090,2026-08-10 21:02:53
2906,16641294,YogeshG22,2026-08-03 17:58:51,441.9,2,yogeshg22,2026-08-10 21:02:53
2907,16694314,Ali Abbas Baig,2026-08-10 03:42:41,441.9,2,aliabbasbaig,2026-08-10 21:02:53
2908,16658577,farmercode261,2026-08-10 09:42:45,441.8,2,hifnikhakim,2026-08-10 21:02:53
2909,16656135,JAYASURYA R,2026-08-05 15:43:01,441.6,2,suryar261,2026-08-10 21:02:53
2910,16661351,Adekojo Adeyemi,2026-08-04 15:25:52,441.5,1,adekojoadeyemi,2026-08-10 21:02:53
2911,16667105,Vikram Tiwari,2026-08-10 11:12:26,441.4,2,vikramtiwari,2026-08-10 21:02:53
2912,16659260,hitesh,2026-08-05 19:29:28,441.2,2,shahhs,2026-08-10 21:02:53
2913,16682667,zeel vavliya,2026-08-07 07:02:55,441.1,1,zeelvavliya,2026-08-10 21:02:53
2914,16654098,Mohd Zaki,2026-08-08 13:17:29,440.8,1,mdzaki08,2026-08-10 21:02:53
2915,16656919,Sumaiya,2026-08-09 07:00:50,440.8,2,ayeshasummaiyya,2026-08-10 21:02:53
2916,16654348,rkeshwani,2026-08-07 16:17:49,440.5,2,rkeshwani,2026-08-10 21:02:53
2917,16659312,qwertyDmitry,2026-08-05 13:44:24,440.2,2,qwertydmitry,2026-08-10 21:02:53
2918,16692427,Infy ,2026-08-09 20:48:09,440.2,2,infydes,2026-08-10 21:02:53
2919,16664619,Trupen Patel,2026-08-07 13:58:55,440.1,2,trupenpatel,2026-08-10 21:02:53
2920,16623739,SarsaShen,2026-08-05 07:12:00,439.4,2,sarsashen,2026-08-10 21:02:53
2921,16675739,Jithendra Maddala,2026-08-06 19:23:33,439.3,2,jithendramaddala,2026-08-10 21:02:53
2922,16666115,Iam Intolerable,2026-08-06 07:48:28,439.2,2,iamintolerable,2026-08-10 21:02:53
2923,16673825,h_jun,2026-08-10 06:21:12,438.7,1,lhjoon77,2026-08-10 21:02:53
2924,16670118,Álvaro Benítez,2026-08-10 20:24:27,438.6,2,lvarobentezlvarez,2026-08-10 21:02:53
2925,16641140,NITISH_GOYAL1,2026-08-10 05:22:49,438.5,2,nitishgoyal1,2026-08-10 21:02:53
2926,16640683,Jason-Oh,2026-08-10 04:09:09,437.8,2,dossantoss,2026-08-10 21:02:53
2927,16655652,DaylightH,2026-08-10 03:21:04,437.1,2,daylighth,2026-08-10 21:02:53
2928,16663738,Handre Bezuidenhout,2026-08-04 23:27:08,436.4,2,handrebezuidenhout,2026-08-10 21:02:53
2929,16658897,Teja Pattem,2026-08-07 10:42:44,436.3,2,tejapattem,2026-08-10 21:02:53
2930,16661633,Joseph Garcia,2026-08-07 14:20:46,435.6,2,josephpgar,2026-08-10 21:02:53
2931,16653105,James,2026-08-10 11:31:20,435.4,2,jamesquirk,2026-08-10 21:02:53
2932,16690775,Prasanna Raut,2026-08-08 20:41:38,435.3,2,prasannaraut,2026-08-10 21:02:53
2933,16690098,Akshay Kashyap,2026-08-10 17:10:28,435.2,2,akshaykashyapakku,2026-08-10 21:02:53
2934,16655729,Arnab Mallick,2026-08-04 02:41:48,435.2,2,arnabmallick24,2026-08-10 21:02:53
2935,16668034,ggggalaxy,2026-08-07 17:46:43,435.2,2,ggggalaxy,2026-08-10 21:02:53
2936,16676416,Abhishek Mishra,2026-08-10 10:09:30,434.6,2,abhishekmishra23,2026-08-10 21:02:53
2937,16658795,Case Seller,2026-08-09 15:43:59,434.3,2,caseseller,2026-08-10 21:02:53
2938,16654196,Aryaman Chokhani,2026-08-04 09:31:39,433.7,2,aryamanchokhani,2026-08-10 21:02:53
2939,16662659,Chiziterem Eze,2026-08-08 22:26:32,433.4,2,chiziteremeze,2026-08-10 21:02:53
2940,16698953,Locked_in_hell,2026-08-10 18:24:41,433.4,2,stealthknight,2026-08-10 21:02:53
2941,16664469,Thorlapati Nikhil,2026-08-10 05:26:52,433.3,2,thorlapatinikhil,2026-08-10 21:02:53
2942,16675048,Wizard_King,2026-08-06 19:35:41,433.2,2,anshumanrayy,2026-08-10 21:02:53
2943,16656431,Venetta Smithen,2026-08-05 12:27:43,433.2,2,venettasmithen,2026-08-10 21:02:53
2944,16660899,Clarence Trinidad,2026-08-07 17:53:59,432.7,2,claree007,2026-08-10 21:02:53
2945,16690947,Veiled Star,2026-08-10 13:36:49,432.7,2,veiledstar,2026-08-10 21:02:53
2946,16633737,nrg,2026-08-04 20:19:50,432.3,1,nargizaskarbekkyzy,2026-08-10 21:02:53
2947,16654688,Terrell Millz,2026-08-10 16:08:33,432.0,2,terrellmillz,2026-08-10 21:02:53
2948,16624029,Miguel Angel Rodriguez Fonseca,2026-08-07 03:55:38,431.8,2,miguelangelrodriguez,2026-08-10 21:02:53
2949,16671519,Mandhati Sai ganesh,2026-08-06 06:36:45,431.8,2,mandhatisaiganesh,2026-08-10 21:02:53
2950,16631777,KiKi,2026-08-05 16:45:28,431.6,2,kingkiller2164,2026-08-10 21:02:53
2951,16652805,Rodrigo Batista da Silva,2026-08-08 11:07:15,431.5,1,eurodrigobatista,2026-08-10 21:02:53
2952,16666997,Krishnamurthy Venkatasubramanian,2026-08-05 15:09:46,431.3,2,krishnamurthyvenkat,2026-08-10 21:02:53
2953,16624235,appu2431,2026-08-08 15:28:24,430.4,2,appu2431,2026-08-10 21:02:53
2954,16660957,CREVATEC,2026-08-10 11:36:30,430.3,2,"olakunleolalekan,samueloladeji",2026-08-10 21:02:53
2955,16658684,Takayuki Michishita,2026-08-06 06:25:20,430.3,2,takayukimichishita,2026-08-10 21:02:53
2956,16682108,Shadow Monarch,2026-08-10 14:50:21,430.0,2,avinashk01,2026-08-10 21:02:53
2957,16678653,Wzjj98,2026-08-06 19:31:39,430.0,1,wzjj98,2026-08-10 21:02:53
2958,16677732,Alessandro Mermali,2026-08-06 20:52:35,429.3,2,alessandromermali,2026-08-10 21:02:53
2959,16664506,Jonatan Asketorp,2026-08-10 03:05:49,429.1,2,weft169aston,2026-08-10 21:02:53
2960,16660436,turkenm,2026-08-06 13:03:36,429.0,2,turkenm,2026-08-10 21:02:53
2961,16668559,Goups,2026-08-09 16:47:00,428.3,2,hervrenard,2026-08-10 21:02:53
2962,16691704,Rahman Aliyev,2026-08-10 13:24:51,428.1,2,rahman4li,2026-08-10 21:02:53
2963,16658693,leehuilong,2026-08-06 12:49:22,427.9,2,leehuilong,2026-08-10 21:02:53
2964,16661966,Rocket,2026-08-10 18:01:25,427.5,2,"aarchie4,nick16541,siddharthdongardive",2026-08-10 21:02:53
2965,16665543,Charan Manthena,2026-08-08 17:23:06,426.8,2,charanmanthena,2026-08-10 21:02:53
2966,16683400,wo zhe yi sheng ru lu bo bing,2026-08-10 16:53:48,426.5,2,"ivanlo103,panckck,waijai",2026-08-10 21:02:53
2967,16656627,Soykot Podder,2026-08-04 12:50:42,426.1,2,diptopodder,2026-08-10 21:02:53
2968,16681464,Amyel21,2026-08-10 04:33:44,426.1,1,amyel21,2026-08-10 21:02:53
2969,16671512,Darren Grendi,2026-08-10 00:38:51,426.0,1,darrengrendi,2026-08-10 21:02:53
2970,16689841,Pavani2325,2026-08-08 10:00:56,425.9,2,pavani2325,2026-08-10 21:02:53
2971,16656480,Dip Biswas,2026-08-07 04:35:56,425.5,2,dipjacobiswas,2026-08-10 21:02:53
2972,16672322,khalil ur Rehman,2026-08-08 11:39:09,425.4,2,khalilurehman,2026-08-10 21:02:53
2973,16667766,vasujain7,2026-08-05 17:44:03,425.4,2,vasujain7,2026-08-10 21:02:53
2974,16655811,Duy Trần,2026-08-04 08:23:27,425.0,1,duyqtrn,2026-08-10 21:02:53
2975,16672138,mostafa69ca,2026-08-06 05:03:43,424.8,1,mostafa69ca,2026-08-10 21:02:53
2976,16632620,this is lsm,2026-08-08 16:00:16,424.7,2,thisislsm,2026-08-10 21:02:53
2977,16655997,tanatet8,2026-08-10 13:59:05,424.7,2,tanatet8,2026-08-10 21:02:53
2978,16696439,VaraPrabha,2026-08-10 04:36:00,424.6,2,galiveetipoornima,2026-08-10 21:02:53
2979,16666171,JD Crew,2026-08-06 12:52:58,424.2,2,"abhijnanpodder,ahsafabid",2026-08-10 21:02:53
2980,16702200,ANGAD JANGIR,2026-08-10 17:31:27,423.1,2,angadjangir,2026-08-10 21:02:53
2981,16695592,André Luiz Pedroso,2026-08-09 11:59:19,423.1,1,andreluizpedroso,2026-08-10 21:02:53
2982,16673372,Hadyan Adira,2026-08-06 08:49:25,422.0,1,hadyanadira,2026-08-10 21:02:53
2983,16641288,nakagawaren0805,2026-08-03 12:40:59,421.9,2,nakagawaren0805,2026-08-10 21:02:53
2984,16686583,techtech69,2026-08-10 03:54:59,421.7,2,techtech69,2026-08-10 21:02:53
2985,16665050,Praneeth Palugula,2026-08-10 07:17:09,421.7,2,praneethpalugula,2026-08-10 21:02:53
2986,16675468,atakan akgün,2026-08-06 18:26:47,421.5,2,atakanakg,2026-08-10 21:02:53
2987,16682229,mayuri sarangi,2026-08-07 08:02:17,421.3,2,mayurisarangi,2026-08-10 21:02:53
2988,16660369,Dev MCP,2026-08-04 12:59:09,421.1,1,nishant2905,2026-08-10 21:02:53
2989,16662874,Dev Shah,2026-08-08 01:52:52,420.6,2,imdevshah11,2026-08-10 21:02:53
2990,16654258,Ashray Bagde,2026-08-10 07:51:34,419.7,2,ashrayaaaaa,2026-08-10 21:02:53
2991,16687403,Raja Sai Vardhan,2026-08-09 08:19:22,419.6,2,rajasaivardhan,2026-08-10 21:02:53
2992,16700187,adrian purnama,2026-08-10 10:50:45,419.4,1,adrianpurnama,2026-08-10 21:02:53
2993,16668271,Shashank Raj,2026-08-06 14:27:00,419.3,2,ssr6156,2026-08-10 21:02:53
2994,16692906,CodeZee,2026-08-09 19:50:49,419.1,2,codewithzaeem,2026-08-10 21:02:53
2995,16673152,Arijit Raj,2026-08-06 08:23:14,418.9,2,arijitraj02,2026-08-10 21:02:53
2996,16656351,Triet Ho,2026-08-07 07:27:33,418.5,2,trietho247,2026-08-10 21:02:53
2997,16659394,יוסף בש,2026-08-09 15:11:23,417.1,2,josiii123212,2026-08-10 21:02:53
2998,16669330,Panagiotis Charalabopoulos,2026-08-06 06:52:15,416.8,1,panagiotischaral,2026-08-10 21:02:53
2999,16658733,luoqiuy,2026-08-04 10:46:04,416.8,2,luo912,2026-08-10 21:02:53
3000,16668471,Broomva,2026-08-05 14:57:35,416.5,1,broomva,2026-08-10 21:02:53
3001,16654213,Hojin Jang,2026-08-10 12:21:10,416.5,1,hojinjang,2026-08-10 21:02:53
3002,16624073,Maruichi01,2026-08-03 15:48:39,416.3,2,"maruichi01,puws06,tatsukisato",2026-08-10 21:02:53
3003,16662162,THE predict,2026-08-10 17:56:56,416.3,2,vikaspal505,2026-08-10 21:02:53
3004,16679958,Bum_Fy_Mz,2026-08-08 18:46:36,415.7,2,bumfymz,2026-08-10 21:02:53
3005,16659533,Pavan Desai,2026-08-10 16:29:20,415.7,2,pavancdesai,2026-08-10 21:02:53
3006,16657687,Siddardha Shayini,2026-08-04 14:23:48,415.5,2,siddardhashayini3,2026-08-10 21:02:53
3007,16657729,Kandregula V S S V P Krishna Murthy,2026-08-08 15:29:35,415.4,2,kkandregula,2026-08-10 21:02:53
3008,16685652,LeonDuue,2026-08-09 20:11:52,414.7,2,leonduue,2026-08-10 21:02:53
3009,16625611,Karl Smile,2026-07-31 10:23:38,414.5,2,karlsmile,2026-08-10 21:02:53
3010,16697346,sayyid mogaka,2026-08-10 20:48:48,414.3,1,sayyidmogaka,2026-08-10 21:02:53
3011,16655919,Tạ Minh Lễ,2026-08-04 06:46:45,414.2,2,tminhl,2026-08-10 21:02:53
3012,16665252,Harsh Katara,2026-08-05 06:51:14,414.1,1,harshkatara,2026-08-10 21:02:53
3013,16670368,Gary Gitton,2026-08-09 17:13:03,413.7,2,garygitton,2026-08-10 21:02:53
3014,16694264,Vansh Visariya,2026-08-10 09:00:11,413.5,2,vanshvisariya,2026-08-10 21:02:53
3015,16649794,Wanzhu Zhao,2026-08-04 13:04:05,413.4,2,wanzhuzhaora,2026-08-10 21:02:53
3016,16669408,Josaphat Adjele,2026-08-10 14:56:45,413.0,2,josaphatadjele,2026-08-10 21:02:53
3017,16661551,SimonAx,2026-08-10 09:41:59,412.4,2,simonaxel,2026-08-10 21:02:53
3018,16698735,Larfii,2026-08-10 05:49:38,411.9,1,larfii,2026-08-10 21:02:53
3019,16650070,jakub slavíček,2026-08-04 12:58:40,411.8,2,jakubslavicek,2026-08-10 21:02:53
3020,16659529,Sanchit Jain,2026-08-05 05:58:55,411.2,2,sanchit1609,2026-08-10 21:02:53
3021,16683178,soulasin,2026-08-07 14:32:26,409.7,2,soulasin,2026-08-10 21:02:53
3022,16632423,goh,2026-08-10 09:11:34,408.8,1,bungohatayama,2026-08-10 21:02:53
3023,16699659,Dimas Pasha Akrilian,2026-08-10 09:47:19,408.8,2,dimaspashaakrilian,2026-08-10 21:02:53
3024,16674394,Ishant Mittal,2026-08-08 09:24:57,408.7,2,ishantmittal95,2026-08-10 21:02:53
3025,16658319,Huỳnh Nguyễn Trọng Tín,2026-08-06 06:23:40,408.7,2,tnhunhnguyntrng,2026-08-10 21:02:53
3026,16659464,Héctor Valverde,2026-08-10 15:16:16,408.6,2,hvpareja,2026-08-10 21:02:53
3027,16657056,Jacob Ross Piedad,2026-08-06 12:15:14,408.4,1,jacobrosspiedad,2026-08-10 21:02:53
3028,16662403,ulaş özen,2026-08-05 19:49:16,406.4,2,ulazen,2026-08-10 21:02:53
3029,16675037,Stanislav Pashkov,2026-08-08 20:50:16,406.3,2,stanislavpashkov,2026-08-10 21:02:53
3030,16639250,Hamed Seyed-allaei,2026-08-09 12:07:57,405.9,2,pinocchio,2026-08-10 21:02:53
3031,16664218,Nguyen Vu Tue Khang,2026-08-07 03:13:47,405.6,2,nguyenvutuekhang,2026-08-10 21:02:53
3032,16658519,David kinyanjui,2026-08-10 07:48:37,405.5,2,davidkinyanjui,2026-08-10 21:02:53
3033,16683284,Haha Farming,2026-08-07 14:38:04,405.5,1,"akshitharamesh,harinir1423",2026-08-10 21:02:53
3034,16665661,Ikhbar,2026-08-05 09:50:57,405.4,2,ikhbar,2026-08-10 21:02:53
3035,16668166,Pikachu,2026-08-05 14:52:15,404.9,2,"arpankumarsinha,phantomboy69,subhojitpaul2006",2026-08-10 21:02:53
3036,16656143,Debanshu Mallick,2026-08-07 05:27:56,402.3,1,debanshumallickiisc,2026-08-10 21:02:53
3037,16667406,Abdulrahman AlAsali,2026-08-05 13:20:41,402.1,1,abdulrahmanalasali,2026-08-10 21:02:53
3038,16678283,Ajinkya Digurkar,2026-08-10 07:30:34,401.7,2,"ajinkyadigurkar,sakshiagrawal8818",2026-08-10 21:02:53
3039,16665230,Jack Burley,2026-08-10 14:00:10,401.2,1,jackburley,2026-08-10 21:02:53
3040,16649339,华东 朱,2026-08-10 01:18:54,400.8,1,mgdbzny,2026-08-10 21:02:53
3041,16660099,Desireog71,2026-08-08 15:01:19,400.6,2,desireog71,2026-08-10 21:02:53
3042,16663351,MiguelS,2026-08-07 15:25:29,400.3,2,lordm758,2026-08-10 21:02:53
3043,16655766,前衛,2026-08-10 18:28:46,400.3,2,"atharvranjan,shreyasgandhe,siddharth9077",2026-08-10 21:02:53
3044,16659975,Rahul Sain,2026-08-05 18:54:58,400.1,2,rahulsain2001,2026-08-10 21:02:53
3045,16660473,Owen M Kelley,2026-08-10 00:53:11,399.8,2,owenmkelley,2026-08-10 21:02:53
3046,16660471,Obsessed Beings,2026-08-05 16:46:35,399.4,2,"meur99,muhammedsaeed315,obsessedbeing,studentwork01",2026-08-10 21:02:53
3047,16653903,Manav2805,2026-08-04 09:25:08,399.0,2,manav2805,2026-08-10 21:02:53
3048,16652970,Abhay sarkar,2026-08-05 14:40:05,398.6,1,abhaysarkarai,2026-08-10 21:02:53
3049,16691761,Evie Barker,2026-08-09 19:05:11,398.0,2,eviebarker,2026-08-10 21:02:53
3050,16656181,Vishwa,2026-08-10 11:52:19,397.9,2,rv1922,2026-08-10 21:02:53
3051,16691936,Adhar Chaudhari 07,2026-08-09 08:13:35,397.3,2,adharchaudhari07,2026-08-10 21:02:53
3052,16701969,旧楚狂人,2026-08-10 15:32:30,397.3,1,jiuchukuangren,2026-08-10 21:02:53
3053,16672689,Yusuf Yemez,2026-08-06 06:51:07,397.1,1,yusufyemez,2026-08-10 21:02:53
3054,16664147,JordanM10,2026-08-05 19:54:08,396.8,1,jordanm10,2026-08-10 21:02:53
3055,16660992,Vishnu Vardhan Dumpala,2026-08-05 18:17:30,396.2,1,vishnuvardhandumpala,2026-08-10 21:02:53
3056,16660996,Thịnh Nguyễn Chí Tiến,2026-08-08 01:49:40,395.7,2,thnhnguynchtin,2026-08-10 21:02:53
3057,16668159,ABDELGHANY,2026-08-09 00:09:24,395.5,2,abdelghanyrageh,2026-08-10 21:02:53
3058,16670881,Amir Y. Sajjadi,2026-08-05 23:56:26,395.2,1,amirysajjadi,2026-08-10 21:02:53
3059,16666056,sarthak gupta1303,2026-08-05 11:01:04,395.2,2,"sarthakgupta1303,sathviktummalapenta",2026-08-10 21:02:53
3060,16674714,Kaaleedass Manoharan,2026-08-08 16:52:19,395.1,2,kaaleedassmanoharan,2026-08-10 21:02:53
3061,16690055,Prem Kumar,2026-08-10 19:51:09,394.9,2,premkumar099,2026-08-10 21:02:53
3062,16633414,sagar tripathy,2026-08-09 09:29:42,394.7,2,sagar8trip,2026-08-10 21:02:53
3063,16623730,Ethan Higgins,2026-07-31 02:25:21,394.7,2,ethanhigginz,2026-08-10 21:02:53
3064,16675610,Srikar Medisetti,2026-08-06 15:08:15,394.6,2,deathaunter,2026-08-10 21:02:53
3065,16684308,Itsside_jay,2026-08-07 11:46:48,393.6,1,itssidejay,2026-08-10 21:02:53
3066,16676397,Rohan_Joshi6404,2026-08-10 14:29:26,391.5,1,rohanjoshi6404,2026-08-10 21:02:53
3067,16660735,Bassel Elbahnasy,2026-08-05 20:31:32,391.1,2,basselashraf,2026-08-10 21:02:53
3068,16654253,Gaius K Biju,2026-08-03 18:51:18,391.1,2,gaiuskbiju,2026-08-10 21:02:53
3069,16665353,Sakshamm2587,2026-08-10 16:21:49,390.9,2,sakshamm2587,2026-08-10 21:02:53
3070,16698739,Sahrul Adicandra,2026-08-10 06:19:09,390.9,2,sahruladicandra,2026-08-10 21:02:53
3071,16655621,xia0910,2026-08-08 11:03:21,390.7,2,xia0910,2026-08-10 21:02:53
3072,16661690,codefusiondu,2026-08-06 04:53:25,390.4,2,codefusiondu,2026-08-10 21:02:53
3073,16690514,Aditya #3,2026-08-09 06:29:48,389.5,1,a0x1ab,2026-08-10 21:02:53
3074,16666709,JSQL,2026-08-07 10:25:55,389.5,2,jeffreyschott,2026-08-10 21:02:53
3075,16654404,Madhan Sidmal,2026-08-03 21:59:11,389.3,2,madhansidmal,2026-08-10 21:02:53
3076,16665746,ABHIRAJ HIWALE,2026-08-08 04:48:31,389.0,2,"abhirajhiwale,amitambhore27",2026-08-10 21:02:53
3077,16660529,Imaanga,2026-08-10 11:41:21,387.7,2,imaangababy,2026-08-10 21:02:53
3078,16689923,Dhinesh,2026-08-09 08:39:37,387.3,2,dhineshwarrs,2026-08-10 21:02:53
3079,16665191,JoJa,2026-08-10 18:46:23,386.0,2,"mojyou,noahzx",2026-08-10 21:02:53
3080,16631989,VIDIT SHRIMALI,2026-07-31 17:13:46,385.6,1,viditshrimali,2026-08-10 21:02:53
3081,16658065,Parul Mittal,2026-08-06 13:55:51,385.4,1,pisces83,2026-08-10 21:02:53
3082,16686700,Hakkı selim Ak,2026-08-07 17:06:03,385.4,1,hakkselimak,2026-08-10 21:02:53
3083,16665360,Ayush Bhadauria,2026-08-08 10:44:06,385.2,2,ayushbhadauria50,2026-08-10 21:02:53
3084,16693033,AgriBot,2026-08-10 10:42:24,385.2,2,prcieuxcomlan,2026-08-10 21:02:53
3085,16657032,Ayaan Ghosh,2026-08-07 05:43:03,384.6,2,ayan9001,2026-08-10 21:02:53
3086,16698256,Mint,2026-08-10 05:17:37,384.4,1,rorandangerous,2026-08-10 21:02:53
3087,16669535,sakshitantak,2026-08-08 05:16:32,384.3,2,sakshitantak,2026-08-10 21:02:53
3088,16657891,Joshua Kinnah,2026-08-07 23:00:45,384.2,2,joshuakinnah,2026-08-10 21:02:53
3089,16658990,Muhammad Burhan SE-45-02,2026-08-07 04:26:18,382.4,2,muhammadburhanse4502,2026-08-10 21:02:53
3090,16690183,ankit8924praj,2026-08-09 10:44:09,382.0,2,ankit8924praj,2026-08-10 21:02:53
3091,16689908,Hyun777,2026-08-08 15:03:39,381.6,2,hyun777,2026-08-10 21:02:53
3092,16623806,黒田彩人,2026-07-31 03:52:53,381.4,1,ayato0705,2026-08-10 21:02:53
3093,16678521,Arina Nevolina,2026-08-06 20:31:22,381.0,1,nevolinaa,2026-08-10 21:02:53
3094,16676302,Arnav,2026-08-08 06:10:01,380.9,2,arnav03101,2026-08-10 21:02:53
3095,16661955,Bingos,2026-08-05 11:43:07,380.3,2,bingos,2026-08-10 21:02:53
3096,16669176,Karakam Sridevi,2026-08-10 09:55:57,379.9,2,karakamsridevi,2026-08-10 21:02:53
3097,16658554,Pai,2026-08-07 22:06:33,379.8,1,rajathrpai,2026-08-10 21:02:53
3098,16621219,Inna Campo,2026-08-04 01:46:35,378.4,2,innacampo,2026-08-10 21:02:53
3099,16659493,Ori Glisko,2026-08-09 14:27:44,377.9,2,origlisko,2026-08-10 21:02:53
3100,16676034,Songyot P,2026-08-10 07:58:27,377.6,1,songyotpi,2026-08-10 21:02:53
3101,16634769,Fivingone,2026-08-03 03:47:43,377.5,2,fivingone,2026-08-10 21:02:53
3102,16662491,Rudra070311,2026-08-10 16:25:04,376.3,2,rudra070311,2026-08-10 21:02:53
3103,16685996,Universal Entropy,2026-08-07 16:22:28,376.3,1,fennerjw,2026-08-10 21:02:53
3104,16632319,Valentin,2026-07-31 21:14:24,375.7,1,vaha94,2026-08-10 21:02:53
3105,16690077,GOMATHI PRIYA,2026-08-10 10:44:52,375.4,2,gomathipriyaraj22,2026-08-10 21:02:53
3106,16661639,Jayanth Kumar D,2026-08-06 13:36:46,375.3,2,jayanthkumard,2026-08-10 21:02:53
3107,16702359,Ethan Pl,2026-08-10 19:44:04,374.9,1,ethanpl,2026-08-10 21:02:53
3108,16630545,GAURAV PARKHEDKAR,2026-08-01 07:00:23,374.9,2,gauravparkhedkar,2026-08-10 21:02:53
3109,16655734,dworld,2026-08-05 04:13:18,374.6,2,jagdishhalde,2026-08-10 21:02:53
3110,16662791,Shiva Neshan yuva,2026-08-04 19:28:15,374.5,2,shivaneshanyuva,2026-08-10 21:02:53
3111,16658450,Krish Singh,2026-08-05 16:11:00,374.4,2,krishsingh2283,2026-08-10 21:02:53
3112,16659720,Project_Kurukshetra,2026-08-07 17:08:33,374.2,2,"chaitanyaterli05,lavanyayandapalli",2026-08-10 21:02:53
3113,16659581,isah ridwan,2026-08-07 09:02:00,373.8,2,isahridwan,2026-08-10 21:02:53
3114,16656198,N9uy3nPham,2026-08-06 10:56:04,373.2,2,n9uy3npham,2026-08-10 21:02:53
3115,16659234,MARY RAISA P,2026-08-10 08:37:32,372.5,2,"harinimala21,maryraisap,saha0102",2026-08-10 21:02:53
3116,16677629,XIE Jintao,2026-08-06 18:47:28,371.8,2,xiejintao,2026-08-10 21:02:53
3117,16678250,RMS Danaraj,2026-08-07 21:31:46,371.8,2,salorajan,2026-08-10 21:02:53
3118,16668673,kyran sinha,2026-08-05 23:08:45,371.7,2,kyransinha,2026-08-10 21:02:53
3119,16652899,Isha,2026-08-09 15:29:06,371.5,2,aarohi20,2026-08-10 21:02:53
3120,16702820,Plorek ,2026-08-10 20:36:22,371.2,2,plorek,2026-08-10 21:02:53
3121,16624553,Abiram Bharathi S.A,2026-08-08 11:02:23,371.0,2,abirambharathisa,2026-08-10 21:02:53
3122,16660543,BUTUH DUIT,2026-08-06 07:39:16,370.8,2,abulkahfi,2026-08-10 21:02:53
3123,16691012,Sanzhar Almasuly,2026-08-10 11:30:13,370.5,2,sanzharalmasuly,2026-08-10 21:02:53
3124,16663600,Adrián Flores,2026-08-05 00:38:36,370.5,2,foward2892,2026-08-10 21:02:53
3125,16672687,Liz,2026-08-09 14:33:57,369.7,2,lizgarcia3,2026-08-10 21:02:53
3126,16633982,Nikunj1375,2026-08-07 08:40:29,369.6,2,nikunj1375,2026-08-10 21:02:53
3127,16623161,Charles Kalaba,2026-08-08 13:06:02,369.1,2,charleskalaba,2026-08-10 21:02:53
3128,16673097,Sonu Kushwaha,2026-08-10 05:19:27,368.9,2,sonukushwaha124,2026-08-10 21:02:53
3129,16665704,Sreesanth M S,2026-08-05 07:12:05,368.8,1,sreesanthms,2026-08-10 21:02:53
3130,16628190,Horizonx30,2026-08-09 18:06:56,368.6,2,horizonx30,2026-08-10 21:02:53
3131,16662861,Chirag Tutlani,2026-08-04 19:13:05,368.5,1,chiragtutlani,2026-08-10 21:02:53
3132,16652397,Aniket Kumar,2026-08-06 13:29:50,368.4,2,kalkiavatar3,2026-08-10 21:02:53
3133,16671959,Sintu Verma,2026-08-09 05:44:56,368.2,2,sintuverma,2026-08-10 21:02:53
3134,16654430,Rishoban Y,2026-08-07 13:46:37,368.2,1,rishoban,2026-08-10 21:02:53
3135,16667042,Adarsh Mukundan,2026-08-07 17:12:28,367.8,1,aadarshmukundan,2026-08-10 21:02:53
3136,16661213,Daniel Siersleben,2026-08-05 12:53:41,367.7,1,danielsiersleben,2026-08-10 21:02:53
3137,16642994,Danila Galkin,2026-08-07 11:30:04,367.5,1,danilagalkin,2026-08-10 21:02:53
3138,16678362,Mitiku Yohannes,2026-08-07 00:00:37,366.2,2,mitiku,2026-08-10 21:02:53
3139,16659453,Ishwar Rathod,2026-08-06 03:29:27,366.0,2,ishwarrathodofficial,2026-08-10 21:02:53
3140,16663161,Pial Mahmud,2026-08-09 20:42:52,365.9,2,pialgroup,2026-08-10 21:02:53
3141,16678355,Tanuj Saxena,2026-08-07 10:10:24,365.9,2,tanujsaxena,2026-08-10 21:02:53
3142,16696419,detectivseb,2026-08-10 11:02:17,365.7,2,detectivseb,2026-08-10 21:02:53
3143,16665371,Kevoh Mutwiri,2026-08-10 19:34:56,365.4,2,kevohmutwiri,2026-08-10 21:02:53
3144,16661879,Pham Truc,2026-08-07 07:21:46,365.0,1,genti1206,2026-08-10 21:02:53
3145,16661587,Debashis Mohapatra,2026-08-05 09:05:50,364.2,2,debashismohapatra,2026-08-10 21:02:53
3146,16624246,xu j1ayang,2026-08-09 04:38:53,364.1,2,xuj1ayang,2026-08-10 21:02:53
3147,16639814,Nikhil Krishna A,2026-08-08 17:44:02,363.8,2,techmasternikhil,2026-08-10 21:02:53
3148,16680789,Marouane Alahyane,2026-08-09 18:17:58,363.7,2,marouanealahyane,2026-08-10 21:02:53
3149,16658676,Abdul Roheem Abdul Warith,2026-08-04 18:59:04,363.4,1,albasoliyy,2026-08-10 21:02:53
3150,16690187,Amrita Singh,2026-08-08 10:34:51,363.4,2,amrita004,2026-08-10 21:02:53
3151,16691813,Hyezir4,2026-08-10 08:36:47,362.7,2,hyezir4,2026-08-10 21:02:53
3152,16656506,Piyush Harde,2026-08-04 12:54:26,362.2,2,piyushharde,2026-08-10 21:02:53
3153,16692639,Bharat Kumar0925,2026-08-10 08:58:47,362.1,2,bharatkumar0925,2026-08-10 21:02:53
3154,16667700,Omar Mohammad,2026-08-05 15:52:54,361.9,2,omarmohammadw,2026-08-10 21:02:53
3155,16655003,Paramjeet Kaur,2026-08-04 21:09:02,360.8,1,kauxp26,2026-08-10 21:02:53
3156,16692750,sab ka katega,2026-08-10 20:01:22,360.3,2,pranavwankhade,2026-08-10 21:02:53
3157,16641866,Prem Gandhi,2026-08-06 19:48:18,359.9,2,gprem352,2026-08-10 21:02:53
3158,16668331,Maitreya Mohapatra,2026-08-06 10:09:17,358.8,2,maitreyamohapatra,2026-08-10 21:02:53
3159,16653054,Khongor2424,2026-08-03 15:32:17,358.4,2,khongorkikaik21,2026-08-10 21:02:53
3160,16691354,Vedika Gupta,2026-08-08 14:20:25,358.3,1,vedikagupta0,2026-08-10 21:02:53
3161,16684168,Roaya Saed,2026-08-10 14:36:20,357.6,1,roayasaed,2026-08-10 21:02:53
3162,16658620,Dina Chettouh,2026-08-04 09:13:27,357.3,2,dinachettouh,2026-08-10 21:02:53
3163,16684875,Amitrakshar Mukherjee,2026-08-07 13:21:32,357.0,2,amitraksharmukherjee,2026-08-10 21:02:53
3164,16676305,JTHEFROG,2026-08-08 12:09:45,356.9,2,joshyuasa,2026-08-10 21:02:53
3165,16658357,heetmehta18,2026-08-07 13:30:40,356.9,2,heetmehta0000,2026-08-10 21:02:53
3166,16629403,Galza98,2026-07-31 10:09:02,356.3,1,galza98,2026-08-10 21:02:53
3167,16667033,Geethika Sandireddy,2026-08-09 15:50:56,354.9,2,geethikasandireddy,2026-08-10 21:02:53
3168,16661290,Kelian Esteve,2026-08-04 14:33:13,354.6,1,kelianesteve,2026-08-10 21:02:53
3169,16688231,Antoine Matemane Mahirwe,2026-08-10 19:40:15,354.5,2,antoinemah,2026-08-10 21:02:53
3170,16654974,ACd Rooy,2026-08-10 10:22:36,354.5,2,acdrooy,2026-08-10 21:02:53
3171,16659698,Duy Anh Nguyễn,2026-08-07 10:23:27,353.4,1,duyanhnguyn,2026-08-10 21:02:53
3172,16643821,arnav chaturvedi123,2026-08-02 22:16:08,352.8,2,arnavchaturvedi123,2026-08-10 21:02:53
3173,16655508,bigsea,2026-08-04 01:31:58,352.7,2,sakamakihiromi,2026-08-10 21:02:53
3174,16652276,Phare111,2026-08-04 15:09:55,352.3,1,phare111,2026-08-10 21:02:53
3175,16672767,FasterYouChase FasterIRun,2026-08-09 13:15:12,352.3,2,icoguser,2026-08-10 21:02:53
3176,16665114,Francesco Benincasa,2026-08-05 09:56:52,350.6,2,francescobenincasa,2026-08-10 21:02:53
3177,16664913,ABHISHEK KUMAR,2026-08-08 06:39:04,350.4,2,abhishek6545,2026-08-10 21:02:53
3178,16661469,Qiqi Xie,2026-08-06 20:53:32,350.4,2,qiqixie123,2026-08-10 21:02:53
3179,16668333,VishalVivek,2026-08-07 09:46:17,350.1,1,vishal14332,2026-08-10 21:02:53
3180,16672199,Vachan,2026-08-06 16:14:41,348.7,1,vachanpadival,2026-08-10 21:02:53
3181,16646076,Ajeet Krishnasamy,2026-08-04 19:52:27,348.3,2,ajeetkrish,2026-08-10 21:02:53
3182,16658391,Jack #2,2026-08-10 16:51:13,348.3,2,jack1233,2026-08-10 21:02:53
3183,16654853,Saketh Rao,2026-08-03 21:43:14,347.7,1,sakethrao,2026-08-10 21:02:53
3184,16658783,Devesh Choudhury,2026-08-07 17:08:33,347.5,2,deveshchoudhury,2026-08-10 21:02:53
3185,16659060,Pratham3gewg,2026-08-06 18:26:51,347.5,2,pratham3gewg,2026-08-10 21:02:53
3186,16659387,dharssshiniii,2026-08-04 09:48:15,347.1,1,dharssshiniii,2026-08-10 21:02:53
3187,16654306,Shubham,2026-08-03 19:09:40,347.0,2,sanjayshubham24,2026-08-10 21:02:53
3188,16679872,Kirby Won,2026-08-10 17:44:14,346.9,1,kirbywon,2026-08-10 21:02:53
3189,16622567,Georgy Mamarin,2026-07-31 06:11:31,346.3,1,georgymamarin,2026-08-10 21:02:53
3190,16659203,Praful Nayak,2026-08-05 08:17:06,344.7,2,prafulnayak2003,2026-08-10 21:02:53
3191,16657658,Esther Usman,2026-08-09 22:48:16,344.5,2,estherusman,2026-08-10 21:02:53
3192,16658152,MingSUN007,2026-08-04 13:46:29,344.4,2,mingsun007,2026-08-10 21:02:53
3193,16657159,Amey Malpurkar,2026-08-10 09:25:36,343.9,2,"ameymalpurkar,siddheshsadarao",2026-08-10 21:02:53
3194,16683998,Mahoraga save me,2026-08-07 22:09:22,343.6,2,yqngyv,2026-08-10 21:02:53
3195,16623823,Julieta Rubis,2026-07-31 04:45:53,343.3,2,julietarubis,2026-08-10 21:02:53
3196,16660579,mayank,2026-08-06 14:41:12,342.7,2,mayank921,2026-08-10 21:02:53
3197,16653997,Alekya Valapushetty,2026-08-05 13:52:08,342.5,2,alekyavalapushetty,2026-08-10 21:02:53
3198,16637025,kodalien,2026-08-10 15:21:00,342.5,2,kodalien,2026-08-10 21:02:53
3199,16663253,Albert Benjamin Asare,2026-08-06 19:29:05,341.4,2,albertbenjaminasare,2026-08-10 21:02:53
3200,16639684,Rubel,2026-08-05 18:49:11,341.3,2,rubel01,2026-08-10 21:02:53
3201,16678647,Zorawar Singh,2026-08-06 19:55:53,341.1,2,zorawarsingh677,2026-08-10 21:02:53
3202,16676501,[Deleted] cf820879-5b51-45ff-9f0a-1d88833299b5,2026-08-08 08:32:10,340.6,2,kamraanmulani,2026-08-10 21:02:53
3203,16656595,Sithija Amarathunga,2026-08-04 10:09:50,339.5,2,sithijaamarathunga,2026-08-10 21:02:53
3204,16682623,Aditya Paul,2026-08-10 16:33:23,339.5,2,adityapaul634,2026-08-10 21:02:53
3205,16665988,Ronel maamoc,2026-08-08 09:58:20,338.4,2,ronelmaamoc,2026-08-10 21:02:53
3206,16623099,Bovard Doerschuk-Tiberi,2026-07-30 21:04:23,338.3,1,bovard,2026-08-10 21:02:53
3207,16662913,IYAMPAYE ribert,2026-08-04 19:01:38,338.2,1,iyampayeribert,2026-08-10 21:02:53
3208,16666316,adityakr1001,2026-08-05 09:33:41,337.6,1,adityakr1001,2026-08-10 21:02:53
3209,16686316,Ali mohon,2026-08-07 16:16:43,336.8,2,alimohon,2026-08-10 21:02:53
3210,16668464,Mauro,2026-08-05 15:57:27,336.8,2,ilmaurino,2026-08-10 21:02:53
3211,16697628,Yash Sharma,2026-08-09 19:27:50,336.3,2,yashsharma42,2026-08-10 21:02:53
3212,16681959,shun takinami,2026-08-07 05:43:47,336.2,1,shuntakinami,2026-08-10 21:02:53
3213,16677788,DorianCo,2026-08-06 18:10:06,336.2,2,dorianco,2026-08-10 21:02:53
3214,16668024,Igor Burkov,2026-08-07 04:35:37,335.7,2,igorburkov,2026-08-10 21:02:53
3215,16682559,Punit Pritam Mohanty,2026-08-10 10:49:28,335.7,2,punitpritammohanty,2026-08-10 21:02:53
3216,16654407,Serendeep Rudraraju,2026-08-06 14:31:45,335.0,2,serendeeprudraraju,2026-08-10 21:02:53
3217,16662039,Ajat Rosadi,2026-08-04 16:58:10,334.4,2,ajatrosadi,2026-08-10 21:02:53
3218,16627717,da_pond,2026-07-31 08:33:57,334.1,1,dapond,2026-08-10 21:02:53
3219,16667601,Audrius Molis,2026-08-05 12:27:17,334.0,2,vienas,2026-08-10 21:02:53
3220,16658383,SIVA S,2026-08-10 07:19:14,333.5,2,codingmaster24,2026-08-10 21:02:53
3221,16665243,Harshit Jha,2026-08-05 13:40:16,333.3,2,harshitjha28,2026-08-10 21:02:53
3222,16656633,N25H03A1028,2026-08-05 05:18:45,333.2,1,pardhusadhu,2026-08-10 21:02:53
3223,16663387,Ju,2026-08-05 23:29:38,332.4,2,juziddd,2026-08-10 21:02:53
3224,16670185,Odilon Yehouenou,2026-08-09 18:53:54,331.9,1,odilonyehouenou,2026-08-10 21:02:53
3225,16691583,Caleb,2026-08-09 14:32:52,331.3,2,collev,2026-08-10 21:02:53
3226,16700685,Preeti Dhotmal,2026-08-10 11:40:17,330.9,2,preetidhotmal,2026-08-10 21:02:53
3227,16659804,Gashahun Demise,2026-08-04 13:23:20,330.8,2,gashahundemiset,2026-08-10 21:02:53
3228,16663869,CYBER_TECH99,2026-08-05 01:40:15,330.7,2,cybertech99,2026-08-10 21:02:53
3229,16666018,H vv sathwik,2026-08-05 21:28:01,330.7,2,hvvsathwik,2026-08-10 21:02:53
3230,16663459,Cristian Yeanpaul Palomino Calderon,2026-08-06 04:14:17,330.4,2,dawo0t,2026-08-10 21:02:53
3231,16668479,Muneera Mahjabeen,2026-08-06 21:10:55,329.6,2,muneeramahjabeen,2026-08-10 21:02:53
3232,16632841,AGG,2026-08-06 18:33:28,329.5,2,aleixgim,2026-08-10 21:02:53
3233,16688165,David @ Koantek,2026-08-08 05:42:19,329.2,2,artificialbrilliance,2026-08-10 21:02:53
3234,16651668,Haiku,2026-08-05 06:28:54,329.2,2,yangjiefu,2026-08-10 21:02:53
3235,16658700,szlachetny snieg,2026-08-04 08:48:47,329.0,1,takayukiimoto,2026-08-10 21:02:53
3236,16635681,Shubham Phapale,2026-08-09 04:17:07,328.7,2,shubhamphapale,2026-08-10 21:02:53
3237,16669411,Atta Ullah,2026-08-10 13:28:30,328.7,2,attaullahqau,2026-08-10 21:02:53
3238,16658888,NovaBytes,2026-08-06 07:06:34,328.4,2,"drashtisingh14,kjjkjjk3107",2026-08-10 21:02:53
3239,16695937,Ryckiii,2026-08-09 13:03:24,328.1,1,ryckiii,2026-08-10 21:02:53
3240,16632145,kazuki_kazukazu,2026-07-31 14:53:13,328.0,1,kazukikazukazu,2026-08-10 21:02:53
3241,16660450,prashant prakash,2026-08-08 09:45:36,327.8,2,prashantprakash28,2026-08-10 21:02:53
3242,16635610,JeffFosterUK,2026-08-01 17:16:52,327.7,2,jefffosteruk,2026-08-10 21:02:53
3243,16666574,hrishit prakash,2026-08-05 13:26:37,327.6,2,hrishitprakash,2026-08-10 21:02:53
3244,16671911,Dwi Eflatino,2026-08-09 01:01:13,327.5,2,eflatino,2026-08-10 21:02:53
3245,16621290,Muhammad Ahsan,2026-07-30 17:35:00,327.1,2,ahsanneural,2026-08-10 21:02:53
3246,16675956,Hassan Alghamoudi,2026-08-10 02:36:36,326.4,2,hassanabdulhafid,2026-08-10 21:02:53
3247,16666512,RexHuang936,2026-08-07 08:51:41,325.9,2,rexhuang936,2026-08-10 21:02:53
3248,16663003,devzohaib,2026-08-04 21:27:30,324.2,1,devzohaib,2026-08-10 21:02:53
3249,16658299,Kingki19 / Muhammad Rizqi,2026-08-05 17:14:24,324.2,1,kingki19,2026-08-10 21:02:53
3250,16667684,Tim Neale,2026-08-06 13:01:12,324.1,1,timothyjneale,2026-08-10 21:02:53
3251,16665829,Shadowfishes,2026-08-09 22:08:35,323.2,2,"boandme,ronitagarwal1,shauryasahdev2",2026-08-10 21:02:53
3252,16660321,syafanidwina,2026-08-05 00:41:33,323.1,1,syafanidwina,2026-08-10 21:02:53
3253,16696887,kt-Kitayama,2026-08-09 15:52:02,322.4,1,ktkitayama,2026-08-10 21:02:53
3254,16695633,Kiran Kumar,2026-08-10 02:41:56,322.1,1,iamrkk,2026-08-10 21:02:53
3255,16677517,justnyoike,2026-08-10 01:12:56,321.8,2,justnyoike,2026-08-10 21:02:53
3256,16662105,PunnatatJAY,2026-08-04 16:22:50,321.2,1,punnatatjay,2026-08-10 21:02:53
3257,16663191,Arnav Anand,2026-08-04 19:53:08,321.0,1,arnavair27,2026-08-10 21:02:53
3258,16659001,Tim Wanjohi,2026-08-04 09:33:42,320.9,1,timwanjohi,2026-08-10 21:02:53
3259,16645300,szyulian,2026-08-04 04:42:36,320.5,1,szyulian,2026-08-10 21:02:53
3260,16659961,Shivam saini,2026-08-10 17:07:39,320.4,2,shivam98saini,2026-08-10 21:02:53
3261,16672325,Ispagiytiy,2026-08-06 08:58:30,320.3,2,ispagiytiy,2026-08-10 21:02:53
3262,16676003,franck,2026-08-06 14:59:55,319.9,2,bakura,2026-08-10 21:02:53
3263,16669523,Jackson55171,2026-08-05 18:21:00,319.8,2,jackson55171,2026-08-10 21:02:53
3264,16662079,Farrukh Hussain,2026-08-10 18:29:15,319.8,2,farrukhhussai,2026-08-10 21:02:53
3265,16684250,Alexander Sokolov,2026-08-08 09:18:15,319.8,1,cheeec0,2026-08-10 21:02:53
3266,16660144,Léandre ELISHA,2026-08-09 12:25:44,319.8,2,landreelisha,2026-08-10 21:02:53
3267,16690698,posty_melek,2026-08-08 12:14:12,319.5,1,srisaraswati,2026-08-10 21:02:53
3268,16656485,stunningvn,2026-08-05 04:47:11,319.4,2,dedquoc,2026-08-10 21:02:53
3269,16702052,Beny Pratama Putra,2026-08-10 17:49:38,319.3,1,benypratamaputra,2026-08-10 21:02:53
3270,16659280,yahaya zayyan,2026-08-04 10:51:16,318.8,1,yahayazayyan,2026-08-10 21:02:53
3271,16641331,ushi,2026-08-05 13:33:18,318.0,1,yuki508,2026-08-10 21:02:53
3272,16653941,Sachin Kumar Kushwaha,2026-08-03 18:17:35,317.9,2,sachinkumarkushwaha,2026-08-10 21:02:53
3273,16654067,DataForge,2026-08-05 10:19:25,317.6,2,"chanduchandini,goriparthiramatulasi,srilakshmipanitini,suryachakradhar",2026-08-10 21:02:53
3274,16632881,Brisa Marina,2026-08-07 16:13:15,317.5,1,brisamarina,2026-08-10 21:02:53
3275,16655813,minerppdy,2026-08-04 06:06:58,317.3,1,minerppdy,2026-08-10 21:02:53
3276,16688153,Panchajanya Banerjee (Pancham),2026-08-10 05:50:39,317.0,2,delayedkarma,2026-08-10 21:02:53
3277,16686483,Never quit,2026-08-10 13:57:25,316.6,1,leonstew,2026-08-10 21:02:53
3278,16669229,Kayvan Sinha,2026-08-06 15:06:59,316.1,1,kayvansinha,2026-08-10 21:02:53
3279,16685568,Secertive,2026-08-08 17:59:52,315.9,1,secretiveplotter1863,2026-08-10 21:02:53
3280,16670506,Juan Andres Bravo Mejia,2026-08-05 21:40:17,315.9,1,juanandresbravomejia,2026-08-10 21:02:53
3281,16633483,benkerrouche abdelbasset,2026-08-07 16:11:50,315.8,1,bassetkerouche,2026-08-10 21:02:53
3282,16668379,dccgps,2026-08-08 05:44:36,315.5,1,dccgps,2026-08-10 21:02:53
3283,16682345,Gordy,2026-08-07 09:43:58,315.0,1,gordyii,2026-08-10 21:02:53
3284,16666553,DevChheda26,2026-08-05 09:53:22,314.9,1,devchheda26,2026-08-10 21:02:53
3285,16653319,Md. Rasel Meya,2026-08-06 14:42:18,314.9,2,raselmeya,2026-08-10 21:02:53
3286,16659572,ABHILASH PRAHARAJ,2026-08-04 11:24:21,314.8,1,abhilashpraharaj,2026-08-10 21:02:53
3287,16683970,Zakhar Homyakov,2026-08-07 11:14:41,314.7,2,zakharhomyakov,2026-08-10 21:02:53
3288,16687151,harshi101,2026-08-08 06:32:37,314.6,2,harshi101,2026-08-10 21:02:53
3289,16668506,Louie Tang,2026-08-08 06:56:52,314.4,2,louietang,2026-08-10 21:02:53
3290,16690286,imunderthetree,2026-08-08 12:25:51,314.3,2,imunderthetree,2026-08-10 21:02:53
3291,16700510,Gaurav_065,2026-08-10 13:26:03,314.1,1,gaurav065,2026-08-10 21:02:53
3292,16673310,dffzno1,2026-08-07 07:41:54,314.0,2,joyzip,2026-08-10 21:02:53
3293,16659900,Abu Bakr,2026-08-04 18:30:29,313.8,2,mohamed32010,2026-08-10 21:02:53
3294,16675461,mins0_0,2026-08-06 17:02:31,313.5,2,mins00,2026-08-10 21:02:53
3295,16637894,Leonardo Domingues,2026-08-05 23:33:51,313.4,2,leonardodomingues,2026-08-10 21:02:53
3296,16667063,Amiksha S,2026-08-09 15:16:49,313.3,1,amikshas,2026-08-10 21:02:53
3297,16634720,Thiyo,2026-08-07 03:34:07,313.0,1,thimirajayasekara,2026-08-10 21:02:53
3298,16668654,Zharkyn Makhanbet,2026-08-10 18:28:08,313.0,1,imadparadoxi,2026-08-10 21:02:53
3299,16661142,Phú Nhân Nguyễn,2026-08-07 16:37:05,313.0,2,phnhnnguyn,2026-08-10 21:02:53
3300,16659374,[Deleted] 8f7327b9-2576-439b-bd6e-3f5fde366ebe,2026-08-04 10:12:44,312.9,1,del=8b215115eb53cbc1,2026-08-10 21:02:53
3301,16630380,JM,2026-08-10 15:35:29,312.5,2,julianmukaj,2026-08-10 21:02:53
3302,16661231,R Ajay Kumar12,2026-08-04 14:12:11,312.2,1,rajaykumar12,2026-08-10 21:02:53
3303,16671342,Danh Nguyen 1303,2026-08-09 14:47:52,311.8,1,danhnguyen1303,2026-08-10 21:02:53
3304,16687574,Yash Raghuvanshi,2026-08-07 22:09:38,311.2,2,yashraghuvanshi25,2026-08-10 21:02:53
3305,16668032,pat999,2026-08-08 08:30:58,310.1,2,pat999,2026-08-10 21:02:53
3306,16655786,leavts,2026-08-04 02:35:50,310.0,1,leavts,2026-08-10 21:02:53
3307,16684191,Patel Aryan D,2026-08-10 07:36:13,309.0,2,patelaryand,2026-08-10 21:02:53
3308,16662854,NISCHAY SANJAY JIWANKAR 23115098,2026-08-10 14:56:12,308.2,2,nischay2908,2026-08-10 21:02:53
3309,16675104,khwaja Moula'Ali,2026-08-06 11:30:49,307.9,1,khwajamoulaali,2026-08-10 21:02:53
3310,16637845,Hadjmohamd Seif,2026-08-08 21:47:53,307.7,2,hadjmohamdseif,2026-08-10 21:02:53
3311,16662603,Shem Gikunda,2026-08-06 17:24:48,307.3,1,shemgikunda,2026-08-10 21:02:53
3312,16654314,Mahamudul_Hassan_8012,2026-08-03 18:33:07,307.3,2,mahamudulhassan8012,2026-08-10 21:02:53
3313,16661093,INDRAJIT SWAIN,2026-08-08 13:53:20,307.0,2,indrajitswain,2026-08-10 21:02:53
3314,16702547,Dean0016,2026-08-10 18:47:13,306.7,1,dean0016,2026-08-10 21:02:53
3315,16701143,macneil,2026-08-10 12:21:35,306.5,1,macneil,2026-08-10 21:02:53
3316,16675066,Opticulture,2026-08-09 14:56:57,306.0,2,"bajibaburowthu,ponnuripavankumar,radhakrishnadoredla,veereshkumar1219",2026-08-10 21:02:53
3317,16683421,Ruchita Yadav,2026-08-08 20:02:35,305.9,2,ruchitayadav20,2026-08-10 21:02:53
3318,16662066,Yug Savalia,2026-08-06 19:06:26,304.7,1,"priyankagarg19,yugsavalia",2026-08-10 21:02:53
3319,16669756,AlgSaid,2026-08-05 18:54:07,304.3,1,imabdallah,2026-08-10 21:02:53
3320,16660309,Hazem Mahmoud Elsayd,2026-08-04 16:34:31,304.3,2,hazemmahmoudelsaid,2026-08-10 21:02:53
3321,16684535,Moonlight,2026-08-09 13:41:43,303.7,2,rajesh1joc,2026-08-10 21:02:53
3322,16672670,RonTroy,2026-08-10 09:18:27,303.7,2,rontroy,2026-08-10 21:02:53
3323,16687699,jegazhu,2026-08-10 17:15:12,303.3,2,jegazhu,2026-08-10 21:02:53
3324,16671985,vishal waghchaure,2026-08-07 09:25:36,302.6,2,vishalwaghchaure,2026-08-10 21:02:53
3325,16672284,Dhruv | AI/ML Engineer in Progress,2026-08-07 06:55:13,302.1,1,dhruvdipakchudasama,2026-08-10 21:02:53
3326,16644519,Shambhu Shekhar Sinha,2026-08-04 18:45:24,302.1,2,shambhushekharsinha,2026-08-10 21:02:53
3327,16623846,masatoshi hiraki,2026-07-31 07:52:39,301.9,2,masatoshihiraki,2026-08-10 21:02:53
3328,16661393,razab Bawa,2026-08-09 08:51:35,301.9,2,razabbawa,2026-08-10 21:02:53
3329,16670090,Gianpaolo Nettis,2026-08-08 10:01:02,301.5,2,rakes7,2026-08-10 21:02:53
3330,16667365,leul dereje,2026-08-08 06:54:54,301.1,2,leuldereje,2026-08-10 21:02:53
3331,16692652,Harsith R,2026-08-08 20:26:56,301.0,1,chiefofpredicitions,2026-08-10 21:02:53
3332,16669473,William Bickelmann,2026-08-05 17:47:13,300.6,1,williambickelmann,2026-08-10 21:02:53
3333,16662048,Deekshitha Prabhakar,2026-08-06 18:15:45,299.4,2,deekshithaprabhakar,2026-08-10 21:02:53
3334,16657777,sandeep kumar,2026-08-04 11:41:21,299.4,2,sandeep088,2026-08-10 21:02:53
3335,16656692,kinza aftab 714,2026-08-04 05:43:51,298.9,2,kinzaaftab714,2026-08-10 21:02:53
3336,16699610,Sneha ,2026-08-10 07:39:52,297.8,1,kharya3,2026-08-10 21:02:53
3337,16657440,Lz7_129,2026-08-04 15:26:01,297.7,1,lz7129,2026-08-10 21:02:53
3338,16690500,Mr.NoT_GaMeR,2026-08-08 12:06:18,297.5,2,joshdilipkumarpatel,2026-08-10 21:02:53
3339,16661382,CBenaventte,2026-08-10 14:11:53,297.3,2,cbenaventte,2026-08-10 21:02:53
3340,16670462,Talha Kayar,2026-08-08 00:03:33,297.0,2,talhakayar,2026-08-10 21:02:53
3341,16621243,Jesse Bullard,2026-07-31 21:20:21,296.7,1,jessebullard,2026-08-10 21:02:53
3342,16662108,nhkien,2026-08-05 06:52:18,296.2,2,nhkien,2026-08-10 21:02:53
3343,16639465,Gabriel Aguiar Leao,2026-08-02 00:23:49,295.7,1,"gabrielaguiarleao,marcositta",2026-08-10 21:02:53
3344,16689903,wangbohuan,2026-08-08 09:35:12,295.4,2,wangbohuan,2026-08-10 21:02:53
3345,16684908,Nidal Saleh,2026-08-08 14:08:20,295.4,2,nidalsaleh,2026-08-10 21:02:53
3346,16701041,Meet Babariya,2026-08-10 14:21:06,295.1,1,meetbabariya,2026-08-10 21:02:53
3347,16686950,Kittikhun Pachana,2026-08-08 00:16:11,294.8,2,kittikhunpachana,2026-08-10 21:02:53
3348,16656287,sandip_shaw123,2026-08-05 10:02:07,293.9,1,sandipshaw123,2026-08-10 21:02:53
3349,16644765,MoeCode,2026-08-08 02:07:24,293.8,2,syrianeagle,2026-08-10 21:02:53
3350,16658761,!Aman212,2026-08-04 12:10:28,293.5,2,aman9142424,2026-08-10 21:02:53
3351,16655292,Ingrid Fellah,2026-08-04 06:31:35,292.9,2,ingvor,2026-08-10 21:02:53
3352,16673369,Frame,2026-08-06 07:59:47,292.8,1,rainorwang,2026-08-10 21:02:53
3353,16693949,Eric Worrall,2026-08-09 05:35:37,292.7,1,ericworrall,2026-08-10 21:02:53
3354,16638781,itsuki-data,2026-08-01 22:10:49,292.6,1,itsuki89,2026-08-10 21:02:53
3355,16664157,Runjie Zhu,2026-08-10 11:49:13,292.6,1,damiendesolei,2026-08-10 21:02:53
3356,16665701,ManuelWick-Eckl,2026-08-06 22:01:44,291.5,2,manuelw,2026-08-10 21:02:53
3357,16661689,David Rao,2026-08-04 18:27:01,291.5,1,davidrao63,2026-08-10 21:02:53
3358,16671302,Pratish Chaudhary,2026-08-10 00:35:01,291.2,1,pratishchaudhary,2026-08-10 21:02:53
3359,16663910,Shivram Nekkanti,2026-08-07 14:38:04,290.7,1,shivramnekkanti,2026-08-10 21:02:53
3360,16632795,vishwottam kudekar,2026-08-05 18:19:02,290.5,1,vishwottamkudekar,2026-08-10 21:02:53
3361,16665719,[Armenia] Narek Petrosyan1,2026-08-05 07:49:34,289.9,1,narekpetrosyan1,2026-08-10 21:02:53
3362,16644210,حسنين ساجد,2026-08-07 22:08:44,289.8,2,kutghngf98687er,2026-08-10 21:02:53
3363,16665463,Seendon,2026-08-06 19:19:25,287.8,2,informationminer,2026-08-10 21:02:53
3364,16660291,Abhijit Rajkumar,2026-08-04 13:27:44,287.8,2,abhijitrajkumar,2026-08-10 21:02:53
3365,16660930,Chung Ching Yeh,2026-08-04 14:44:34,287.6,2,chungchingyeh,2026-08-10 21:02:53
3366,16660073,Mahad Kakooza,2026-08-09 13:47:03,287.5,2,mahadkakooza,2026-08-10 21:02:53
3367,16682689,HenryRichardson1,2026-08-07 10:00:12,287.2,1,henryrichardson1,2026-08-10 21:02:53
3368,16674012,ahankesumah,2026-08-06 11:22:53,287.1,1,ahankesumah,2026-08-10 21:02:53
3369,16659703,Ananya #2,2026-08-04 12:00:26,287.0,1,ananyax8,2026-08-10 21:02:53
3370,16695733,Imad Zaanine,2026-08-09 18:28:37,286.9,1,imadzaanine,2026-08-10 21:02:53
3371,16658567,Sharif Mohamed (1),2026-08-04 13:16:47,286.8,1,sharifmohamed1,2026-08-10 21:02:53
3372,16679470,GamaL Mahmoud,2026-08-08 13:33:52,285.4,2,gamalmahmoudtaha,2026-08-10 21:02:53
3373,16661810,AGNES33,2026-08-04 18:44:16,284.6,2,agnes33,2026-08-10 21:02:53
3374,16662138,Luan He,2026-08-10 02:14:06,284.4,2,luanhe,2026-08-10 21:02:53
3375,16663913,Aanaa Kaliil,2026-08-05 15:15:31,283.7,2,aanaakaliil,2026-08-10 21:02:53
3376,16682051,Noorjahan Siddiqui,2026-08-10 09:33:35,283.0,2,noorjahansiddiqui,2026-08-10 21:02:53
3377,16644360,Mathous,2026-08-02 20:28:00,282.5,1,mathisdac,2026-08-10 21:02:53
3378,16689933,Anjali Shah,2026-08-10 08:59:12,282.3,2,anjalishah0306,2026-08-10 21:02:53
3379,16656900,Hxrsh09,2026-08-10 14:39:46,282.0,2,hxrsh09,2026-08-10 21:02:53
3380,16700832,Blitz,2026-08-10 11:37:18,281.9,1,premshinde,2026-08-10 21:02:53
3381,16654827,ADITYA KUMAR MISHRA,2026-08-03 20:07:22,281.6,1,aditya1kumarmishra,2026-08-10 21:02:53
3382,16687337,sravani kamjula,2026-08-07 19:38:39,281.4,2,sravanikamjula,2026-08-10 21:02:53
3383,16688288,Ojo Oluwadamilare,2026-08-08 01:43:30,280.0,2,ojooluwadamilare,2026-08-10 21:02:53
3384,16653906,swaroop41,2026-08-04 05:53:29,279.0,2,swaroop41,2026-08-10 21:02:53
3385,16654256,KONGARA PRASANTH,2026-08-04 03:40:27,278.3,2,prasanth2008,2026-08-10 21:02:53
3386,16688190,Win M,2026-08-08 00:28:18,278.0,1,winmet,2026-08-10 21:02:53
3387,16660990,Bunny Tang,2026-08-04 13:52:24,278.0,2,tanghung64,2026-08-10 21:02:53
3388,16639692,Nirmal Patel,2026-08-06 03:05:27,277.8,2,nirmalpatel02,2026-08-10 21:02:53
3389,16696266,Pandarasamy Arjunan (Samy),2026-08-09 14:16:03,277.3,1,samy101,2026-08-10 21:02:53
3390,16697716,ZEO,2026-08-09 19:43:41,277.2,1,anuppatil29,2026-08-10 21:02:53
3391,16636540,Burkova Nastia,2026-08-01 13:34:02,277.2,2,"burkovanastia,ellvalerie",2026-08-10 21:02:53
3392,16668357,B.Pardha Manoj Reddy,2026-08-10 17:39:53,277.0,2,pardhamanojreddy,2026-08-10 21:02:53
3393,16655482,Apoorv007,2026-08-04 01:55:41,276.2,1,apoorv007,2026-08-10 21:02:53
3394,16696959,Joe Filfli,2026-08-10 12:31:22,275.4,1,joefilfli,2026-08-10 21:02:53
3395,16674093,Hoàng Trần Đặng Minh,2026-08-06 08:54:38,275.1,1,hongtrnngminh,2026-08-10 21:02:53
3396,16681397,Vishal Dubey,2026-08-07 04:37:06,275.0,1,visha1dubey,2026-08-10 21:02:53
3397,16661711,Wild Star217,2026-08-10 18:57:19,274.6,2,wildstar217,2026-08-10 21:02:53
3398,16669441,Chirag Desai,2026-08-10 03:15:26,274.2,2,cid007,2026-08-10 21:02:53
3399,16695951,Gleb Makarenko,2026-08-09 18:21:25,274.1,2,gleny48,2026-08-10 21:02:53
3400,16687620,Goktug1,2026-08-09 21:08:49,272.7,2,goktug1,2026-08-10 21:02:53
3401,16667238,Srija ganguluri,2026-08-07 10:14:48,272.3,1,srijaganguluri,2026-08-10 21:02:53
3402,16654244,Saad Nanawala,2026-08-03 18:17:33,272.0,1,saadnanawala,2026-08-10 21:02:53
3403,16658297,Charishma Pillapalem,2026-08-10 10:44:44,271.5,2,charishmapillapalem,2026-08-10 21:02:53
3404,16667691,alexanderctrl,2026-08-06 09:34:19,271.5,1,alexanderctrl,2026-08-10 21:02:53
3405,16674878,KirillKlem,2026-08-08 23:47:28,271.2,2,kirillklem,2026-08-10 21:02:53
3406,16687514,Dark_1926,2026-08-07 20:30:33,270.3,1,dark1926,2026-08-10 21:02:53
3407,16632566,maco-macoo,2026-07-31 18:04:20,270.0,1,macomacoo,2026-08-10 21:02:53
3408,16623528,Faijur Rahaman,2026-07-31 03:43:56,269.7,2,faijurrahaman,2026-08-10 21:02:53
3409,16663277,Mariana Mejía,2026-08-10 17:20:08,269.5,2,marianameja,2026-08-10 21:02:53
3410,16668152,ksew364,2026-08-07 16:02:09,269.4,1,ksew364,2026-08-10 21:02:53
3411,16632724,Sayan Dutta,2026-08-04 07:47:42,269.3,1,sayan1507,2026-08-10 21:02:53
3412,16687891,qklent,2026-08-09 19:44:12,269.2,1,qklent,2026-08-10 21:02:53
3413,16623274,Mhmda81,2026-08-03 00:10:04,268.6,2,mhmda81,2026-08-10 21:02:53
3414,16698307,AnasAl7,2026-08-10 13:08:08,268.2,2,anasal7,2026-08-10 21:02:53
3415,16657306,Krunal Chavda,2026-08-07 21:38:11,267.6,2,krunalchavda21,2026-08-10 21:02:53
3416,16656515,Rushal Manandhar,2026-08-06 04:15:01,267.1,1,rushalmanandhar,2026-08-10 21:02:53
3417,16686789,Hay-gent,2026-08-08 15:05:40,267.0,1,"alagusuriyas,gayathrisrimai",2026-08-10 21:02:53
3418,16677403,bababoy,2026-08-06 17:14:29,266.9,1,adrienrenard,2026-08-10 21:02:53
3419,16663438,Varun Prajapati,2026-08-08 21:54:54,266.7,2,"krunalasari,varun2206",2026-08-10 21:02:53
3420,16663963,M0h4m3d-Byte,2026-08-10 13:26:45,265.7,2,dev3mohamed,2026-08-10 21:02:53
3421,16652159,Boson328,2026-08-04 10:06:13,265.1,1,boson328,2026-08-10 21:02:53
3422,16690188,Anurag,2026-08-08 10:20:42,265.0,2,kumaranu2007,2026-08-10 21:02:53
3423,16659910,Shraddha Kumbhar,2026-08-07 09:55:58,262.4,2,raj113,2026-08-10 21:02:53
3424,16702481,Scott G,2026-08-10 19:20:19,262.4,2,verifiedscott,2026-08-10 21:02:53
3425,16658311,zkskhurram,2026-08-05 07:59:40,262.1,2,zkskhurram,2026-08-10 21:02:53
3426,16666719,helenkwok,2026-08-06 14:55:20,261.6,1,helenkwok,2026-08-10 21:02:53
3427,16666706,baijiachang,2026-08-05 11:04:21,261.6,1,baijiachang,2026-08-10 21:02:53
3428,16632111,Arda Çiftçi,2026-08-04 20:03:37,260.5,2,ardaciftci,2026-08-10 21:02:53
3429,16662803,Ashish Gawade,2026-08-04 19:11:19,260.1,2,ashishgawade,2026-08-10 21:02:53
3430,16623131,Liam Carrig Newsam,2026-08-04 00:00:03,259.3,1,liamcarrignewsam,2026-08-10 21:02:53
3431,16654710,Ray Brothers,2026-08-10 19:35:49,258.6,2,"madhurjyaray,vibekodr",2026-08-10 21:02:53
3432,16664044,IntentionalSayshara,2026-08-09 12:57:49,258.4,2,jaelle,2026-08-10 21:02:53
3433,16658644,Hitarth Pandey,2026-08-09 03:04:42,258.4,1,hitarthpandey,2026-08-10 21:02:53
3434,16685093,Huzaifa Inam,2026-08-07 13:47:15,258.1,2,huzaifainam,2026-08-10 21:02:53
3435,16651507,jappanini,2026-08-03 09:14:04,257.5,1,jappanini,2026-08-10 21:02:53
3436,16679713,John william Vicente 🇧🇷,2026-08-07 00:38:57,257.3,1,chrollo079,2026-08-10 21:02:53
3437,16662230,Angus Mc Gregor,2026-08-10 06:57:19,256.8,2,angusmcgregor,2026-08-10 21:02:53
3438,16655682,Azamat Sadikov,2026-08-04 03:25:41,256.7,1,azamatsadikov,2026-08-10 21:02:53
3439,16675428,Farhan Khairullah,2026-08-09 16:22:00,256.5,2,farhankhairullah06,2026-08-10 21:02:53
3440,16655573,Probablyaphilosopher ,2026-08-07 06:03:00,256.1,2,probablyaphilosopher,2026-08-10 21:02:53
3441,16657344,Ombayo fredrick,2026-08-04 14:04:04,255.5,2,ombayofredrick,2026-08-10 21:02:53
3442,16659283,DILEEP POTHULA,2026-08-08 06:43:15,255.0,2,dileeppothula,2026-08-10 21:02:53
3443,16662630,M.mohamed Muhasir,2026-08-05 18:25:39,254.8,2,mmohamedmuhasir,2026-08-10 21:02:53
3444,16658635,Deepak Kumar ,2026-08-05 02:38:29,254.3,2,deepak2026ml,2026-08-10 21:02:53
3445,16657525,Alae Lakhdar,2026-08-05 08:10:49,253.2,1,alaelakhdar,2026-08-10 21:02:53
3446,16676977,Akash Babu,2026-08-10 09:04:29,252.5,2,akashbabu17,2026-08-10 21:02:53
3447,16668819,ahmedou sidi med,2026-08-05 19:39:59,251.8,2,ahmedousidimed,2026-08-10 21:02:53
3448,16658320,Justin Eight,2026-08-10 06:37:03,251.6,2,justineight,2026-08-10 21:02:53
3449,16664586,Owen Lim,2026-08-05 05:42:25,251.6,2,owenlim45,2026-08-10 21:02:53
3450,16658401,Aryan Lonare,2026-08-04 09:55:47,251.3,2,aryandyalullonare,2026-08-10 21:02:53
3451,16657227,Anusha Marla,2026-08-04 07:05:53,251.0,2,anushamarla,2026-08-10 21:02:53
3452,16657578,raushancoursework,2026-08-05 06:54:51,250.6,1,raushancoursework,2026-08-10 21:02:53
3453,16684237,Zen_0910,2026-08-07 17:07:02,250.4,1,zendeptrai,2026-08-10 21:02:53
3454,16670547,Maduako Prince,2026-08-05 22:53:03,250.3,2,maduakoprince,2026-08-10 21:02:53
3455,16677328,Eng. Husnain,2026-08-08 13:13:23,250.2,2,enghusnain,2026-08-10 21:02:53
3456,16659444,ANKIT AGARWAL,2026-08-04 10:28:58,250.0,2,ankwall223,2026-08-10 21:02:53
3457,16693318,meow3301,2026-08-09 02:33:34,249.6,2,meow3301,2026-08-10 21:02:53
3458,16650372,GreedShen,2026-08-10 10:21:09,249.1,1,greedshen,2026-08-10 21:02:53
3459,16664221,Anish,2026-08-10 18:07:04,248.6,2,anishmunje,2026-08-10 21:02:53
3460,16632418,Bretokce 3amich,2026-08-07 12:18:26,248.2,2,bretokce3amich,2026-08-10 21:02:53
3461,16662099,The Algorithmist,2026-08-04 23:41:59,247.0,2,riyagheewala,2026-08-10 21:02:53
3462,16685128,Rohan Hake,2026-08-10 12:48:36,246.9,2,rohanhake,2026-08-10 21:02:53
3463,16682262,Pardeep Singh,2026-08-09 09:06:29,246.7,1,pardeep06,2026-08-10 21:02:53
3464,16660749,PavanK Saketh,2026-08-04 13:38:48,246.4,2,pavanksaketh,2026-08-10 21:02:53
3465,16666037,Matheus Marques,2026-08-06 06:03:28,246.2,2,mathmarquesbr,2026-08-10 21:02:53
3466,16663333,Iago Moura e Moreira,2026-08-04 20:05:06,245.9,1,iagomouraemoreira,2026-08-10 21:02:53
3467,16660285,Sawan Kohli,2026-08-06 13:11:44,245.1,2,sawankohli,2026-08-10 21:02:53
3468,16630725,vaibhav vyas,2026-08-06 10:56:52,244.8,2,vaibhavvyas0,2026-08-10 21:02:53
3469,16668018,DAVID CHEW HL,2026-08-06 06:36:34,244.5,2,davidchewhl,2026-08-10 21:02:53
3470,16656278,Bhuvaneshwari Rebba,2026-08-04 09:20:36,244.4,1,bhuvaneshwarirebba,2026-08-10 21:02:53
3471,16674390,yangluo1,2026-08-08 01:31:08,244.0,2,yangluo1,2026-08-10 21:02:53
3472,16658362,MHaurel,2026-08-09 15:32:45,243.7,1,hetax17,2026-08-10 21:02:53
3473,16662589,Arunagirinadan Sudharshan,2026-08-08 14:01:09,243.7,1,sudhanaruna,2026-08-10 21:02:53
3474,16668048,Gazi Sayem Uddin Samir,2026-08-05 14:29:51,243.6,2,gazisayemuddinsamir,2026-08-10 21:02:53
3475,16656771,thushara bandara,2026-08-07 04:13:43,243.5,2,dushyanthibandara,2026-08-10 21:02:53
3476,16633466,Aarush pandey,2026-08-02 19:49:05,243.2,2,aarushpandey,2026-08-10 21:02:53
3477,16663945,anyasri,2026-08-08 15:14:25,241.7,2,anyasri,2026-08-10 21:02:53
3478,16661252,Andrzej Walczak,2026-08-05 09:46:19,241.5,2,andrzej1983,2026-08-10 21:02:53
3479,16656164,Justin Schomer,2026-08-09 09:05:59,241.4,2,fathersecurity,2026-08-10 21:02:53
3480,16698164,Ruizhang Zhi,2026-08-10 00:54:03,241.1,1,ruizhangzhi,2026-08-10 21:02:53
3481,16635248,eosphor,2026-08-01 09:46:59,241.0,2,eosphor,2026-08-10 21:02:53
3482,16682422,SABBIR HOSSAIN 2029,2026-08-10 13:27:55,240.6,2,sabbirhossain2029,2026-08-10 21:02:53
3483,16668495,Herisitraka,2026-08-05 17:16:28,239.7,2,herisitraka,2026-08-10 21:02:53
3484,16641277,Zenieverse,2026-08-05 08:06:17,239.1,2,zenieverse,2026-08-10 21:02:53
3485,16663448,Adel I.,2026-08-07 12:55:44,238.0,2,adelid,2026-08-10 21:02:53
3486,16669142,Jaclyn Agee,2026-08-07 15:21:06,237.7,2,jaclynagee,2026-08-10 21:02:53
3487,16658377,Masaya,2026-08-10 15:34:58,236.8,1,irrohas,2026-08-10 21:02:53
3488,16662749,Jordan,2026-08-10 04:09:38,236.7,2,extergeist,2026-08-10 21:02:53
3489,16660146,4Solver,2026-08-08 02:06:19,236.6,2,msfbiolinhares,2026-08-10 21:02:53
3490,16662662,Joaquim Jose1,2026-08-04 17:57:03,236.6,1,joaquimjose1,2026-08-10 21:02:53
3491,16634761,CHARHBILI Moad,2026-08-07 13:44:23,236.1,1,charhbilimoad,2026-08-10 21:02:53
3492,16661500,yagnit sutariya,2026-08-04 15:34:39,234.6,1,yagnitsutariya,2026-08-10 21:02:53
3493,16658440,Gloria Lourelynn S,2026-08-04 15:16:09,233.7,1,glorialourelynn,2026-08-10 21:02:53
3494,16668368,Waleed Hasan,2026-08-05 21:10:49,233.0,1,whasan,2026-08-10 21:02:53
3495,16660484,Waiswa Geoffrey,2026-08-10 12:47:17,233.0,2,waiswageoffrey,2026-08-10 21:02:53
3496,16667886,Ubaid ur rehman 0345,2026-08-05 15:23:12,232.0,2,ubaidurrehman0345,2026-08-10 21:02:53
3497,16629426,Abdullah Qureshi,2026-07-31 10:00:44,231.4,2,abdullahqureshi120,2026-08-10 21:02:53
3498,16662023,Vikas Kumar,2026-08-06 17:08:52,231.1,2,vikshit104,2026-08-10 21:02:53
3499,16686834,Kaabbil,2026-08-09 16:14:49,230.6,2,"dr3aking,kaabbil",2026-08-10 21:02:53
3500,16674774,Dine ALASSANE,2026-08-07 05:53:28,230.6,2,dinealassane,2026-08-10 21:02:53
3501,16662083,ihabkaggle,2026-08-07 00:42:33,230.3,2,ihabkaggle,2026-08-10 21:02:53
3502,16690112,Ayush Tripathi,2026-08-10 09:28:02,229.8,2,ayushtripathi112,2026-08-10 21:02:53
3503,16666414,salyamq,2026-08-05 16:41:38,229.5,1,salyamq,2026-08-10 21:02:53
3504,16696607,Manish modak,2026-08-10 19:14:26,229.4,2,manishmodak,2026-08-10 21:02:53
3505,16629441,Sofia_Gilka,2026-08-01 07:45:58,229.1,2,sofiagilka,2026-08-10 21:02:53
3506,16701106,moshito,2026-08-10 14:13:58,228.9,2,"danamaulana123,moshito,naufaldhiaulhaq01",2026-08-10 21:02:53
3507,16657628,Hamo,2026-08-07 12:00:21,228.6,2,mohamed2223,2026-08-10 21:02:53
3508,16630041,Devi prashad tripathi,2026-08-03 17:56:58,227.8,1,deviprashadtripathi,2026-08-10 21:02:53
3509,16670747,Aryan Kumar Chaudhary,2026-08-08 18:47:04,227.6,1,"aryankumarchaudhary,rakshitmundra",2026-08-10 21:02:53
3510,16656954,Marwan Elmetwally,2026-08-04 05:56:29,227.2,2,marwanelmetwally,2026-08-10 21:02:53
3511,16658522,Amna khanii23,2026-08-07 05:15:47,226.7,2,amnakhanii23,2026-08-10 21:02:53
3512,16624973,Mrunmayee Kulkarni,2026-07-31 06:16:46,226.6,1,kulmrun,2026-08-10 21:02:53
3513,16665223,Sawon Mitra,2026-08-07 11:11:17,226.1,2,sawonmitra,2026-08-10 21:02:53
3514,16632493,oni chan arigato,2026-08-10 19:43:44,223.8,2,nabidnur,2026-08-10 21:02:53
3515,16701060,Paula Jimenez,2026-08-10 18:47:24,223.2,1,paulajimenez,2026-08-10 21:02:53
3516,16662269,KAMLESH KUMAR POKHARNA,2026-08-06 17:25:51,222.4,2,kamleshkumarpokharna,2026-08-10 21:02:53
3517,16683136,Stefano Ciaci,2026-08-07 12:37:11,222.4,1,stefanovcciaci,2026-08-10 21:02:53
3518,16633003,K Mukhiya ,2026-08-01 12:09:51,222.3,2,kmukhiya,2026-08-10 21:02:53
3519,16690499,SuperAI@2615,2026-08-10 10:25:57,222.2,2,superai2615,2026-08-10 21:02:53
3520,16667231,bettsy,2026-08-05 12:12:35,221.9,2,bettsy,2026-08-10 21:02:53
3521,16656210,Sanjay Suthraye,2026-08-04 14:55:13,221.9,2,sanjaysuthraye96,2026-08-10 21:02:53
3522,16681610,team maccy,2026-08-07 20:27:06,221.6,1,robertgama,2026-08-10 21:02:53
3523,16676026,Bedashree Swarupa Das,2026-08-06 14:14:21,220.8,1,ashokkumardasbedashr,2026-08-10 21:02:53
3524,16622943,Erwin Huizenga,2026-08-10 19:29:56,220.1,2,erwinh,2026-08-10 21:02:53
3525,16664458,Prantik Chandra,2026-08-05 05:47:10,219.7,1,prantikchandra,2026-08-10 21:02:53
3526,16681895,Akshar,2026-08-07 06:16:19,219.6,2,aks0625,2026-08-10 21:02:53
3527,16658969,Yuri Maslov,2026-08-04 10:11:45,219.3,1,yurimaslov,2026-08-10 21:02:53
3528,16660978,Maksym Khavil,2026-08-04 13:43:48,219.0,1,maksymkhavil,2026-08-10 21:02:53
3529,16659036,Mohammed Kaif,2026-08-04 10:41:22,218.1,2,mkaif001,2026-08-10 21:02:53
3530,16692568,Muhammed Gulfam Toor,2026-08-09 09:54:05,217.4,2,gultoor,2026-08-10 21:02:53
3531,16657378,doteeee,2026-08-05 07:23:43,216.5,1,narendra,2026-08-10 21:02:53
3532,16690195,Manshi Shukla,2026-08-08 10:12:24,216.4,2,manshishukla,2026-08-10 21:02:53
3533,16625029,Hilarus,2026-08-01 15:59:02,215.2,2,hilagbag,2026-08-10 21:02:53
3534,16623660,Taylor S. Amarel,2026-07-31 23:36:48,213.8,1,taylorsamarel,2026-08-10 21:02:53
3535,16664875,SaiSujitPunukollu,2026-08-05 05:46:11,213.4,1,saisujitpunukollu,2026-08-10 21:02:53
3536,16659840,Dasari Giri Gabrelu,2026-08-05 13:41:11,213.2,2,giridasari,2026-08-10 21:02:53
3537,16681801,majj,2026-08-09 22:57:08,212.9,1,m313786372,2026-08-10 21:02:53
3538,16633342,farm75,2026-08-03 14:03:14,212.9,2,sakthi75,2026-08-10 21:02:53
3539,16623953,Denuwan Wijesinghe,2026-08-01 07:57:04,212.8,2,denuwanwijesinghe,2026-08-10 21:02:53
3540,16659871,Abel Kpoton,2026-08-04 20:41:20,212.6,2,abelkpoton,2026-08-10 21:02:53
3541,16674328,daniel,2026-08-06 09:34:23,212.2,1,dkamgamegasoft,2026-08-10 21:02:53
3542,16698399,liuzhangzhen,2026-08-10 09:49:23,211.9,1,liuzhangzhen,2026-08-10 21:02:53
3543,16632119,nickyl,2026-08-10 16:20:10,211.8,2,nickyjliang,2026-08-10 21:02:53
3544,16661846,Jeffrey Pike,2026-08-08 04:07:47,211.4,2,jeffreypikeai,2026-08-10 21:02:53
3545,16663265,Darlington Ayakazi,2026-08-04 20:26:08,210.7,1,darlingtonayakazi,2026-08-10 21:02:53
3546,16623390,KodamaSec Labs LTD,2026-08-10 15:49:58,209.9,2,dfhgfdghfdhg,2026-08-10 21:02:53
3547,16671232,sms tcil,2026-08-07 13:03:30,208.6,1,smstcil,2026-08-10 21:02:53
3548,16661447,Sibel Özbek,2026-08-04 20:50:27,206.5,1,sibelzbek,2026-08-10 21:02:53
3549,16652764,hikahika,2026-08-06 11:36:53,206.2,2,naganohikaru,2026-08-10 21:02:53
3550,16690433,Amar Amar Gupta,2026-08-10 14:37:06,205.7,1,amaramargupta,2026-08-10 21:02:53
3551,16654124,Aditya Kumar Singh,2026-08-05 09:57:29,204.9,2,adityq121608,2026-08-10 21:02:53
3552,16659041,uma mahesh23,2026-08-04 11:50:03,204.4,2,umamahesh23,2026-08-10 21:02:53
3553,16662123,hannhu40022,2026-08-04 18:45:07,203.3,2,hannhu40022,2026-08-10 21:02:53
3554,16662859,Mohamed Zahran,2026-08-05 04:41:56,202.9,1,zrnking2012,2026-08-10 21:02:53
3555,16621770,Rudraksh Zodage,2026-07-30 20:07:49,202.7,2,rudrakshzodage,2026-08-10 21:02:53
3556,16669314,Editor Jugnu AI,2026-08-09 07:34:00,201.8,2,editorjugnuai,2026-08-10 21:02:53
3557,16698886,pied_piper,2026-08-10 14:11:15,201.6,2,ahanhalder,2026-08-10 21:02:53
3558,16662714,Amilcar Rodriguez,2026-08-08 21:14:02,201.3,2,amilcarskt,2026-08-10 21:02:53
3559,16661160,Roobhasridevi P,2026-08-04 14:31:22,200.7,1,roobhasridevi,2026-08-10 21:02:53
3560,16653934,Ayomide Abdulrahmon,2026-08-03 19:22:32,200.4,2,ayomideabdulrahmon,2026-08-10 21:02:53
3561,16656815,Atharva S. Naladkar,2026-08-06 06:46:40,199.6,2,atharvasnaladkar,2026-08-10 21:02:53
3562,16680858,Harshul Gupta,2026-08-09 18:13:06,198.9,2,harshulgupta77,2026-08-10 21:02:53
3563,16656235,Zain Ul Abideen Samo,2026-08-06 15:22:02,198.2,2,zainulabideensamo,2026-08-10 21:02:53
3564,16644702,cracker_1_war,2026-08-05 23:15:26,197.9,2,cracker1war,2026-08-10 21:02:53
3565,16662557,Naman Sudershan,2026-08-05 13:21:08,197.3,2,namansudershan,2026-08-10 21:02:53
3566,16654559,Kerem Ali AVCIOĞLU,2026-08-03 19:28:49,195.4,2,keremaliavciolu,2026-08-10 21:02:53
3567,16636855,Wynn Koo,2026-08-01 14:03:04,193.8,1,yongfenggg,2026-08-10 21:02:53
3568,16683577,Ankush Kumar M,2026-08-07 13:19:05,193.2,2,ankushkumarm,2026-08-10 21:02:53
3569,16659415,PincheCabrón,2026-08-04 20:56:51,193.2,1,pinchecabrn,2026-08-10 21:02:53
3570,16634352,sovit karki,2026-08-03 10:25:41,193.1,2,sovitkarki,2026-08-10 21:02:53
3571,16690199,Lavkush Yadav,2026-08-08 10:20:55,191.9,1,lavkushyadavcse,2026-08-10 21:02:53
3572,16662295,benja cooper,2026-08-04 17:41:28,190.0,2,benjacooper,2026-08-10 21:02:53
3573,16681056,Aryan Jhingan,2026-08-09 19:44:22,189.3,2,aryanjhingan,2026-08-10 21:02:53
3574,16656643,Willetta Dettore,2026-08-05 15:33:52,189.3,2,willettadettore,2026-08-10 21:02:53
3575,16679979,Pranav6657,2026-08-07 02:40:48,188.4,1,pranav6657,2026-08-10 21:02:53
3576,16664199,SomyaSingh_07,2026-08-10 14:38:31,187.6,2,somyasingh07,2026-08-10 21:02:53
3577,16633511,joshan gladston,2026-08-01 01:19:57,187.4,2,joshangladston,2026-08-10 21:02:53
3578,16654556,anjipoo,2026-08-05 15:33:04,186.9,2,anjana0812,2026-08-10 21:02:53
3579,16673110,Sri Jayavel K,2026-08-10 14:54:30,186.2,2,srijayavelk,2026-08-10 21:02:53
3580,16659451,anero98,2026-08-06 03:44:50,183.1,2,anero98,2026-08-10 21:02:53
3581,16683220,Kongali,2026-08-10 01:24:37,180.4,2,kongali,2026-08-10 21:02:53
3582,16626159,Cảnh Đinh Tiến,2026-08-02 09:17:36,180.2,2,tourist110406,2026-08-10 21:02:53
3583,16660342,Adapa Gopireddy,2026-08-04 12:49:43,179.9,1,adapagopireddy,2026-08-10 21:02:53
3584,16654482,SarahShams,2026-08-08 19:01:16,178.2,1,sarahshams,2026-08-10 21:02:53
3585,16660270,Ziel_Lux,2026-08-10 06:39:30,177.3,2,nahbilafaith,2026-08-10 21:02:53
3586,16690029,Nitesh_Prajapati2569,2026-08-10 10:42:54,177.1,2,niteshprajapati2569,2026-08-10 21:02:53
3587,16657561,Roshdibenrojo83,2026-08-04 07:19:05,176.3,2,roshdibenrojo83,2026-08-10 21:02:53
3588,16649314,"Yuka,Ota",2026-08-06 02:36:05,176.2,1,yukaika,2026-08-10 21:02:53
3589,16671827,Shourya Gupta,2026-08-10 04:59:32,175.8,2,siriuspotter,2026-08-10 21:02:53
3590,16662547,hiteshsinh solanki,2026-08-05 07:59:16,175.4,2,hiteshsinhsolanki2,2026-08-10 21:02:53
3591,16662809,Chukwu Excellent,2026-08-08 22:06:34,174.6,2,chukwuexcellent,2026-08-10 21:02:53
3592,16675819,RohitS001,2026-08-10 09:32:09,174.5,2,rohits001,2026-08-10 21:02:53
3593,16659308,Attaerabi,2026-08-05 07:52:52,173.2,2,attaerabi,2026-08-10 21:02:53
3594,16660340,pawan sondhiya,2026-08-07 06:22:38,172.7,2,pawansondhiya,2026-08-10 21:02:53
3595,16659097,noril09,2026-08-04 11:56:35,172.1,2,noril09,2026-08-10 21:02:53
3596,16668599,Hafsa Anwaar,2026-08-05 17:43:21,171.8,2,hafsaanwaar,2026-08-10 21:02:53
3597,16654509,Shruti Kondabathula,2026-08-07 18:17:56,171.4,2,shrutikondabathula,2026-08-10 21:02:53
3598,16656685,Shravani Hibare,2026-08-05 10:15:36,170.2,2,shrahib4725,2026-08-10 21:02:53
3599,16661098,Muhammad aufa azmi,2026-08-04 15:18:35,169.6,2,muhammadaufaazmi,2026-08-10 21:02:53
3600,16665079,Maguluri Keerthi,2026-08-05 06:16:03,169.4,2,magulurikeerthi,2026-08-10 21:02:53
3601,16662721,Manish Sharma,2026-08-10 13:32:06,168.9,2,themihirsharma,2026-08-10 21:02:53
3602,16661419,Shivansh Soni,2026-08-04 15:08:01,168.5,2,shivanshsonii,2026-08-10 21:02:53
3603,16670552,Harsh Chaudhary ml,2026-08-05 22:16:25,168.3,1,harshchaudharyml,2026-08-10 21:02:53
3604,16626218,Srishti Gauraha,2026-08-08 05:40:23,168.1,1,srishtigauraha,2026-08-10 21:02:53
3605,16621519,Ᏸ𐍂Ꭷ,2026-07-30 17:30:30,167.6,2,dheerajkannaujiya,2026-08-10 21:02:53
3606,16660886,Dr.Eldirdiri Fadol ,2026-08-05 05:30:48,166.7,2,dreldirdirifadol,2026-08-10 21:02:53
3607,16691502,DILANE FOGUE KAMGA,2026-08-08 15:20:05,166.7,1,dilanekamga,2026-08-10 21:02:53
3608,16659271,Hamish,2026-08-09 11:24:20,166.4,1,hamishdickson,2026-08-10 21:02:53
3609,16658695,Muskan Zahid,2026-08-04 14:14:02,166.0,2,artificial52,2026-08-10 21:02:53
3610,16677441,ERREGUI YOUSSEF,2026-08-06 18:02:39,165.7,2,erreguiyoussef,2026-08-10 21:02:53
3611,16657462,CROP CODERS,2026-08-10 18:00:28,165.3,2,"dhanvanthraj,raghavan9944,shanmugam666,sitha2345,sumaiyahibrahim",2026-08-10 21:02:53
3612,16657055,RedKiwi,2026-08-05 05:57:34,164.2,2,tnmthai,2026-08-10 21:02:53
3613,16657486,Turhan TAS,2026-08-10 09:21:40,161.2,1,turhantas,2026-08-10 21:02:53
3614,16666072,Abinash,2026-08-05 15:07:52,161.1,2,abinashsinha1726,2026-08-10 21:02:53
3615,16657303,Tejas Tiwari,2026-08-04 07:32:17,160.1,1,tejaat,2026-08-10 21:02:53
3616,16641109,zzgtylors,2026-08-06 06:21:50,158.9,2,zzgtylors,2026-08-10 21:02:53
3617,16662455,Nenavath Shashi,2026-08-04 18:04:52,157.2,2,nenavathshashi,2026-08-10 21:02:53
3618,16658290,rrishavrraj,2026-08-10 17:45:20,155.1,2,"rrishavrraj,shubhamkumar9812",2026-08-10 21:02:53
3619,16655748,revathip,2026-08-06 06:00:14,155.0,2,revathiprakash,2026-08-10 21:02:53
3620,16633018,purelilyth,2026-08-08 21:45:16,154.8,2,purelilyth,2026-08-10 21:02:53
3621,16625663,sota1111,2026-08-04 13:06:40,154.3,2,sota1111,2026-08-10 21:02:53
3622,16663897,jayaBhavagan,2026-08-05 19:34:36,153.8,1,jayabhavagan,2026-08-10 21:02:53
3623,16669703,AnubhavBhadani142,2026-08-10 19:58:58,153.7,2,anubhavbhadani142,2026-08-10 21:02:53
3624,16690494,StevenBeyen,2026-08-10 17:49:06,151.5,2,beyensteven,2026-08-10 21:02:53
3625,16656240,SACHIN KUMAR,2026-08-10 03:13:24,151.5,2,sackm123,2026-08-10 21:02:53
3626,16698920,Rishabh Bhartiya,2026-08-10 05:19:04,151.4,1,rishabhbhartiya,2026-08-10 21:02:53
3627,16666836,Emir Ayvaz,2026-08-07 05:57:00,150.7,2,emirayvaz,2026-08-10 21:02:53
3628,16662715,Great Okwuma,2026-08-05 10:59:35,150.2,2,greatokwuma2,2026-08-10 21:02:53
3629,16623094,Claudia Arias Gonzalez,2026-08-08 21:33:03,150.0,2,claudiaariasgonzalez,2026-08-10 21:02:53
3630,16675209,lavica,2026-08-08 10:30:23,150.0,2,lavica,2026-08-10 21:02:53
3631,16663864,RamónLópez,2026-08-09 10:09:37,149.9,2,lopeznomar,2026-08-10 21:02:53
3632,16697089,aghbalou Anass,2026-08-09 18:58:52,149.9,1,aghbalouanass,2026-08-10 21:02:53
3633,16662243,Cepeda Braxton,2026-08-04 19:31:54,149.5,2,cepedabraxton,2026-08-10 21:02:53
3634,16669168,Kingsley Jide,2026-08-10 14:36:29,149.2,2,kingsleyjide,2026-08-10 21:02:53
3635,16658898,SRI shiva,2026-08-07 17:21:07,146.9,2,srishiva,2026-08-10 21:02:53
3636,16662334,Andres Beltran,2026-08-04 22:58:11,146.6,2,andresbeltran05,2026-08-10 21:02:53
3637,16659582,Srikanth Adivanna,2026-08-04 11:25:45,146.3,1,srikanthadivanna,2026-08-10 21:02:53
3638,16663240,Rilen T. L.,2026-08-10 15:12:47,145.7,2,rilentl,2026-08-10 21:02:53
3639,16668691,BeltusTebid,2026-08-05 16:01:45,143.9,1,beltustebid,2026-08-10 21:02:53
3640,16669060,Twansss,2026-08-10 05:08:22,142.9,2,twansss,2026-08-10 21:02:53
3641,16677312,Kavuri Sravya,2026-08-06 17:26:57,141.6,1,kavurisravya,2026-08-10 21:02:53
3642,16667489,Cornol Lieto,2026-08-05 12:31:14,140.6,1,lietocornol,2026-08-10 21:02:53
3643,16659817,Viet Anh Ngo ,2026-08-04 10:55:41,139.8,1,vietngogm,2026-08-10 21:02:53
3644,16665345,saurabh10june,2026-08-05 11:53:47,139.7,2,saurabh10june,2026-08-10 21:02:53
3645,16655315,SL,2026-08-10 10:40:48,139.3,2,xndr007,2026-08-10 21:02:53
3646,16658666,VMax Agents,2026-08-04 10:57:49,135.2,1,"akhiildheep,mithun5353",2026-08-10 21:02:53
3647,16656420,Aditya Raj #2,2026-08-07 09:29:18,134.7,2,optimus2005,2026-08-10 21:02:53
3648,16659675,M.Athallah Rafif Aldera,2026-08-06 12:40:14,134.1,2,mathallahrafifaldera,2026-08-10 21:02:53
3649,16658100,Nanda Riansyah,2026-08-04 08:55:54,131.3,2,nandariansyah,2026-08-10 21:02:53
3650,16656753,TAMAL SINGHA ROY,2026-08-05 07:57:48,130.1,2,tamalsingharoy,2026-08-10 21:02:53
3651,16689555,kelvin waruingi,2026-08-09 22:45:23,125.3,2,kelvinwaruingi,2026-08-10 21:02:53
3652,16663694,Dimitri ZABRE,2026-08-07 19:51:35,125.2,2,dimitrizabre,2026-08-10 21:02:53
3653,16640594,Win2207,2026-08-07 12:05:07,124.1,2,win2207,2026-08-10 21:02:53
3654,16640077,larry54321zhao,2026-08-10 07:42:04,123.2,2,larry54321zhao,2026-08-10 21:02:53
3655,16662933,Marcelo Pereira,2026-08-07 11:10:14,120.1,2,marcekkusrp,2026-08-10 21:02:53
3656,16625770,Đức Trung Trần,2026-08-03 07:26:52,119.7,1,ctrungtrn,2026-08-10 21:02:53
3657,16673981,Aarya Jadhav,2026-08-06 09:18:52,118.6,1,aaryajadhav0310,2026-08-10 21:02:53
3658,16700207,S. Mujtaba Hussain,2026-08-10 10:46:40,116.9,1,smujtabahussain,2026-08-10 21:02:53
3659,16684847,M.Harshavardhan Raju,2026-08-09 16:15:49,115.9,2,mharshavardhanraju,2026-08-10 21:02:53
3660,16664822,Prateek Singh,2026-08-05 05:30:22,115.3,2,pra73ek,2026-08-10 21:02:53
3661,16632413,Varun Patil,2026-07-31 18:41:34,115.0,1,varunpatil262005,2026-08-10 21:02:53
3662,16653385,Vasilii Buzmakov,2026-08-10 14:42:22,114.9,2,vasiliibuzmakov,2026-08-10 21:02:53
3663,16644474,Vihaan Ahluwalia,2026-08-05 13:16:21,114.6,2,vihaanahluwalia,2026-08-10 21:02:53
3664,16624064,Hemant Ahlawat,2026-07-31 15:52:56,114.4,2,happyahlawat,2026-08-10 21:02:53
3665,16667339,Victor Chege,2026-08-05 15:02:17,114.3,2,victorchege0,2026-08-10 21:02:53
3666,16663728,Al'Humairah Ali,2026-08-10 17:28:01,114.1,1,alhumairahali,2026-08-10 21:02:53
3667,16676428,wayzhengong27,2026-08-08 06:34:59,114.1,2,"kkkuek,wayzhengong27",2026-08-10 21:02:53
3668,16683075,Manuel lasarte León,2026-08-10 09:42:42,111.2,2,manuellasarte,2026-08-10 21:02:53
3669,16624666,Avik Das,2026-08-01 06:38:21,111.0,2,avikdas567,2026-08-10 21:02:53
3670,16633250,Myst19,2026-08-03 13:25:15,110.3,2,jakeschweikhart,2026-08-10 21:02:53
3671,16668091,Solidscripts.io,2026-08-08 15:26:40,108.7,2,juancamera1,2026-08-10 21:02:53
3672,16696104,Harshit Meesari,2026-08-09 14:31:00,107.9,1,harshitmeesari,2026-08-10 21:02:53
3673,16658702,sherlockwatson007,2026-08-10 08:16:24,107.3,2,sherlockwatson007,2026-08-10 21:02:53
3674,16685888,LeulYT,2026-08-10 05:35:44,106.7,2,leulyt,2026-08-10 21:02:53
3675,16679410,Leke Glean,2026-08-07 17:29:04,106.7,2,lekeglean,2026-08-10 21:02:53
3676,16680428,Surabhi veda,2026-08-07 01:49:35,106.6,1,surabhiveda,2026-08-10 21:02:53
3677,16666218,sugan Chandrasekar,2026-08-10 13:06:47,100.8,2,suganchandrasekar,2026-08-10 21:02:53
3678,16654087,Gabriela_Fernandes4,2026-08-04 19:12:33,100.6,1,gabrielafernandes4,2026-08-10 21:02:53
3679,16662204,Sagar_Mane104,2026-08-10 06:59:50,99.1,2,sagarmane104,2026-08-10 21:02:53
3680,16679250,srskat,2026-08-09 10:57:52,98.2,2,srskat,2026-08-10 21:02:53
3681,16659501,Duckey,2026-08-04 13:02:16,97.5,2,bokangletsapo,2026-08-10 21:02:53
3682,16669011,Siddiqui Rehan Ahmed Furqan,2026-08-07 05:24:38,94.8,2,siddiquirehanahmed,2026-08-10 21:02:53
3683,16633932,omikbop,2026-08-02 12:36:52,93.8,2,omikbop,2026-08-10 21:02:53
3684,16661152,Dr.Abdulbaset Musleh,2026-08-10 14:14:39,92.5,2,drabdulbasetaledresi,2026-08-10 21:02:53
3685,16673732,Async Null,2026-08-06 16:55:26,90.9,1,asyncnull,2026-08-10 21:02:53
3686,16679847,Julio Contreras,2026-08-06 23:21:11,83.6,2,juliocontreras,2026-08-10 21:02:53
3687,16654026,joju shaji,2026-08-09 16:36:43,80.9,2,jojushaji,2026-08-10 21:02:53
3688,16662922,BrandonDucar,2026-08-05 16:38:12,78.3,2,brandonducar,2026-08-10 21:02:53
3689,16691542,Tushar_SVC,2026-08-09 10:39:06,77.7,2,tusharsvc,2026-08-10 21:02:53
3690,16656777,Salam Alqerem,2026-08-09 10:13:07,77.4,2,salamalqerem,2026-08-10 21:02:53
3691,16636333,xiaoyang66,2026-08-01 12:56:01,74.6,1,kennethhao8,2026-08-10 21:02:53
3692,16670724,Neel Patel,2026-08-09 21:40:55,71.7,2,n33lpat3l,2026-08-10 21:02:53
3693,16644439, علي ساجد,2026-08-02 21:40:07,71.4,2,jdvdjdv97171ushd,2026-08-10 21:02:53
3694,16689681,Prakash Rajan,2026-08-09 16:37:56,71.1,2,prakashai,2026-08-10 21:02:53
3695,16695221,Muhammad Daud Abbas,2026-08-10 13:13:36,68.1,1,muhammaddaudabbas,2026-08-10 21:02:53
3696,16683041,Abhishektyagi649,2026-08-07 08:37:09,47.1,2,abhishektyagi649,2026-08-10 21:02:53
3697,16659057,Jolvin James,2026-08-07 08:04:22,44.5,2,jolvinjames,2026-08-10 21:02:53
3698,16657568,Manpreet Singh,2026-08-08 13:45:41,40.4,2,manpreet1994,2026-08-10 21:02:53
3699,16659881,SantosR,2026-08-07 11:15:48,4.8,2,santosr,2026-08-10 21:02:53
3700,16657035,Christvin Mathew,2026-08-04 08:55:56,-3.4,2,christvinmathew,2026-08-10 21:02:53
3701,16692837,Sai Uttam Gite,2026-08-09 11:36:32,-8.1,1,saiuttamgite,2026-08-10 21:02:53
3702,16659864,Twin Titans,2026-08-08 07:50:33,-9.9,2,"sivahokage,solaisararaju",2026-08-10 21:02:53
3703,16668701,Nihal Jamadar,2026-08-09 04:28:26,-29.3,2,nihaljamadar313,2026-08-10 21:02:53
3704,16660261,YO_ONE CHAUHAN,2026-08-08 23:49:54,-39.2,2,yoonechauhan,2026-08-10 21:02:53
3705,16665495,sai chand Boppudi,2026-08-07 04:19:58,-41.0,2,saichandboppudi,2026-08-10 21:02:53
3706,16675801,Neeraj Jha,2026-08-06 13:43:18,-49.1,1,neerajjha1996,2026-08-10 21:02:53
3707,16657674,karthik Reddy Karri,2026-08-04 13:49:20,-72.3,2,"karthikreddykarri,kovvurisaimohanreddy",2026-08-10 21:02:53
